epoch,batch,loss_group:0,loss_group:1,loss_avg,acc_group:0,acc_group:1,acc_avg,objective,alpha_group:0,alpha_group:1,count_group:0,count_group:1,count
0,50,0.7876037359237671,0.3038070797920227,0.5423792141675947,0.5133079886436462,0.9112206697463989,0.7149999999999997,0.4399494418501854,0.29415449500083923,0.7058602571487427,789.0,811.0,1600
0,100,0.2933986186981201,0.09731142222881317,0.19449716091156008,0.8738964200019836,0.9888473749160767,0.9318749999999999,0.1537752369046211,0.29652851819992065,0.7035790085792542,793.0,807.0,1600
0,150,0.17574280500411987,0.05746394768357277,0.1183775699138641,0.9356794953346252,0.9922680258750916,0.963125,0.09347143039107318,0.30143457651138306,0.6984836459159851,824.0,776.0,1600
0,200,0.1166846975684166,0.046522609889507294,0.08142823297530408,0.9610552787780762,0.9937810897827148,0.9775,0.06574282813817262,0.3032914102077484,0.6967450976371765,796.0,804.0,1600
0,250,0.09003306925296783,0.028392137959599495,0.05813388131558895,0.9702072739601135,0.9975845813751221,0.9843750000000002,0.048214210607111445,0.3045143783092499,0.695412278175354,772.0,828.0,1600
0,300,0.08276127278804779,0.025877920910716057,0.05460401497781276,0.9690592885017395,0.9987372756004333,0.98375,0.04269575918093324,0.3068544566631317,0.6931446194648743,808.0,792.0,1600
0,350,0.05873085930943489,0.017977096140384674,0.03901622725650667,0.9806296229362488,1.0,0.9899999999999997,0.031036258488893496,0.309555321931839,0.6904444098472595,826.0,774.0,1600
0,400,0.05597010627388954,0.018771041184663773,0.03644059316255151,0.9802631735801697,1.0,0.9906250000000001,0.02995212363079189,0.3120407164096832,0.6879697442054749,760.0,840.0,1600
0,450,0.05705634132027626,0.017016958445310593,0.03656118027865886,0.9833548665046692,0.9987789392471313,0.9912499999999997,0.02933176156133411,0.3131674826145172,0.6868258714675903,781.0,819.0,1600
0,500,0.039409272372722626,0.0166908111423254,0.027794464100152235,0.9846546053886414,1.0,0.9924999999999998,0.023623815476894374,0.3136046826839447,0.6864056587219238,782.0,818.0,1600
0,550,0.043424900621175766,0.01419167872518301,0.028461147453635934,0.9910371899604797,1.0,0.9956249999999996,0.02312454612925648,0.31350216269493103,0.6864749193191528,781.0,819.0,1600
0,600,0.03672141954302788,0.014002153649926186,0.025248191952705386,0.9886364340782166,1.0,0.9943749999999998,0.021051302496343852,0.31441280245780945,0.6855655908584595,792.0,808.0,1600
0,650,0.04528103023767471,0.016006935387849808,0.03095502841286361,0.9914320707321167,1.0,0.9956249999999999,0.025811172332614644,0.31506994366645813,0.6849308013916016,817.0,783.0,1600
0,700,0.05251624062657356,0.014005371369421482,0.032996038654819135,0.9847909808158875,1.0,0.9925000000000002,0.02650574194267392,0.31642499566078186,0.6835995316505432,789.0,811.0,1600
0,750,0.05046505481004715,0.018134906888008118,0.033309865593910214,0.9840213656425476,0.9988221526145935,0.9918749999999997,0.029627951625734558,0.3172476887702942,0.6827081441879272,751.0,849.0,1600
0,800,0.03619267791509628,0.016109980642795563,0.025937948487699026,0.9885057210922241,1.0,0.9943749999999998,0.022115725893527276,0.31749242544174194,0.6825268268585205,783.0,817.0,1600
0,850,0.041772857308387756,0.014189768582582474,0.02780891681089997,0.9860756993293762,1.0,0.993125,0.022709436286240812,0.31711408495903015,0.6829239726066589,790.0,810.0,1600
0,900,0.03567826375365257,0.013343919068574905,0.024874024428427212,0.9939466714859009,1.0,0.996875,0.019887500479817386,0.3171817660331726,0.6828088164329529,826.0,774.0,1600
0,950,0.03281465917825699,0.014255369082093239,0.023256629388779395,0.9935566782951355,1.0,0.9968750000000002,0.02027536761946975,0.3169574439525604,0.6830571889877319,776.0,824.0,1600
0,1000,0.036422573029994965,0.014614741317927837,0.025818521138280634,0.9902675151824951,1.0,0.9950000000000001,0.021289061121642586,0.3160969614982605,0.6839132905006409,822.0,778.0,1600
0,1050,0.02747088484466076,0.014985382556915283,0.02114229457452893,0.997465193271637,1.0,0.9987499999999999,0.018771549910306915,0.3152274787425995,0.6847817301750183,789.0,811.0,1600
0,1100,0.03984450548887253,0.017915014177560806,0.02849599651992321,0.9896371960639954,0.9987921714782715,0.994375,0.025252039209008217,0.3141437768936157,0.6858395934104919,772.0,828.0,1600
0,1150,0.04541826248168945,0.019192053005099297,0.031829806882888084,0.9896239638328552,1.0,0.9949999999999999,0.027362109255045647,0.31306642293930054,0.6869159936904907,771.0,829.0,1600
0,1200,0.04445185884833336,0.017888827249407768,0.03131975304335355,0.9913474321365356,1.0,0.9956250000000002,0.02610386043787003,0.3122100830078125,0.6877928376197815,809.0,791.0,1600
0,1250,0.044934213161468506,0.017901912331581116,0.031823543179780235,0.9902912378311157,1.0,0.995,0.026280707977712144,0.311798095703125,0.6882171630859375,824.0,776.0,1600
0,1300,0.03672294691205025,0.017811095342040062,0.02733793972060085,0.995037317276001,1.0,0.9974999999999998,0.023730547744780766,0.31052306294441223,0.689477264881134,806.0,794.0,1600
0,1350,0.045412711799144745,0.01836482621729374,0.031161858011037123,0.9894320964813232,1.0,0.995,0.02730290208011865,0.31031790375709534,0.6896599531173706,757.0,843.0,1600
0,1400,0.046813540160655975,0.01886424422264099,0.032227500490844246,0.9921568036079407,1.0,0.9962500000000001,0.027400041148066517,0.3091876804828644,0.6907951831817627,765.0,835.0,1600
0,1450,0.048531413078308105,0.020316746085882187,0.03447698414325713,0.9937734603881836,1.0,0.9968750000000001,0.029324108287692056,0.308859258890152,0.6911433935165405,803.0,797.0,1600
0,1500,0.05389687791466713,0.022611064836382866,0.03887968387454747,0.9855768084526062,1.0,0.9925,0.032710825204849255,0.30879926681518555,0.691184401512146,832.0,768.0,1600
0,1550,0.0564042404294014,0.02337055467069149,0.039825460873544216,0.9912171363830566,0.998754620552063,0.995,0.03414909493178128,0.3081030249595642,0.6918866038322449,797.0,803.0,1600
0,1563,0.04978743568062782,0.026131615042686462,0.03822632119022216,0.9901961088180542,0.9948717355728149,0.9924812030075185,0.033582773050269986,0.3067648410797119,0.6932410597801208,204.0,195.0,399
1,50,0.04351096972823143,0.022097142413258553,0.03254976820200685,0.9935979247093201,1.0,0.9968750000000001,0.028476064614951602,0.3054598271846771,0.6944446563720703,781.0,819.0,1600
1,100,0.056446708738803864,0.023645438253879547,0.04002557069063187,0.9912391304969788,0.9987515211105347,0.9950000000000001,0.03350204251706599,0.3029564321041107,0.6969667077064514,799.0,801.0,1600
1,150,0.052355729043483734,0.027604006230831146,0.04002627380192278,0.9912827610969543,1.0,0.9956249999999998,0.03501881547272205,0.30025243759155273,0.6997277140617371,803.0,797.0,1600
1,200,0.06272400915622711,0.026044975966215134,0.04459081098437307,0.988875150680542,0.9987357258796692,0.9937499999999998,0.036928183585405346,0.29803112149238586,0.7019464373588562,809.0,791.0,1600
1,250,0.056787945330142975,0.027256611734628677,0.04172695823013781,0.9936224818229675,0.9987745881080627,0.9962499999999999,0.03553272251039742,0.2960450351238251,0.7039602994918823,784.0,816.0,1600
1,300,0.060292575508356094,0.029995376244187355,0.04491675276309252,0.9885786175727844,1.0,0.994375,0.03854247111827133,0.2928192913532257,0.7070819139480591,788.0,812.0,1600
1,350,0.07146251201629639,0.03337346017360687,0.051965665034949766,0.9897568225860596,0.9987788796424866,0.9943749999999999,0.04377673409879206,0.2891753613948822,0.7108476758003235,781.0,819.0,1600
1,400,0.07957293093204498,0.03510052710771561,0.05750349286943672,0.9888337254524231,0.9974810481071472,0.9931249999999997,0.04752892680466176,0.2859078645706177,0.7140886187553406,806.0,794.0,1600
1,450,0.08285575360059738,0.04004785418510437,0.06198688432574272,0.9865853786468506,0.997435986995697,0.991875,0.05162635006010529,0.2829258143901825,0.717043936252594,820.0,780.0,1600
1,500,0.07276216894388199,0.035108473151922226,0.0532057788223028,0.9934981465339661,1.0,0.996875,0.04518184177577495,0.2786599397659302,0.721360981464386,769.0,831.0,1600
1,550,0.08494909852743149,0.04086564481258392,0.06287982031702992,0.987484335899353,1.0,0.99375,0.05273663982748984,0.27449169754981995,0.7255387306213379,799.0,801.0,1600
1,600,0.07622021436691284,0.037541378289461136,0.05705002099275589,0.9888476133346558,1.0,0.9943749999999998,0.048205390945076934,0.2701141834259033,0.7298275232315063,807.0,793.0,1600
1,650,0.07908675819635391,0.038930561393499374,0.058732592165470124,0.9936628341674805,1.0,0.9968749999999997,0.04926495544612406,0.2652241885662079,0.7348935604095459,789.0,811.0,1600
1,700,0.12512753903865814,0.05262909084558487,0.08878769233822822,0.9724310040473938,0.9987530708312988,0.9856250000000002,0.0703436630219221,0.2602803409099579,0.7396039366722107,798.0,802.0,1600
1,750,0.15341007709503174,0.056483469903469086,0.1047044666856527,0.9597989916801453,0.9975124001502991,0.9787500000000001,0.08137496076524257,0.25889459252357483,0.7410702109336853,796.0,804.0,1600
1,800,0.10600703954696655,0.050221167504787445,0.07710298180580134,0.9870299696922302,0.9987938404083252,0.993125,0.06431999161839483,0.2561299800872803,0.7438275814056396,771.0,829.0,1600
1,850,0.10205394774675369,0.05042417719960213,0.07749752670526502,0.9845053553581238,1.0,0.991875,0.06289183437824249,0.2513633966445923,0.7486355304718018,839.0,761.0,1600
1,900,0.1302167773246765,0.05615033954381943,0.09230400383472438,0.9782330989837646,0.9987790584564209,0.9887500000000001,0.07368042789399619,0.24676494300365448,0.7533011436462402,781.0,819.0,1600
1,950,0.12466583400964737,0.05550319701433182,0.08952256336808209,0.982211172580719,1.0,0.9912500000000002,0.07149362199008458,0.24205145239830017,0.758059561252594,787.0,813.0,1600
1,1000,0.11845976114273071,0.05710200220346451,0.0875507988035679,0.982367753982544,1.0,0.9912500000000001,0.07155320048332212,0.2349073588848114,0.7649965882301331,794.0,806.0,1600
1,1050,0.14374865591526031,0.05851870775222778,0.10065426111221312,0.9810366630554199,1.0,0.9906250000000002,0.0776989863812923,0.2293028086423874,0.7706742286682129,791.0,809.0,1600
1,1100,0.13557648658752441,0.055568575859069824,0.09692265212535857,0.9866986870765686,1.0,0.9931249999999998,0.07357403397560118,0.22573356330394745,0.7743549346923828,827.0,773.0,1600
1,1150,0.15689118206501007,0.059541065245866776,0.10991976633667944,0.97826087474823,0.998704731464386,0.9881249999999999,0.08094217114150522,0.22111685574054718,0.7789636254310608,828.0,772.0,1600
1,1200,0.20278896391391754,0.07999397069215775,0.14070073008537293,0.9469027519226074,0.9950554966926575,0.97125,0.10770059645175932,0.21867939829826355,0.7812751531600952,791.0,809.0,1600
1,1250,0.17156946659088135,0.07638974487781525,0.12427703350782396,0.96273273229599,0.99622642993927,0.979375,0.09656462267041198,0.21560685336589813,0.7843767404556274,805.0,795.0,1600
1,1300,0.17609499394893646,0.06850447505712509,0.12270321294665333,0.9764266610145569,1.0,0.9881250000000001,0.0916458500921726,0.21001993119716644,0.7898693680763245,806.0,794.0,1600
1,1350,0.16798287630081177,0.06959415227174759,0.11995689108967772,0.9816849231719971,0.9987198710441589,0.9900000000000001,0.08885078832507128,0.20526741445064545,0.7947395443916321,819.0,781.0,1600
1,1400,0.18703749775886536,0.07044921070337296,0.12976350694894787,0.970515787601471,1.0,0.985,0.09301477029919622,0.19973424077033997,0.800254225730896,814.0,786.0,1600
1,1450,0.19690333306789398,0.07479964941740036,0.13661464855074887,0.9740740656852722,0.9987341165542603,0.98625,0.09926925897598263,0.1962663233280182,0.8036554455757141,810.0,790.0,1600
1,1500,0.20119811594486237,0.07503741979598999,0.1403255559504032,0.9746377468109131,0.9974093437194824,0.9856249999999999,0.09889825329184533,0.1920587569475174,0.8079812526702881,828.0,772.0,1600
1,1550,0.20251543819904327,0.07530909031629562,0.13915078669786451,0.9726026654243469,1.0,0.9862499999999998,0.0986006592214107,0.18638621270656586,0.8136061429977417,803.0,797.0,1600
1,1563,0.1958944946527481,0.08457759022712708,0.1370276674665604,0.9680851697921753,1.0,0.9849624060150377,0.10577007416719779,0.18435686826705933,0.8155723810195923,188.0,211.0,399
2,50,0.2346736043691635,0.08864448964595795,0.15928607076406476,0.9547803401947021,0.9951573610305786,0.9756249999999999,0.11370862051844595,0.1816762238740921,0.8183104991912842,774.0,826.0,1600
2,100,0.24368774890899658,0.08744892477989197,0.16566597431898114,0.9475656747817993,0.9962452054023743,0.9718750000000002,0.11507908001542096,0.18085859715938568,0.8191354870796204,801.0,799.0,1600
2,150,0.25497251749038696,0.08970478177070618,0.17306171894073488,0.9479554891586304,0.9974778294563293,0.9724999999999999,0.11791648700833318,0.17816153168678284,0.8218808770179749,807.0,793.0,1600
2,200,0.23621593415737152,0.08744024485349655,0.16229301109910008,0.9614906907081604,0.9987421035766602,0.9800000000000002,0.11286582723259926,0.1731414496898651,0.8268159031867981,805.0,795.0,1600
2,250,0.21692855656147003,0.08156295865774155,0.15136086121201509,0.9793939590454102,0.9987096786499023,0.9887500000000001,0.10371151506900786,0.17063304781913757,0.8293051719665527,825.0,775.0,1600
2,300,0.22561228275299072,0.0808042511343956,0.1513076448440552,0.9794608950614929,1.0,0.9899999999999998,0.10422518953680991,0.16551001369953156,0.8346541523933411,779.0,821.0,1600
2,350,0.24926705658435822,0.08530447632074356,0.16769569218158717,0.9589552283287048,0.9987437129020691,0.9787499999999999,0.11030819863080976,0.16096393764019012,0.8390474319458008,804.0,796.0,1600
2,400,0.2502742111682892,0.08896628767251968,0.16709981888532635,0.9587097764015198,1.0,0.9800000000000002,0.11380362853407859,0.158903568983078,0.8411300778388977,775.0,825.0,1600
2,450,0.32788246870040894,0.1004355177283287,0.2137325155735016,0.904642641544342,0.9950186610221863,0.9499999999999998,0.13814582020044316,0.16002720594406128,0.8399625420570374,797.0,803.0,1600
2,500,0.2516533434391022,0.08718205988407135,0.17075402975082393,0.9630997180938721,1.0,0.9812500000000002,0.11287700936198233,0.160257026553154,0.8397423624992371,813.0,787.0,1600
2,550,0.27040740847587585,0.09019792824983597,0.18187948852777475,0.94963139295578,0.9987277388572693,0.9737500000000003,0.11821419835090641,0.15947933495044708,0.8405466079711914,814.0,786.0,1600
2,600,0.269907683134079,0.09398756176233292,0.18007847249507905,0.9501914381980896,0.9975520372390747,0.9743750000000002,0.12198211789131162,0.1591227799654007,0.8408712148666382,783.0,817.0,1600
2,650,0.2397042065858841,0.08662629872560501,0.16306957185268398,0.9774718284606934,1.0,0.9887499999999999,0.10956300556659698,0.15554963052272797,0.8443810939788818,799.0,801.0,1600
2,700,0.30892786383628845,0.09588544815778732,0.20799900442361824,0.9228028655052185,0.9947230219841003,0.9568749999999999,0.12712862178683276,0.15392011404037476,0.8461552262306213,842.0,758.0,1600
2,750,0.2822105586528778,0.09117104858160019,0.186213243305683,0.9484926462173462,1.0,0.9743749999999998,0.1205539557337761,0.15409402549266815,0.8459323644638062,796.0,804.0,1600
2,800,0.25747203826904297,0.09015993773937225,0.17245656996965414,0.963151216506958,0.9987700581550598,0.9812500000000001,0.11514894485473634,0.15100064873695374,0.8489660620689392,787.0,813.0,1600
2,850,0.24957820773124695,0.08877988904714584,0.1673700675368309,0.968030571937561,1.0,0.9843749999999999,0.11181412279605861,0.1480366587638855,0.8518964648246765,782.0,818.0,1600
2,900,0.25398582220077515,0.08787231147289276,0.16760682106018066,0.9674478769302368,1.0,0.9843750000000001,0.11097569003701206,0.1434856653213501,0.8564504981040955,768.0,832.0,1600
2,950,0.28147947788238525,0.09069439768791199,0.18525225698947906,0.9495585560798645,1.0,0.9749999999999999,0.11654886603355406,0.14137651026248932,0.858597993850708,793.0,807.0,1600
2,1000,0.26794004440307617,0.09002631902694702,0.17620324730873102,0.9600000381469727,1.0,0.9806250000000001,0.11467232763767242,0.13928985595703125,0.860689640045166,775.0,825.0,1600
2,1050,0.27008259296417236,0.08540847152471542,0.17716842979192726,0.9660378694534302,1.0,0.9831250000000002,0.11025935977697371,0.13763883709907532,0.8623551726341248,795.0,805.0,1600
2,1100,0.24864162504673004,0.08458816260099411,0.16548701077699657,0.9759188890457153,1.0,0.9881250000000001,0.10553281888365745,0.13470245897769928,0.8652990460395813,789.0,811.0,1600
2,1150,0.2692311406135559,0.08950778841972351,0.1755503222346305,0.966057538986206,1.0,0.9837499999999998,0.11251205071806905,0.1310228407382965,0.8690182566642761,766.0,834.0,1600
2,1200,0.287851482629776,0.08549688011407852,0.19135361701250075,0.9545997381210327,1.0,0.9762500000000003,0.11090323626995081,0.13050705194473267,0.8695456385612488,837.0,763.0,1600
2,1250,0.2959948480129242,0.0901767835021019,0.19282856762409212,0.947368323802948,0.9975062608718872,0.9724999999999997,0.11648499011993409,0.13100486993789673,0.8690308928489685,798.0,802.0,1600
2,1300,0.3183462619781494,0.09827107191085815,0.20748340785503377,0.9231738448143005,0.9962778687477112,0.9600000000000001,0.12590050399303432,0.13353319466114044,0.8665267825126648,794.0,806.0,1600
2,1350,0.2715202569961548,0.08809760957956314,0.18141382724046703,0.9594593644142151,1.0,0.979375,0.11170134842395782,0.1329081654548645,0.8671042919158936,814.0,786.0,1600
2,1400,0.3075878918170929,0.09203546494245529,0.19819502234458922,0.9390861988067627,1.0,0.9699999999999998,0.12016675457358354,0.13211968541145325,0.8678531646728516,788.0,812.0,1600
2,1450,0.2770119905471802,0.08617226779460907,0.18314272701740253,0.9618697166442871,1.0,0.9806250000000001,0.11121228635311123,0.1333935707807541,0.8665866851806641,813.0,787.0,1600
2,1500,0.2681242525577545,0.08482134342193604,0.18105536013841628,0.9690476059913635,1.0,0.98375,0.10751922875642773,0.1315300613641739,0.8685105443000793,840.0,760.0,1600
2,1550,0.32873284816741943,0.0998334288597107,0.2094190400838851,0.915143609046936,0.9964027404785156,0.9574999999999999,0.12890438526868822,0.13186602294445038,0.8681249022483826,766.0,834.0,1600
2,1563,0.38005390763282776,0.11155854165554047,0.24883439479615155,0.892156720161438,0.9948717951774597,0.9423558897243107,0.14695674263146286,0.13437381386756897,0.8656566143035889,204.0,195.0,399
3,50,0.3975023627281189,0.11067316681146622,0.2465584778785706,0.8746702671051025,0.9952493906021118,0.938125,0.14863657325506213,0.14170414209365845,0.8582772016525269,758.0,842.0,1600
3,100,0.2681683897972107,0.09460216015577316,0.17910725027322769,0.9614889621734619,0.9987819790840149,0.980625,0.11937798887491226,0.14296942949295044,0.8570218682289124,779.0,821.0,1600
3,150,0.31609705090522766,0.09294789284467697,0.20577767997980115,0.9320151209831238,0.9974714517593384,0.964375,0.12375988557934761,0.14240646362304688,0.8576005101203918,809.0,791.0,1600
3,200,0.26482459902763367,0.09123780578374863,0.17553589910268783,0.9575288891792297,1.0,0.9793749999999998,0.11564613789319991,0.14197932183742523,0.8580715656280518,777.0,823.0,1600
3,250,0.27526137232780457,0.08570144325494766,0.185694319307804,0.9597156047821045,1.0,0.9787500000000001,0.11167976215481756,0.14103810489177704,0.8589885234832764,844.0,756.0,1600
3,300,0.31185975670814514,0.10346329212188721,0.2016701477766037,0.9204244017601013,0.9929077625274658,0.9587500000000002,0.1322584481537342,0.13982143998146057,0.8601924777030945,754.0,846.0,1600
3,350,0.3404098153114319,0.10421783477067947,0.22113288521766658,0.9027776718139648,0.9950494766235352,0.9493749999999995,0.13675837561488152,0.14122535288333893,0.8587986826896667,792.0,808.0,1600
3,400,0.30854514241218567,0.10227371752262115,0.20063943266868592,0.9279159903526306,0.9964157342910767,0.9637499999999999,0.13030196368694302,0.14259149134159088,0.8574322462081909,763.0,837.0,1600
3,450,0.2868375778198242,0.09031794965267181,0.18956034749746323,0.9467822313308716,0.9987373948097229,0.9724999999999998,0.11686761021614075,0.14218851923942566,0.8577988743782043,808.0,792.0,1600
3,500,0.24873338639736176,0.08457281440496445,0.16572970509529106,0.9772440791130066,1.0,0.9887499999999999,0.10590499073266985,0.13844354450702667,0.8615188598632812,791.0,809.0,1600
3,550,0.2610326111316681,0.08709480613470078,0.1737375938892364,0.9573398232460022,1.0,0.9787500000000001,0.1102119259536266,0.13545648753643036,0.8645157217979431,797.0,803.0,1600
3,600,0.3250303268432617,0.09616418182849884,0.20888075321912766,0.920050859451294,1.0,0.9606250000000002,0.12639558121562003,0.1360841542482376,0.8639025092124939,788.0,812.0,1600
3,650,0.30315810441970825,0.09451937675476074,0.19949071526527407,0.9279503226280212,0.99622642993927,0.9618750000000001,0.123826050311327,0.13997682929039001,0.8599892854690552,805.0,795.0,1600
3,700,0.2789658308029175,0.09362173825502396,0.18200774043798448,0.944953978061676,0.9988052845001221,0.9731250000000002,0.11904421359300615,0.14166375994682312,0.8583294153213501,763.0,837.0,1600
3,750,0.27747902274131775,0.08939182013273239,0.1821422937512398,0.9480355381965637,1.0,0.9743749999999999,0.1143137219548225,0.14015184342861176,0.8598140478134155,789.0,811.0,1600
3,800,0.2645583748817444,0.08628673106431961,0.17687100738286976,0.9643296003341675,1.0,0.9818750000000002,0.11007592722773547,0.1392355114221573,0.8607808947563171,813.0,787.0,1600
3,850,0.2785857319831848,0.08913740515708923,0.18469041496515265,0.9591078758239746,1.0,0.9793750000000001,0.11391931027173995,0.1387292593717575,0.861285924911499,807.0,793.0,1600
3,900,0.27013322710990906,0.08800975978374481,0.17554285019636148,0.9570870399475098,1.0,0.9793750000000001,0.11280830442905422,0.13886189460754395,0.8611626029014587,769.0,831.0,1600
3,950,0.27134600281715393,0.09361276030540466,0.18003559321165089,0.9537274241447449,0.9987834095954895,0.9768749999999997,0.11690833196043969,0.13806775212287903,0.861930251121521,778.0,822.0,1600
3,1000,0.27215999364852905,0.08714074641466141,0.1789565747976303,0.9622165560722351,0.998759388923645,0.9806250000000002,0.11185551151633262,0.13752920925617218,0.8624640107154846,794.0,806.0,1600
3,1050,0.3198438882827759,0.09093362838029861,0.20681944847106934,0.917283833026886,1.0,0.958125,0.12208293110132215,0.13903747498989105,0.8609619736671448,810.0,790.0,1600
3,1100,0.2985050082206726,0.091159388422966,0.19638731330633163,0.9310344457626343,1.0,0.9650000000000001,0.11937847822904585,0.14158214628696442,0.8584062457084656,812.0,788.0,1600
3,1150,0.2768273651599884,0.08843349665403366,0.18698703914880746,0.9450418949127197,0.9986893534660339,0.9706249999999998,0.11451295658946035,0.1420288383960724,0.857951819896698,837.0,763.0,1600
3,1200,0.3519628643989563,0.1026979461312294,0.2274861779808997,0.893882691860199,0.9937421679496765,0.9437500000000002,0.13794958740472796,0.1464928239583969,0.8532837629318237,801.0,799.0,1600
3,1250,0.3007705509662628,0.09663137048482895,0.19895617902278898,0.9251869916915894,0.9949875473976135,0.9600000000000003,0.12644581675529473,0.15021604299545288,0.8497883081436157,802.0,798.0,1600
3,1300,0.296648234128952,0.09145428985357285,0.19238411456346502,0.9313849210739136,0.9987700581550598,0.9656250000000001,0.12139214769005775,0.15158039331436157,0.8483498692512512,787.0,813.0,1600
3,1350,0.2955804169178009,0.10260678827762604,0.1952341154217719,0.9231769442558289,0.9939903616905212,0.9599999999999997,0.13258093953132624,0.1524917185306549,0.8475120067596436,768.0,832.0,1600
3,1400,0.28183501958847046,0.09067656099796295,0.18398575365543357,0.9436620473861694,0.997558057308197,0.9712500000000001,0.11918410673737526,0.1516406089067459,0.8483399748802185,781.0,819.0,1600
3,1450,0.2767795920372009,0.08943566679954529,0.18240504890680312,0.9370278716087341,1.0,0.96875,0.1167923554778099,0.15226426720619202,0.8476914763450623,794.0,806.0,1600
3,1500,0.25184619426727295,0.08438977599143982,0.1681179457902908,0.9599999785423279,1.0,0.9799999999999999,0.10878092035651205,0.15143486857414246,0.8485927581787109,800.0,800.0,1600
3,1550,0.2401829957962036,0.08380809426307678,0.16287517845630645,0.9629170894622803,1.0,0.9812499999999998,0.1063562262058258,0.14881718158721924,0.8511866927146912,809.0,791.0,1600
3,1563,0.24053479731082916,0.08827733993530273,0.16345206799363732,0.9695432186126709,1.0,0.9849624060150375,0.10947823266785842,0.14686119556427002,0.8531414270401001,197.0,202.0,399
4,50,0.2809770405292511,0.0919879749417305,0.1850650945305824,0.9454314708709717,0.997536838054657,0.9718749999999998,0.11844462782144544,0.14713415503501892,0.8528655767440796,788.0,812.0,1600
4,100,0.2613595426082611,0.08663331717252731,0.17366880312561994,0.9523210525512695,1.0,0.9762500000000001,0.11056671410799025,0.14565995335578918,0.8543426990509033,797.0,803.0,1600
4,150,0.2683361768722534,0.08285804092884064,0.17756780952215187,0.9522644281387329,1.0,0.9756249999999997,0.10925470799207683,0.14513219892978668,0.854842483997345,817.0,783.0,1600
4,200,0.25295764207839966,0.08419888466596603,0.1655195558071136,0.9623864889144897,1.0,0.9818750000000002,0.10749479159712785,0.14303836226463318,0.8569007515907288,771.0,829.0,1600
4,250,0.2489243745803833,0.08127126097679138,0.1647835072875023,0.9636135697364807,1.0,0.9818749999999997,0.10445269674062724,0.14186547696590424,0.8581443428993225,797.0,803.0,1600
4,300,0.2453787624835968,0.08130211383104324,0.16077672734856605,0.9625806212425232,1.0,0.9818749999999996,0.10316237121820451,0.14028461277484894,0.8596914410591125,775.0,825.0,1600
4,350,0.2874053120613098,0.09273882955312729,0.1871520625054836,0.9355671405792236,0.9939320087432861,0.9656249999999998,0.12056474193930623,0.13859900832176208,0.8613640666007996,776.0,824.0,1600
4,400,0.3739643096923828,0.11066848039627075,0.24363285452127445,0.8514851331710815,0.9962120056152344,0.9231249999999999,0.14669741198420527,0.14067979156970978,0.859341025352478,808.0,792.0,1600
4,450,0.3052246868610382,0.09852107614278793,0.19890152126550673,0.9009009599685669,0.9975698590278625,0.950625,0.1262483187019825,0.14014345407485962,0.8598411679267883,777.0,823.0,1600
4,500,0.2974984645843506,0.09394226968288422,0.18923204168677327,0.9078770875930786,0.9988250136375427,0.9562499999999998,0.12309020251035688,0.14017753303050995,0.8598014116287231,749.0,851.0,1600
4,550,0.2511647939682007,0.0856199637055397,0.16725426733493803,0.9429658651351929,1.0,0.971875,0.10849579885601994,0.1405198723077774,0.8594639897346497,789.0,811.0,1600
4,600,0.2609494924545288,0.07907503843307495,0.1722857235372066,0.949999988079071,1.0,0.9743749999999998,0.10440715312957763,0.14011543989181519,0.8598492741584778,820.0,780.0,1600
4,650,0.24627304077148438,0.08075918257236481,0.16206786602735523,0.9643767476081848,1.0,0.9824999999999999,0.10338596358895301,0.13815486431121826,0.8618322014808655,786.0,814.0,1600
4,700,0.2609862983226776,0.08492980897426605,0.17064730674028392,0.957638144493103,1.0,0.9793749999999999,0.10822079807519915,0.13668929040431976,0.8633096218109131,779.0,821.0,1600
4,750,0.24100829660892487,0.08370266109704971,0.15625991448760032,0.9674795269966125,1.0,0.9849999999999999,0.1043628232181072,0.13496600091457367,0.8650063872337341,738.0,862.0,1600
4,800,0.28511810302734375,0.0816381499171257,0.18312380403280254,0.9348370432853699,0.9987530708312988,0.9668749999999998,0.10802710130810735,0.13550853729248047,0.8645042181015015,798.0,802.0,1600
4,850,0.3285335302352905,0.09831158816814423,0.21126419901847834,0.8917196989059448,0.9938650131225586,0.9437499999999996,0.13058235973119744,0.14109010994434357,0.8588494658470154,785.0,815.0,1600
4,900,0.3147840201854706,0.09248730540275574,0.20544177696108817,0.9077491164207458,0.9974587559700012,0.951875,0.12349593415856357,0.14743965864181519,0.8524647355079651,813.0,787.0,1600
4,950,0.2624933421611786,0.08373993635177612,0.1750159019231796,0.9412482976913452,0.997445821762085,0.96875,0.10958060041069985,0.14919620752334595,0.8507645726203918,817.0,783.0,1600
4,1000,0.26647087931632996,0.08713642507791519,0.18061454296112056,0.9532372951507568,0.997389018535614,0.974375,0.11327059000730512,0.1510404348373413,0.8489790558815002,834.0,766.0,1600
4,1050,0.2303430736064911,0.07557924091815948,0.15644335731863973,0.9724881052970886,1.0,0.9856249999999996,0.09782518029212947,0.150188148021698,0.8498783111572266,836.0,764.0,1600
4,1100,0.2750716507434845,0.07929901033639908,0.17926535949110983,0.9351286888122559,1.0,0.9668749999999998,0.108446908891201,0.14872519671916962,0.851294219493866,817.0,783.0,1600
4,1150,0.24880006909370422,0.08484382927417755,0.16497745066881175,0.9552431106567383,1.0,0.9781249999999999,0.10875414624810215,0.15046139061450958,0.8495452404022217,782.0,818.0,1600
4,1200,0.25041109323501587,0.0831640288233757,0.1639652489125728,0.9573091864585876,0.9987908601760864,0.97875,0.10727371245622633,0.14953823387622833,0.8504746556282043,773.0,827.0,1600
4,1250,0.26026028394699097,0.08247469365596771,0.16958963751792905,0.9515304565429688,1.0,0.9762499999999998,0.10753582611680032,0.1490568369626999,0.8509445190429688,784.0,816.0,1600
4,1300,0.2649528980255127,0.0845840722322464,0.1744303257763386,0.9523211121559143,1.0,0.97625,0.11120740666985508,0.1492651253938675,0.8507412672042847,797.0,803.0,1600
4,1350,0.269170880317688,0.08038318157196045,0.1774908472597599,0.9538276791572571,0.9987130761146545,0.975625,0.10850814178586005,0.15029995143413544,0.8496206998825073,823.0,777.0,1600
4,1400,0.2737618386745453,0.09279605746269226,0.18079066500067711,0.939588725566864,0.9987834095954895,0.9700000000000001,0.11979020804166791,0.15262526273727417,0.8473700284957886,778.0,822.0,1600
4,1450,0.2644686996936798,0.08407555520534515,0.17167896300554272,0.9433718919754028,0.9987848997116089,0.9718750000000002,0.11105713173747057,0.15212666988372803,0.8478190302848816,777.0,823.0,1600
4,1500,0.29374611377716064,0.09137900918722153,0.19129780516028402,0.9101265072822571,1.0,0.9556250000000002,0.12189284816384315,0.15513639152050018,0.8448231816291809,790.0,810.0,1600
4,1550,0.2613331079483032,0.08439358323812485,0.17131514698266984,0.9414758682250977,1.0,0.9712499999999998,0.11298702910542482,0.15667009353637695,0.8433459401130676,786.0,814.0,1600
4,1563,0.3030044138431549,0.0835999846458435,0.19632659034621447,0.9317072033882141,1.0,0.9649122832413005,0.1178653888535081,0.15864816308021545,0.841346263885498,205.0,194.0,399
5,50,0.2289779633283615,0.0802161693572998,0.15729338169097895,0.9662245512008667,1.0,0.9824999999999998,0.10339977383613584,0.15888293087482452,0.8411186337471008,829.0,771.0,1600
5,100,0.2403414100408554,0.07795361429452896,0.16168484777212133,0.9563636183738708,1.0,0.9774999999999999,0.10248277202248574,0.15662996470928192,0.8433807492256165,825.0,775.0,1600
5,150,0.23297329246997833,0.0796981230378151,0.158539074063301,0.959902822971344,1.0,0.9793749999999999,0.1045265386998653,0.15568265318870544,0.8442378044128418,823.0,777.0,1600
5,200,0.23311369121074677,0.07879576832056046,0.15499028727412223,0.9645569920539856,1.0,0.9824999999999999,0.10259429499506947,0.1546471118927002,0.8453462719917297,790.0,810.0,1600
5,250,0.27505484223365784,0.08622162789106369,0.18252652645111084,0.9448530673980713,0.9961735010147095,0.97,0.11589371308684349,0.1545804888010025,0.8453638553619385,816.0,784.0,1600
5,300,0.2946830987930298,0.0933959037065506,0.1925298364460468,0.9276651740074158,0.9950739741325378,0.9618749999999998,0.12313870534300808,0.15531782805919647,0.8447257876396179,788.0,812.0,1600
5,350,0.3571144938468933,0.10846995562314987,0.23496788650751105,0.8624078631401062,0.988549530506134,0.9243750000000001,0.14689292639493945,0.15782633423805237,0.8420932292938232,814.0,786.0,1600
5,400,0.28887802362442017,0.0894261971116066,0.19314117833971975,0.9158655405044556,0.9973958134651184,0.9550000000000001,0.12035695537924768,0.15990331768989563,0.8400635123252869,832.0,768.0,1600
5,450,0.2538064122200012,0.08466164767742157,0.17145407617092132,0.9476247429847717,1.0,0.9731249999999998,0.11067410707473752,0.15886051952838898,0.8411539793014526,821.0,779.0,1600
5,500,0.27967631816864014,0.08816871047019958,0.18368312671780584,0.9298244714736938,0.998753011226654,0.964375,0.11829469114542007,0.15950414538383484,0.8405730724334717,798.0,802.0,1600
5,550,0.2821367084980011,0.09090664237737656,0.1853264537453651,0.929114043712616,0.9962962865829468,0.9631249999999998,0.12083818852901457,0.16189482808113098,0.8381235003471375,790.0,810.0,1600
5,600,0.23938822746276855,0.08408138155937195,0.16241426020860666,0.9591078758239746,1.0,0.9793750000000001,0.10838144749402999,0.16057440638542175,0.8394176959991455,807.0,793.0,1600
5,650,0.22682297229766846,0.07835942506790161,0.15212723582983015,0.9635219573974609,1.0,0.9818749999999997,0.10140823289752006,0.1587829291820526,0.8412059545516968,795.0,805.0,1600
5,700,0.23046734929084778,0.0740044116973877,0.15507178246974948,0.9638118743896484,1.0,0.9812500000000001,0.09699464485049247,0.15641120076179504,0.843483030796051,829.0,771.0,1600
5,750,0.23034818470478058,0.08008095622062683,0.1551206377148628,0.9637046456336975,1.0,0.9818750000000002,0.1027733005583286,0.15503141283988953,0.8449850678443909,799.0,801.0,1600
5,800,0.24897418916225433,0.07996729761362076,0.163203207552433,0.9441624283790588,0.9987684488296509,0.971875,0.10448459804058076,0.1532352864742279,0.8467175364494324,788.0,812.0,1600
5,850,0.2528119385242462,0.09049494564533234,0.16546507790684695,0.9377536773681641,0.9988386034965515,0.970625,0.11582208171486853,0.15336760878562927,0.8466543555259705,739.0,861.0,1600
5,900,0.2771642208099365,0.09017530083656311,0.18507222756743424,0.9310343861579895,0.9961929321289062,0.963125,0.11988692969083783,0.15561413764953613,0.8444065451622009,812.0,788.0,1600
5,950,0.24229462444782257,0.08167145401239395,0.15836901754140853,0.9476442337036133,0.9988037943840027,0.9743749999999999,0.10617302432656286,0.15699276328086853,0.843060314655304,764.0,836.0,1600
5,1000,0.23145459592342377,0.07804848253726959,0.15503917783498758,0.9589042067527771,1.0,0.9793750000000001,0.10235182732343671,0.1560775488615036,0.8439213037490845,803.0,797.0,1600
5,1050,0.23237013816833496,0.07891994714736938,0.15641228914260868,0.962871253490448,1.0,0.9812500000000003,0.1017701491713524,0.1547820270061493,0.8452431559562683,808.0,792.0,1600
5,1100,0.22027018666267395,0.07810260355472565,0.14820902213454246,0.9708492755889893,1.0,0.985625,0.09995635718107221,0.1525837630033493,0.8474416732788086,789.0,811.0,1600
5,1150,0.24648834764957428,0.0770847275853157,0.15935134947299956,0.9510940313339233,1.0,0.9762499999999998,0.10180344372987742,0.15230530500411987,0.8477398157119751,777.0,823.0,1600
5,1200,0.22857122123241425,0.07982975244522095,0.15271307840943327,0.9604591727256775,1.0,0.9806249999999999,0.10160724028944966,0.15076254308223724,0.8492427468299866,784.0,816.0,1600
5,1250,0.26268309354782104,0.08100656419992447,0.17059583425521846,0.9404308199882507,0.9987669587135315,0.9700000000000001,0.10782535970211025,0.151081845164299,0.8488553762435913,789.0,811.0,1600
5,1300,0.23886017501354218,0.08040609955787659,0.15923703208565712,0.9510049819946289,0.9975122809410095,0.974375,0.10429728686809539,0.15356971323490143,0.8464723825454712,796.0,804.0,1600
5,1350,0.21993178129196167,0.07725680619478226,0.1481484413146972,0.9647798538208008,1.0,0.9824999999999998,0.09876126423478124,0.15332937240600586,0.8466689586639404,795.0,805.0,1600
5,1400,0.27327290177345276,0.08773601800203323,0.18096833378076546,0.9278607368469238,1.0,0.96375,0.11623704254627223,0.15228882431983948,0.8477168083190918,804.0,796.0,1600
5,1450,0.25255271792411804,0.08565909415483475,0.16576801121234888,0.9335938096046448,1.0,0.9681249999999999,0.11060262456536289,0.15123210847377777,0.8487293720245361,768.0,832.0,1600
5,1500,0.2387968897819519,0.07537360489368439,0.15871950164437293,0.9509803652763367,1.0,0.9749999999999999,0.09975703015923496,0.1504678726196289,0.8494920134544373,816.0,784.0,1600
5,1550,0.26971325278282166,0.08374041318893433,0.1787028394639492,0.9363523721694946,0.997445821762085,0.96625,0.11095336616039275,0.15195626020431519,0.8480476140975952,817.0,783.0,1600
5,1563,0.33426526188850403,0.08413967490196228,0.21766535347715055,0.8920188546180725,1.0,0.9423558897243107,0.12168565463452109,0.1534385085105896,0.8466585278511047,213.0,186.0,399
6,50,0.25220465660095215,0.08569929748773575,0.1711373925209045,0.9476248621940613,0.9974327683448792,0.9718749999999999,0.11051147758960722,0.15362071990966797,0.8463534116744995,821.0,779.0,1600
6,100,0.2210925668478012,0.0775766670703888,0.14637459620833393,0.9621903300285339,1.0,0.9818749999999999,0.09838946312665936,0.1527610421180725,0.8472131490707397,767.0,833.0,1600
6,150,0.2202586531639099,0.07424893230199814,0.1470713065564632,0.9649122953414917,0.9987531304359436,0.981875,0.09548406511545177,0.1516541838645935,0.8483633399009705,798.0,802.0,1600
6,200,0.2402457594871521,0.07868258655071259,0.15885831460356714,0.9559194445610046,0.9975185990333557,0.9768749999999999,0.1035801692306995,0.15066176652908325,0.849330484867096,794.0,806.0,1600
6,250,0.30569812655448914,0.0888594314455986,0.20188657000660887,0.9136688709259033,0.9960834980010986,0.9531249999999999,0.12210289552807803,0.15422210097312927,0.8457596898078918,834.0,766.0,1600
6,300,0.26374292373657227,0.08295853435993195,0.17515860334038733,0.9338235259056091,1.0,0.9662499999999999,0.11110277131199833,0.15688753128051758,0.8431462645530701,816.0,784.0,1600
6,350,0.24116575717926025,0.07846512645483017,0.16317115247249597,0.947178840637207,0.9986961483955383,0.9718749999999999,0.10374304547905919,0.1584319770336151,0.8415820002555847,833.0,767.0,1600
6,400,0.2691119313240051,0.09028588980436325,0.18383429288864125,0.9354839324951172,0.9986893534660339,0.9656249999999997,0.11790363267064094,0.15949207544326782,0.840495765209198,837.0,763.0,1600
6,450,0.26217660307884216,0.08236663043498993,0.1703611129522322,0.9438058137893677,1.0,0.9724999999999997,0.11086962774395943,0.15921518206596375,0.8408048748970032,783.0,817.0,1600
6,500,0.26584622263908386,0.08736572414636612,0.1742634183168412,0.9370988011360168,0.997563898563385,0.968125,0.11454724133014674,0.15884800255298615,0.8411299586296082,779.0,821.0,1600
6,550,0.23030899465084076,0.08226477354764938,0.15406620234251026,0.9574743509292603,0.9987862706184387,0.9787499999999999,0.10519050806760785,0.1583259552717209,0.8416814208030701,776.0,824.0,1600
6,600,0.24334681034088135,0.0769827663898468,0.16255627050995827,0.9477521777153015,0.9987130165100098,0.9725,0.1017412921786308,0.15702202916145325,0.842926025390625,823.0,777.0,1600
6,650,0.24855728447437286,0.08000312000513077,0.16449086785316464,0.9476308822631836,0.9987468123435974,0.9731249999999998,0.10582830831408495,0.1569550782442093,0.8430365324020386,802.0,798.0,1600
6,700,0.24801817536354065,0.07788162678480148,0.16645897060632697,0.9459784626960754,0.9973925352096558,0.9706249999999998,0.10459146946668624,0.15841232240200043,0.8416178822517395,833.0,767.0,1600
6,750,0.23321141302585602,0.07997387647628784,0.15563490033149716,0.9607596397399902,1.0,0.9806249999999996,0.10367724895477295,0.1594664603471756,0.8405387997627258,790.0,810.0,1600
6,800,0.26989564299583435,0.07616158574819565,0.1784773510694503,0.9337278008460999,1.0,0.965,0.10638593181967732,0.1613626629114151,0.8385668992996216,845.0,755.0,1600
6,850,0.21971626579761505,0.07966355979442596,0.14898965016007415,0.9659090638160706,1.0,0.9831249999999997,0.10159327745437619,0.16185617446899414,0.8381678462028503,792.0,808.0,1600
6,900,0.2004392147064209,0.07566625624895096,0.1378967982530594,0.9736842513084412,1.0,0.9868750000000004,0.0942057372629642,0.15954867005348206,0.8405278325080872,798.0,802.0,1600
6,950,0.21306777000427246,0.07188377529382706,0.1429169921576977,0.9714285731315613,1.0,0.9856249999999996,0.09408607646822928,0.15689043700695038,0.8431016802787781,805.0,795.0,1600
6,1000,0.2533773183822632,0.08352863788604736,0.16887760788202286,0.9353233575820923,1.0,0.9674999999999997,0.10872751250863077,0.15677952766418457,0.8432038426399231,804.0,796.0,1600
6,1050,0.27786970138549805,0.08509071171283722,0.18099825263023372,0.9258794188499451,1.0,0.9631250000000001,0.11535070553421972,0.1580590456724167,0.8419341444969177,796.0,804.0,1600
6,1100,0.24750910699367523,0.08118211477994919,0.16320211678743354,0.9556401371955872,0.9987668395042419,0.9775,0.10740630224347111,0.15891580283641815,0.8410674929618835,789.0,811.0,1600
6,1150,0.2195301502943039,0.0740673616528511,0.15034438714385034,0.9678187966346741,0.9986859560012817,0.9825000000000002,0.09702805012464522,0.15814779698848724,0.8418235182762146,839.0,761.0,1600
6,1200,0.22913740575313568,0.0761532261967659,0.1539839032292365,0.957002580165863,1.0,0.9781249999999999,0.09916793450713153,0.1562662571668625,0.8437022566795349,814.0,786.0,1600
6,1250,0.23437507450580597,0.07994992285966873,0.1572590102255344,0.9538077116012573,0.9987483620643616,0.9762500000000002,0.10345231309533114,0.15670064091682434,0.8432879447937012,801.0,799.0,1600
6,1300,0.3257463276386261,0.09304946660995483,0.20634375929832455,0.8998717069625854,0.9939097166061401,0.9481250000000001,0.12959771424531938,0.16045831143856049,0.8395294547080994,779.0,821.0,1600
6,1350,0.22417882084846497,0.08355242758989334,0.154217174500227,0.9639303684234619,1.0,0.9818750000000002,0.10548126339912414,0.1604359745979309,0.8395835161209106,804.0,796.0,1600
6,1400,0.2482079118490219,0.07806356251239777,0.16568792045116415,0.9466019868850708,0.9974228143692017,0.9712499999999997,0.10429043129086495,0.15943768620491028,0.840577244758606,824.0,776.0,1600
6,1450,0.3009169399738312,0.08744491636753082,0.19498142659664164,0.9119107127189636,0.9949621558189392,0.953125,0.12042389467358587,0.16156966984272003,0.8384494185447693,806.0,794.0,1600
6,1500,0.24266278743743896,0.07973383367061615,0.16404954716563222,0.945652186870575,1.0,0.9718749999999997,0.10569620385766026,0.1629200279712677,0.8370917439460754,828.0,772.0,1600
6,1550,0.2182445079088211,0.07623884081840515,0.1476854307949544,0.9614906907081604,1.0,0.980625,0.09840502470731731,0.16169436275959015,0.8382390141487122,805.0,795.0,1600
6,1563,0.22214144468307495,0.07874109596014023,0.14882397386513851,0.9692307114601135,1.0,0.9849624060150375,0.10142040290031815,0.1605760008096695,0.8394325971603394,195.0,204.0,399
7,50,0.24192474782466888,0.07813513278961182,0.16054179921746253,0.9503107666969299,0.9987421035766602,0.9743750000000001,0.10400239408016204,0.16086634993553162,0.8391499519348145,805.0,795.0,1600
7,100,0.24947701394557953,0.08132293820381165,0.1636133375763893,0.9348659515380859,0.9987760186195374,0.9674999999999999,0.10715354517102237,0.1602071225643158,0.8398073315620422,783.0,817.0,1600
7,150,0.30970489978790283,0.08983515202999115,0.20306807115674022,0.9077669978141785,0.9961341023445129,0.9506250000000002,0.12501318931579591,0.16323113441467285,0.8367584943771362,824.0,776.0,1600
7,200,0.2327403426170349,0.08390537649393082,0.15990422874689098,0.9547123908996582,0.9974457025527954,0.9756249999999997,0.10790636047720904,0.16300874948501587,0.8369587659835815,817.0,783.0,1600
7,250,0.24085204303264618,0.08060139417648315,0.15992547497153278,0.9570706486701965,0.9975247383117676,0.9775,0.10478741869330405,0.16241955757141113,0.8375666737556458,792.0,808.0,1600
7,300,0.24231961369514465,0.08071275800466537,0.16121317625045775,0.9498119354248047,0.9987547397613525,0.9743749999999998,0.10661191329360009,0.16134290397167206,0.8386558294296265,797.0,803.0,1600
7,350,0.22958481311798096,0.07614780217409134,0.1570858418941498,0.9561610817909241,0.9986771941184998,0.9762500000000001,0.09967136830091478,0.16026213765144348,0.8397315740585327,844.0,756.0,1600
7,400,0.2242201715707779,0.07703699916601181,0.14842083171010012,0.9626289010047913,1.0,0.9818749999999999,0.10051580190658568,0.15941935777664185,0.8406184911727905,776.0,824.0,1600
7,450,0.21244889497756958,0.07239168882369995,0.14250780820846556,0.9737827777862549,1.0,0.9868749999999998,0.09342467293143272,0.15621457993984222,0.8437602519989014,801.0,799.0,1600
7,500,0.21606221795082092,0.07482868432998657,0.14323868423700326,0.9716128706932068,0.9987878203392029,0.985625,0.09557265222072601,0.1542448252439499,0.8457471132278442,775.0,825.0,1600
7,550,0.26464685797691345,0.08223465085029602,0.17309872478246688,0.934755265712738,0.9975093603134155,0.9662500000000002,0.11018975287675856,0.15387097001075745,0.8461203575134277,797.0,803.0,1600
7,600,0.23666861653327942,0.08356781303882599,0.15504676714539523,0.9518072605133057,0.9988276958465576,0.9768749999999997,0.10642002135515212,0.15417955815792084,0.8457840085029602,747.0,853.0,1600
7,650,0.22839002311229706,0.07212772220373154,0.15152851387858382,0.9594095349311829,1.0,0.9793750000000002,0.09607634991407395,0.15416720509529114,0.8458307385444641,813.0,787.0,1600
7,700,0.22604648768901825,0.07626587897539139,0.1505009260773659,0.9558638334274292,1.0,0.978125,0.0985539126396179,0.15237993001937866,0.8476332426071167,793.0,807.0,1600
7,750,0.2443283051252365,0.07896248996257782,0.16154206022620193,0.9499374628067017,1.0,0.9749999999999998,0.1047174641489983,0.15326642990112305,0.846709668636322,799.0,801.0,1600
7,800,0.20681649446487427,0.07267552614212036,0.13840462103486062,0.9732145071029663,1.0,0.9868750000000001,0.09314121395349502,0.15267401933670044,0.8472855091094971,784.0,816.0,1600
7,850,0.19638574123382568,0.07248113304376602,0.13272974625229836,0.9742932319641113,1.0,0.9875,0.09008589267730709,0.14910916984081268,0.8508985638618469,778.0,822.0,1600
7,900,0.23868173360824585,0.07302545756101608,0.15543946132063868,0.9560302495956421,1.0,0.9781249999999998,0.0967861372232437,0.14788207411766052,0.8521468639373779,796.0,804.0,1600
7,950,0.22937604784965515,0.07762161642313004,0.15274004951119413,0.9494950175285339,1.0,0.9750000000000001,0.09921353340148922,0.14767174422740936,0.8523175120353699,792.0,808.0,1600
7,1000,0.2546241879463196,0.08201272785663605,0.16616079926490782,0.9423075914382935,0.9963414669036865,0.9699999999999998,0.10602897673845292,0.14693757891654968,0.8530902862548828,780.0,820.0,1600
7,1050,0.3071764409542084,0.0888681635260582,0.2030707032978534,0.9091995358467102,0.9947574734687805,0.9499999999999996,0.1214160232245922,0.14934903383255005,0.8506435751914978,837.0,763.0,1600
7,1100,0.25050586462020874,0.07766435295343399,0.16451726779341697,0.9402985572814941,1.0,0.9699999999999998,0.1035916882753372,0.1529981940984726,0.8470022082328796,804.0,796.0,1600
7,1150,0.2683602571487427,0.08243811875581741,0.17644499897956853,0.9344872236251831,0.9974714517593384,0.9656249999999998,0.10965523302555082,0.15334755182266235,0.8467159867286682,809.0,791.0,1600
7,1200,0.2895716428756714,0.09381972998380661,0.19377554237842554,0.9045286178588867,0.9974457621574402,0.9500000000000002,0.12262363806366922,0.15672531723976135,0.8433331847190857,817.0,783.0,1600
7,1250,0.26756665110588074,0.08590953052043915,0.17866814836859699,0.9424725770950317,0.9974457025527954,0.9693749999999999,0.1138950055837631,0.15874435007572174,0.8412476778030396,817.0,783.0,1600
7,1300,0.22989973425865173,0.07669780403375626,0.15473501399159437,0.9533741474151611,1.0,0.9762499999999996,0.10003155395388603,0.15784329175949097,0.8421506881713867,815.0,785.0,1600
7,1350,0.2392788678407669,0.07976218312978745,0.1591217370331287,0.9510050415992737,1.0,0.9756250000000001,0.10450187906622885,0.15810959041118622,0.8418899774551392,796.0,804.0,1600
7,1400,0.29594382643699646,0.09333907067775726,0.19502135232090936,0.9078454375267029,0.9962359666824341,0.9518750000000001,0.12483601942658425,0.15852907299995422,0.8414810299873352,803.0,797.0,1600
7,1450,0.249513640999794,0.08009519428014755,0.16353373140096666,0.9441625475883484,1.0,0.9724999999999999,0.10685155674815174,0.16082942485809326,0.8391892313957214,788.0,812.0,1600
7,1500,0.22413241863250732,0.07528045028448105,0.1517531363666057,0.9598540663719177,1.0,0.979375,0.09862150534987452,0.1598116159439087,0.8401923775672913,822.0,778.0,1600
7,1550,0.21465320885181427,0.07793299853801727,0.14663489803671823,0.9676616787910461,0.9974874258041382,0.9825,0.10039759278297426,0.15854229032993317,0.8414406776428223,804.0,796.0,1600
7,1563,0.2952815294265747,0.0851452425122261,0.18942342171991677,0.9141414761543274,1.0,0.9573934862488194,0.11805831019143409,0.15746954083442688,0.842500627040863,198.0,201.0,399
8,50,0.21937736868858337,0.07435959577560425,0.14614340916275975,0.9684343338012695,1.0,0.9843749999999999,0.0956155529618263,0.15558919310569763,0.8444213271141052,792.0,808.0,1600
8,100,0.20582185685634613,0.0731172040104866,0.13714719563722605,0.9727979302406311,1.0,0.986875,0.09301996886730189,0.15313346683979034,0.846846878528595,772.0,828.0,1600
8,150,0.21140187978744507,0.07218043506145477,0.1431833624839782,0.9730392098426819,1.0,0.9862500000000003,0.09265264153480529,0.1515994369983673,0.8483719229698181,816.0,784.0,1600
8,200,0.28163859248161316,0.0838560089468956,0.18509593382477768,0.9242980480194092,0.9987196326255798,0.960625,0.11364265978336334,0.1518496721982956,0.848105251789093,819.0,781.0,1600
8,250,0.3113998472690582,0.0994531512260437,0.20661867082118993,0.8949318528175354,0.9936789274215698,0.94375,0.1313393367826938,0.1538275182247162,0.8461621403694153,809.0,791.0,1600
8,300,0.24396423995494843,0.0770094022154808,0.15996512547135344,0.948427677154541,1.0,0.974375,0.10171822354197499,0.15502038598060608,0.8449851870536804,795.0,805.0,1600
8,350,0.2293882668018341,0.07378186285495758,0.15353014215826985,0.957317054271698,1.0,0.9781249999999999,0.09744572326540947,0.15543031692504883,0.8445723056793213,820.0,780.0,1600
8,400,0.21596714854240417,0.0733419880270958,0.14456543892621995,0.9649561643600464,1.0,0.9824999999999998,0.09443319633603096,0.15414348244667053,0.8458740711212158,799.0,801.0,1600
8,450,0.25972044467926025,0.08056841045618057,0.16622546017169945,0.945097804069519,0.9988024830818176,0.9731250000000001,0.10730408445000643,0.1535460501909256,0.8464353084564209,765.0,835.0,1600
8,500,0.23288756608963013,0.07742608338594437,0.15787737175822256,0.9408213496208191,1.0,0.969375,0.10083198428153994,0.15427449345588684,0.8457302451133728,828.0,772.0,1600
8,550,0.2666718363761902,0.08038077503442764,0.17247839376330368,0.9367888569831848,0.9975278377532959,0.9675,0.10803598046302793,0.1543608009815216,0.8456152081489563,791.0,809.0,1600
8,600,0.278949111700058,0.08046219497919083,0.18243479058146475,0.9257906675338745,0.9974291920661926,0.9606250000000001,0.1104474927484989,0.1574489176273346,0.8424447178840637,822.0,778.0,1600
8,650,0.2212727814912796,0.07571669667959213,0.148312778621912,0.9573935866355896,1.0,0.97875,0.09862551406025888,0.1592666655778885,0.8407309055328369,798.0,802.0,1600
8,700,0.21173515915870667,0.07289160043001175,0.1415324054658414,0.9721871614456177,1.0,0.9862500000000001,0.0945732735097408,0.15794320404529572,0.8420658707618713,791.0,809.0,1600
8,750,0.2531709372997284,0.07443941384553909,0.16358177348971367,0.9423558115959167,1.0,0.97125,0.10191435605287553,0.15838368237018585,0.8415709733963013,798.0,802.0,1600
8,800,0.2734643518924713,0.09292595833539963,0.18229245543479922,0.9128788709640503,0.9925742745399475,0.9531250000000001,0.1224641893804073,0.16044168174266815,0.8395292162895203,792.0,808.0,1600
8,850,0.3950815200805664,0.10685576498508453,0.2516891963779926,0.8569653034210205,0.9924625158309937,0.9243750000000002,0.1542828480899334,0.16569854319095612,0.8342657089233398,804.0,796.0,1600
8,900,0.26655113697052,0.08796244114637375,0.17703353330492974,0.9260653257369995,0.9987530708312988,0.9624999999999998,0.11700419872999189,0.16804227232933044,0.8319637179374695,798.0,802.0,1600
8,950,0.236799418926239,0.08382593095302582,0.15973900601267815,0.9508814811706543,0.9987592101097107,0.975,0.10830642715096471,0.1662958711385727,0.8337079882621765,794.0,806.0,1600
8,1000,0.20229920744895935,0.07412493228912354,0.13837228193879125,0.9763092994689941,1.0,0.9881249999999999,0.09430239900946615,0.16456356644630432,0.8353958129882812,802.0,798.0,1600
8,1050,0.21584215760231018,0.07573161274194717,0.14639986529946328,0.9653035998344421,1.0,0.9824999999999999,0.0975933092832565,0.1627875715494156,0.8372069001197815,807.0,793.0,1600
8,1100,0.24982145428657532,0.08210361748933792,0.16281781658530228,0.9428572058677673,0.9975903034210205,0.9712499999999996,0.10898370295763014,0.1625945270061493,0.8373878598213196,770.0,830.0,1600
8,1150,0.23674410581588745,0.08138363808393478,0.15692765638232228,0.9485863447189331,1.0,0.9750000000000001,0.10600832387804987,0.16316364705562592,0.8368501663208008,778.0,822.0,1600
8,1200,0.2311152219772339,0.07466787844896317,0.1525004290044308,0.9535176753997803,1.0,0.9768749999999999,0.09937322244048116,0.16199837625026703,0.8380364179611206,796.0,804.0,1600
8,1250,0.20903919637203217,0.08141014724969864,0.14562351807951923,0.9614906311035156,1.0,0.9806250000000002,0.10110098898410794,0.15941235423088074,0.8405932784080505,805.0,795.0,1600
8,1300,0.24561451375484467,0.07867895811796188,0.16099904552102087,0.9493029117584229,1.0,0.9749999999999998,0.1042649431526661,0.15656061470508575,0.8434551954269409,789.0,811.0,1600
8,1350,0.21866311132907867,0.07161697000265121,0.14697813868522636,0.9658535122871399,1.0,0.9824999999999996,0.09418817088007925,0.1567874550819397,0.8432445526123047,820.0,780.0,1600
8,1400,0.21586695313453674,0.07067421078681946,0.14544849604368204,0.9648059010505676,1.0,0.9818749999999999,0.09282552734017371,0.157269686460495,0.8427609801292419,824.0,776.0,1600
8,1450,0.2304890751838684,0.07300107181072235,0.15263094469904898,0.961681067943573,1.0,0.9806250000000003,0.09760204926133155,0.15819865465164185,0.8417823314666748,809.0,791.0,1600
8,1500,0.2096368670463562,0.074457548558712,0.14230065584182738,0.9701120853424072,1.0,0.9850000000000003,0.09540920004248615,0.15588681399822235,0.8441473245620728,803.0,797.0,1600
8,1550,0.24727948009967804,0.0792868509888649,0.16296815022826192,0.9473024606704712,0.9987546801567078,0.973125,0.10411726206541061,0.1557312160730362,0.8442174196243286,797.0,803.0,1600
8,1563,0.24931788444519043,0.08120723813772202,0.16505189731082218,0.9346733689308167,1.0,0.9674185463659148,0.10744988124696232,0.15599629282951355,0.8440085053443909,199.0,200.0,399
9,50,0.21496574580669403,0.07126868516206741,0.1435662603378296,0.9689439535140991,1.0,0.984375,0.09273654177784918,0.15562735497951508,0.844353437423706,805.0,795.0,1600
9,100,0.22652891278266907,0.07633845508098602,0.1517153178155422,0.9651306867599487,1.0,0.9824999999999997,0.09853104516863817,0.15438714623451233,0.8456354737281799,803.0,797.0,1600
9,150,0.2703936696052551,0.08491495996713638,0.17997278854250906,0.9353657960891724,0.9961538910865784,0.9650000000000001,0.11197018623352047,0.15481938421726227,0.8452118039131165,820.0,780.0,1600
9,200,0.2751401364803314,0.09140439331531525,0.1810903953015804,0.9257362484931946,0.992673933506012,0.9599999999999996,0.11985046148300167,0.1587701439857483,0.8411605358123779,781.0,819.0,1600
9,250,0.2458682805299759,0.08602093905210495,0.16744315251708028,0.9435583353042603,0.9961783289909363,0.9693750000000002,0.11055869117379187,0.1601836383342743,0.8398001790046692,815.0,785.0,1600
9,300,0.22692522406578064,0.07381050288677216,0.15237749159336078,0.9598051309585571,0.9974327087402344,0.9781249999999999,0.09661517426371571,0.1590946912765503,0.8409000635147095,821.0,779.0,1600
9,350,0.2347632795572281,0.07846099138259888,0.15475601404905312,0.960307240486145,0.9987789988517761,0.9799999999999999,0.10279646232724186,0.1592216044664383,0.8407711386680603,781.0,819.0,1600
9,400,0.26376357674598694,0.08299382776021957,0.17190993070602423,0.9313849806785583,1.0,0.9662499999999998,0.1120467574894428,0.16083618998527527,0.8390180468559265,787.0,813.0,1600
9,450,0.23923328518867493,0.07686404138803482,0.15886053502559663,0.946782112121582,1.0,0.9731249999999999,0.10274766758084296,0.1619752049446106,0.8380303978919983,808.0,792.0,1600
9,500,0.23250804841518402,0.0762585699558258,0.15291848435997957,0.9541399478912354,1.0,0.9774999999999998,0.10072725296020506,0.1613234579563141,0.8386515974998474,785.0,815.0,1600
9,550,0.24085772037506104,0.07997272908687592,0.1626274180412292,0.9476885199546814,0.9987146854400635,0.9725000000000003,0.10532559603452682,0.16111747920513153,0.838873028755188,822.0,778.0,1600
9,600,0.20949220657348633,0.0699102133512497,0.14118428289890284,0.9657282829284668,1.0,0.9825000000000002,0.09177511662244799,0.1609252393245697,0.8391181230545044,817.0,783.0,1600
9,650,0.2610614001750946,0.08466687053442001,0.17087973058223718,0.9360613822937012,0.9963324666023254,0.966875,0.11337769612669943,0.16167721152305603,0.8382418155670166,782.0,818.0,1600
9,700,0.24131058156490326,0.07909523695707321,0.15939182549715047,0.9520200490951538,1.0,0.9762499999999997,0.10507222443819043,0.16192705929279327,0.8380603194236755,792.0,808.0,1600
9,750,0.2834222614765167,0.08532539755105972,0.18635479778051375,0.9252451062202454,0.9974491000175476,0.9606250000000001,0.1172305032610893,0.16409999132156372,0.8358461856842041,816.0,784.0,1600
9,800,0.23931916058063507,0.0807129517197609,0.1616021153330803,0.944852888584137,0.9974490404129028,0.970625,0.106347875893116,0.1647583246231079,0.8352062702178955,816.0,784.0,1600
9,850,0.22360946238040924,0.07478358596563339,0.14984761908650399,0.9603469371795654,1.0,0.9799999999999998,0.09838826969265933,0.16595633327960968,0.8340204358100891,807.0,793.0,1600
9,900,0.22073622047901154,0.07606683671474457,0.15156617805361744,0.9604790806770325,1.0,0.9793749999999999,0.09938576430082315,0.16637353599071503,0.8335425853729248,835.0,765.0,1600
9,950,0.1980757713317871,0.07255993783473969,0.13241527706384656,0.9750983715057373,0.9988051652908325,0.9875000000000002,0.09247909009456633,0.16452941298484802,0.8355067372322083,763.0,837.0,1600
9,1000,0.21635188162326813,0.07440067827701569,0.14404549911618242,0.9592357873916626,0.9987729787826538,0.9793749999999997,0.09624714717268942,0.1613171398639679,0.8387166261672974,785.0,815.0,1600
9,1050,0.25301310420036316,0.07482296228408813,0.16770457074046133,0.9472422003746033,1.0,0.9724999999999999,0.10248143434524538,0.16246677935123444,0.8375235199928284,834.0,766.0,1600
9,1100,0.22171302139759064,0.08127616345882416,0.15000243633985516,0.9604085087776184,1.0,0.9806250000000003,0.10296162500977515,0.16161780059337616,0.8383864164352417,783.0,817.0,1600
9,1150,0.2246445268392563,0.07382988184690475,0.15055682122707362,0.9631451368331909,1.0,0.98125,0.09683869421482084,0.1594809889793396,0.8404570817947388,814.0,786.0,1600
9,1200,0.2458655685186386,0.08314843475818634,0.15962549805641182,0.9507978558540344,0.9976415634155273,0.9756249999999997,0.10832681924104684,0.1599961817264557,0.8400191068649292,752.0,848.0,1600
9,1250,0.2697471082210541,0.08380363136529922,0.17793750584125517,0.92839515209198,1.0,0.9637499999999998,0.11301850721240041,0.16087473928928375,0.8390678763389587,810.0,790.0,1600
9,1300,0.21948255598545074,0.07769618183374405,0.14876663535833362,0.9588528871536255,0.9987468123435974,0.9787499999999998,0.09961252763867376,0.16081666946411133,0.8391674160957336,802.0,798.0,1600
9,1350,0.22244931757450104,0.07629083096981049,0.14946144178509713,0.962546706199646,0.9987484216690063,0.9806250000000001,0.09899626970291138,0.16001710295677185,0.8399947881698608,801.0,799.0,1600
9,1400,0.2778812646865845,0.08315162360668182,0.18161177620291705,0.9283065795898438,0.9974715709686279,0.9624999999999999,0.11380964547395703,0.16056318581104279,0.8394086956977844,809.0,791.0,1600
9,1450,0.20104718208312988,0.0745379701256752,0.13700189292430873,0.9746835231781006,1.0,0.9874999999999999,0.0934197723865509,0.15907448530197144,0.8409465551376343,790.0,810.0,1600
9,1500,0.21640290319919586,0.0708082914352417,0.14187669202685363,0.9667094349861145,1.0,0.9837499999999996,0.09209792271256448,0.15603862702846527,0.8440042734146118,781.0,819.0,1600
9,1550,0.25451499223709106,0.07550136744976044,0.16411310181021696,0.9457070827484131,0.9987624883651733,0.9724999999999999,0.10267059475183486,0.15526103973388672,0.8447458148002625,792.0,808.0,1600
9,1563,0.2070607841014862,0.07979340851306915,0.14135381665295527,0.9585492014884949,1.0,0.9799498770768779,0.09968770379410649,0.15709999203681946,0.8428919315338135,193.0,206.0,399
