epoch,batch,loss_group:0,loss_group:1,loss_group:2,loss_group:3,loss_group:4,loss_group:5,loss_group:6,loss_group:7,loss_group:8,loss_group:9,loss_group:10,loss_group:11,loss_group:12,loss_group:13,loss_group:14,loss_group:15,loss_group:16,loss_group:17,loss_group:18,loss_group:19,loss_group:20,loss_group:21,loss_group:22,loss_avg,mse_group:0,mse_group:1,mse_group:2,mse_group:3,mse_group:4,mse_group:5,mse_group:6,mse_group:7,mse_group:8,mse_group:9,mse_group:10,mse_group:11,mse_group:12,mse_group:13,mse_group:14,mse_group:15,mse_group:16,mse_group:17,mse_group:18,mse_group:19,mse_group:20,mse_group:21,mse_group:22,mse_avg,objective,alpha_group:0,alpha_group:1,alpha_group:2,alpha_group:3,alpha_group:4,alpha_group:5,alpha_group:6,alpha_group:7,alpha_group:8,alpha_group:9,alpha_group:10,alpha_group:11,alpha_group:12,alpha_group:13,alpha_group:14,alpha_group:15,alpha_group:16,alpha_group:17,alpha_group:18,alpha_group:19,alpha_group:20,alpha_group:21,alpha_group:22,count_group:0,count_group:1,count_group:2,count_group:3,count_group:4,count_group:5,count_group:6,count_group:7,count_group:8,count_group:9,count_group:10,count_group:11,count_group:12,count_group:13,count_group:14,count_group:15,count_group:16,count_group:17,count_group:18,count_group:19,count_group:20,count_group:21,count_group:22,count
0,50,nan,nan,nan,0.9963354468345642,nan,1.131052851676941,nan,0.754672646522522,nan,15.330422401428223,1.31378173828125,1.0138497352600098,nan,1.4677627086639404,1.277449607849121,nan,1.9811604022979736,nan,nan,0.9351484179496765,0.9222351908683777,1.2632429599761963,1.293379306793213,2.412592859864235,nan,nan,nan,0.9963354468345642,nan,1.131052851676941,nan,0.754672646522522,nan,15.330422401428223,1.31378173828125,1.0138497352600098,nan,1.4677627086639404,1.277449607849121,nan,1.9811604022979736,nan,nan,0.9351484179496765,0.9222351908683777,1.2632429599761963,1.293379306793213,2.412592859864235,1.9760824784636486,nan,nan,nan,0.07623238116502762,nan,0.0747143030166626,nan,0.0746769905090332,nan,0.09425194561481476,0.07704310119152069,0.07512781023979187,nan,0.07650741934776306,0.07640309631824493,nan,0.07606672495603561,nan,nan,0.0741584524512291,0.07477162778377533,0.07425051182508469,0.07584217190742493,0.0,0.0,0.0,104.0,0.0,121.0,0.0,128.0,0.0,136.0,122.0,95.0,0.0,144.0,125.0,0.0,136.0,0.0,0.0,114.0,126.0,126.0,123.0,1600
0,100,nan,nan,nan,0.42579540610313416,nan,0.3414343595504761,nan,0.4719613492488861,nan,0.3694823682308197,0.28460264205932617,0.26600900292396545,nan,0.4271763265132904,0.695756733417511,nan,0.37046536803245544,nan,nan,0.24230043590068817,0.29676443338394165,0.3486406207084656,0.48032334446907043,0.38929171234369275,nan,nan,nan,0.42579540610313416,nan,0.3414343595504761,nan,0.4719613492488861,nan,0.3694823682308197,0.28460264205932617,0.26600900292396545,nan,0.4271763265132904,0.695756733417511,nan,0.37046536803245544,nan,nan,0.24230043590068817,0.29676443338394165,0.3486406207084656,0.48032334446907043,0.38929171234369275,0.3793215340375899,nan,nan,nan,0.07679317146539688,nan,0.07405921071767807,nan,0.07472588866949081,nan,0.09457870572805405,0.07714778929948807,0.07456526905298233,nan,0.07673075050115585,0.07713115215301514,nan,0.07634244114160538,nan,nan,0.0736658126115799,0.07363412529230118,0.07404746115207672,0.07658360153436661,0.0,0.0,0.0,127.0,0.0,106.0,0.0,135.0,0.0,160.0,116.0,125.0,0.0,116.0,127.0,0.0,135.0,0.0,0.0,108.0,116.0,114.0,115.0,1600
0,150,nan,nan,nan,0.3097066879272461,nan,0.2701605558395386,nan,0.3614702522754669,nan,0.39541563391685486,0.28078386187553406,0.23629230260849,nan,0.308172345161438,0.5442458987236023,nan,0.33602064847946167,nan,nan,0.17608579993247986,0.36165666580200195,0.3273679316043854,0.5731150507926941,0.3471444171667098,nan,nan,nan,0.3097066879272461,nan,0.2701605558395386,nan,0.3614702522754669,nan,0.39541563391685486,0.28078386187553406,0.23629230260849,nan,0.308172345161438,0.5442458987236023,nan,0.33602064847946167,nan,nan,0.17608579993247986,0.36165666580200195,0.3273679316043854,0.5731150507926941,0.3471444171667098,0.3300104081630706,nan,nan,nan,0.07701034843921661,nan,0.07359225302934647,nan,0.07452020794153214,nan,0.09499921649694443,0.07707855850458145,0.074020154774189,nan,0.07644707709550858,0.07825332880020142,nan,0.07644142210483551,nan,nan,0.07329904288053513,0.07341022789478302,0.0739559531211853,0.07701017707586288,0.0,0.0,0.0,115.0,0.0,120.0,0.0,130.0,0.0,112.0,129.0,113.0,0.0,138.0,129.0,0.0,123.0,0.0,0.0,110.0,133.0,124.0,124.0,1600
0,200,nan,nan,nan,0.3630050718784332,nan,0.3983347713947296,nan,0.3271767199039459,nan,0.4275422692298889,0.20658236742019653,0.23264478147029877,nan,0.3924279808998108,0.6127074360847473,nan,0.5500863790512085,nan,nan,0.17917951941490173,0.31133100390434265,0.4020916819572449,0.4143456220626831,0.3645511010289192,nan,nan,nan,0.3630050718784332,nan,0.3983347713947296,nan,0.3271767199039459,nan,0.4275422692298889,0.20658236742019653,0.23264478147029877,nan,0.3924279808998108,0.6127074360847473,nan,0.5500863790512085,nan,nan,0.17917951941490173,0.31133100390434265,0.4020916819572449,0.4143456220626831,0.3645511010289192,0.3601403346657752,nan,nan,nan,0.07679641246795654,nan,0.07311268150806427,nan,0.07434039562940598,nan,0.09584949910640717,0.07683753967285156,0.0736849308013916,nan,0.0760422870516777,0.07899117469787598,nan,0.07691733539104462,nan,nan,0.07284445315599442,0.07313801348209381,0.07407777011394501,0.0773598924279213,0.0,0.0,0.0,126.0,0.0,134.0,0.0,111.0,0.0,128.0,138.0,124.0,0.0,104.0,102.0,0.0,116.0,0.0,0.0,126.0,139.0,132.0,120.0,1600
0,250,nan,nan,nan,0.2928653657436371,nan,0.32528063654899597,nan,0.38020700216293335,nan,0.4751247763633728,0.27415329217910767,0.21016164124011993,nan,0.33840158581733704,0.4057629108428955,nan,0.4212670922279358,nan,nan,0.21347880363464355,0.3489762544631958,0.3784799873828888,0.5705564022064209,0.35870525807142256,nan,nan,nan,0.2928653657436371,nan,0.32528063654899597,nan,0.38020700216293335,nan,0.4751247763633728,0.27415329217910767,0.21016164124011993,nan,0.33840158581733704,0.4057629108428955,nan,0.4212670922279358,nan,nan,0.21347880363464355,0.3489762544631958,0.3784799873828888,0.5705564022064209,0.35870525807142256,0.3343037042021751,nan,nan,nan,0.07706896960735321,nan,0.0727749764919281,nan,0.0740121603012085,nan,0.09675588458776474,0.07649963349103928,0.07321678102016449,nan,0.0758509710431099,0.07904292643070221,nan,0.07723396271467209,nan,nan,0.07245994359254837,0.07295501977205276,0.07464179396629333,0.07748895138502121,0.0,0.0,0.0,127.0,0.0,115.0,0.0,125.0,0.0,124.0,130.0,127.0,0.0,127.0,133.0,0.0,118.0,0.0,0.0,105.0,113.0,125.0,131.0,1600
0,300,nan,nan,nan,0.30943354964256287,nan,0.36012378334999084,nan,0.3577190339565277,nan,0.35502350330352783,0.2386014312505722,0.28197813034057617,nan,0.2925022840499878,0.5298478603363037,nan,0.36692026257514954,nan,nan,0.1891627311706543,0.3365550935268402,0.3476577401161194,0.38326871395111084,0.33099411517381655,nan,nan,nan,0.30943354964256287,nan,0.36012378334999084,nan,0.3577190339565277,nan,0.35502350330352783,0.2386014312505722,0.28197813034057617,nan,0.2925022840499878,0.5298478603363037,nan,0.36692026257514954,nan,nan,0.1891627311706543,0.3365550935268402,0.3476577401161194,0.38326871395111084,0.33099411517381655,0.3004994291067124,nan,nan,nan,0.07688431441783905,nan,0.07239937037229538,nan,0.07409526407718658,nan,0.09703351557254791,0.07631979137659073,0.07278531789779663,nan,0.07532287389039993,0.07905648648738861,nan,0.07754357904195786,nan,nan,0.07245471328496933,0.07318523526191711,0.07460207492113113,0.07828076183795929,0.0,0.0,0.0,98.0,0.0,130.0,0.0,139.0,0.0,118.0,136.0,118.0,0.0,111.0,117.0,0.0,118.0,0.0,0.0,157.0,110.0,124.0,124.0,1600
0,307,nan,nan,nan,0.3307642340660095,nan,0.5718899965286255,nan,0.48425716161727905,nan,0.2579970359802246,0.4003521502017975,0.3971793055534363,nan,0.24570629000663757,0.4469854235649109,nan,0.3308245539665222,nan,nan,0.1397956758737564,0.22463592886924744,0.4551282525062561,0.4754982888698578,0.37057921933341154,nan,nan,nan,0.3307642340660095,nan,0.5718899965286255,nan,0.48425716161727905,nan,0.2579970359802246,0.4003521502017975,0.3971793055534363,nan,0.24570629000663757,0.4469854235649109,nan,0.3308245539665222,nan,nan,0.1397956758737564,0.22463592886924744,0.4551282525062561,0.4754982888698578,0.37057921933341154,0.34554993743218754,nan,nan,nan,0.07667569071054459,nan,0.0720689445734024,nan,0.07403179258108139,nan,0.09704434871673584,0.07603561133146286,0.07280021905899048,nan,0.07515621185302734,0.07931280881166458,nan,0.0776527151465416,nan,nan,0.07257351279258728,0.07324425876140594,0.07490818202495575,0.07851234823465347,0.0,0.0,0.0,10.0,0.0,13.0,0.0,16.0,0.0,19.0,12.0,14.0,0.0,11.0,16.0,0.0,16.0,0.0,0.0,15.0,15.0,19.0,21.0,197
1,50,nan,nan,nan,0.2961626350879669,nan,0.23899850249290466,nan,0.3879702091217041,nan,0.31771841645240784,0.2382993996143341,0.238658145070076,nan,0.36603298783302307,0.36997419595718384,nan,0.34649282693862915,nan,nan,0.21261872351169586,0.2318994700908661,0.34750261902809143,0.40203189849853516,0.3082709127664565,nan,nan,nan,0.2961626350879669,nan,0.23899850249290466,nan,0.3879702091217041,nan,0.31771841645240784,0.2382993996143341,0.238658145070076,nan,0.36603298783302307,0.36997419595718384,nan,0.34649282693862915,nan,nan,0.21261872351169586,0.2318994700908661,0.34750261902809143,0.40203189849853516,0.3082709127664565,0.2835883435606956,nan,nan,nan,0.07652715593576431,nan,0.07172764092683792,nan,0.07398941367864609,nan,0.0972304716706276,0.07593119889497757,0.07277659326791763,nan,0.07532086968421936,0.0792527049779892,nan,0.07777510583400726,nan,nan,0.07249784469604492,0.07304975390434265,0.0750228688120842,0.07891889661550522,0.0,0.0,0.0,107.0,0.0,142.0,0.0,136.0,0.0,119.0,112.0,112.0,0.0,117.0,129.0,0.0,104.0,0.0,0.0,115.0,137.0,142.0,128.0,1600
1,100,nan,nan,nan,0.32354533672332764,nan,0.24182705581188202,nan,0.36429131031036377,nan,0.34383073449134827,0.23120920360088348,0.30367591977119446,nan,0.3802621364593506,0.5576586723327637,nan,0.3658744692802429,nan,nan,0.1652432382106781,0.29051393270492554,0.21984100341796875,0.3565232753753662,0.3160123389959335,nan,nan,nan,0.32354533672332764,nan,0.24182705581188202,nan,0.36429131031036377,nan,0.34383073449134827,0.23120920360088348,0.30367591977119446,nan,0.3802621364593506,0.5576586723327637,nan,0.3658744692802429,nan,nan,0.1652432382106781,0.29051393270492554,0.21984100341796875,0.3565232753753662,0.3160123389959335,0.3018339264392851,nan,nan,nan,0.07672382891178131,nan,0.07129272073507309,nan,0.07415801286697388,nan,0.0973690003156662,0.07616589963436127,0.07264776527881622,nan,0.07541431486606598,0.07954564690589905,nan,0.07767410576343536,nan,nan,0.07233177125453949,0.07279578596353531,0.07496964186429977,0.07894382625818253,0.0,0.0,0.0,121.0,0.0,133.0,0.0,147.0,0.0,116.0,144.0,115.0,0.0,126.0,117.0,0.0,105.0,0.0,0.0,122.0,116.0,129.0,109.0,1600
1,150,nan,nan,nan,0.4210050702095032,nan,0.15657436847686768,nan,0.32189711928367615,nan,0.25059086084365845,0.29014942049980164,0.27404963970184326,nan,0.38155272603034973,0.48272886872291565,nan,0.35559383034706116,nan,nan,0.18057870864868164,0.18632376194000244,0.25028571486473083,0.5075405240058899,0.31104836463928215,nan,nan,nan,0.4210050702095032,nan,0.15657436847686768,nan,0.32189711928367615,nan,0.25059086084365845,0.29014942049980164,0.27404963970184326,nan,0.38155272603034973,0.48272886872291565,nan,0.35559383034706116,nan,nan,0.18057870864868164,0.18632376194000244,0.25028571486473083,0.5075405240058899,0.31104836463928215,0.29201940089464173,nan,nan,nan,0.07707999646663666,nan,0.0707620233297348,nan,0.07431355118751526,nan,0.09750169515609741,0.07606510818004608,0.07256592810153961,nan,0.07518725097179413,0.07997137308120728,nan,0.07808384299278259,nan,nan,0.07201847434043884,0.07234364002943039,0.07473244518041611,0.07938803732395172,0.0,0.0,0.0,105.0,0.0,117.0,0.0,113.0,0.0,143.0,127.0,123.0,0.0,126.0,129.0,0.0,141.0,0.0,0.0,110.0,127.0,128.0,111.0,1600
1,200,nan,nan,nan,0.2957201898097992,nan,0.23027600347995758,nan,0.31805238127708435,nan,0.34165602922439575,0.2462543100118637,0.24188168346881866,nan,0.38747820258140564,0.3735356032848358,nan,0.3047144114971161,nan,nan,0.15549758076667786,0.2713398039340973,0.24129869043827057,0.3517140746116638,0.28634397745132434,nan,nan,nan,0.2957201898097992,nan,0.23027600347995758,nan,0.31805238127708435,nan,0.34165602922439575,0.2462543100118637,0.24188168346881866,nan,0.38747820258140564,0.3735356032848358,nan,0.3047144114971161,nan,nan,0.15549758076667786,0.2713398039340973,0.24129869043827057,0.3517140746116638,0.28634397745132434,0.2710047602653503,nan,nan,nan,0.07765468209981918,nan,0.0703144371509552,nan,0.0743340253829956,nan,0.09695488959550858,0.07639612257480621,0.07220160216093063,nan,0.07524102926254272,0.08052496612071991,nan,0.07840534299612045,nan,nan,0.07196277379989624,0.0718419998884201,0.07424316555261612,0.07993746548891068,0.0,0.0,0.0,121.0,0.0,117.0,0.0,115.0,0.0,109.0,115.0,129.0,0.0,108.0,118.0,0.0,131.0,0.0,0.0,133.0,124.0,150.0,130.0,1600
1,250,nan,nan,nan,0.2742047905921936,nan,0.22661739587783813,nan,0.29183846712112427,nan,0.3370931148529053,0.21193702518939972,0.21279820799827576,nan,0.32266461849212646,0.4558335840702057,nan,0.2917417287826538,nan,nan,0.16740760207176208,0.27758875489234924,0.4419376254081726,0.3368088901042938,0.2975289234519005,nan,nan,nan,0.2742047905921936,nan,0.22661739587783813,nan,0.29183846712112427,nan,0.3370931148529053,0.21193702518939972,0.21279820799827576,nan,0.32266461849212646,0.4558335840702057,nan,0.2917417287826538,nan,nan,0.16740760207176208,0.27758875489234924,0.4419376254081726,0.3368088901042938,0.2975289234519005,0.2901500716805458,nan,nan,nan,0.0779857486486435,nan,0.07013300061225891,nan,0.07442755997180939,nan,0.09703622758388519,0.07634462416172028,0.07176437973976135,nan,0.07540125399827957,0.08087587356567383,nan,0.07835153490304947,nan,nan,0.07136707752943039,0.0716351643204689,0.0741676464676857,0.08055101335048676,0.0,0.0,0.0,116.0,0.0,118.0,0.0,133.0,0.0,127.0,139.0,128.0,0.0,112.0,119.0,0.0,125.0,0.0,0.0,104.0,117.0,135.0,127.0,1600
1,300,nan,nan,nan,0.27264079451560974,nan,0.2368210256099701,nan,0.2665942311286926,nan,0.3255080282688141,0.22953549027442932,0.21391329169273376,nan,0.4004521071910858,0.4120329022407532,nan,0.2540725767612457,nan,nan,0.1512088030576706,0.19634993374347687,0.2899322509765625,0.2399238646030426,0.26961023271083817,nan,nan,nan,0.27264079451560974,nan,0.2368210256099701,nan,0.2665942311286926,nan,0.3255080282688141,0.22953549027442932,0.21391329169273376,nan,0.4004521071910858,0.4120329022407532,nan,0.2540725767612457,nan,nan,0.1512088030576706,0.19634993374347687,0.2899322509765625,0.2399238646030426,0.26961023271083817,0.24618858173489566,nan,nan,nan,0.0781722441315651,nan,0.06964389234781265,nan,0.07467969506978989,nan,0.0973941832780838,0.07636360824108124,0.07150459289550781,nan,0.07550181448459625,0.08162061870098114,nan,0.07837831974029541,nan,nan,0.07090269774198532,0.07129199057817459,0.07452806830406189,0.08001118153333664,0.0,0.0,0.0,131.0,0.0,116.0,0.0,123.0,0.0,146.0,141.0,134.0,0.0,122.0,128.0,0.0,124.0,0.0,0.0,119.0,122.0,105.0,89.0,1600
1,307,nan,nan,nan,0.3418935239315033,nan,0.22795023024082184,nan,0.26481378078460693,nan,0.38888856768608093,0.23882338404655457,0.2510054111480713,nan,0.2918969392776489,0.4069105386734009,nan,0.5947137475013733,nan,nan,0.19679948687553406,0.37220266461372375,0.09864386916160583,0.6430954337120056,0.3297649072814109,nan,nan,nan,0.3418935239315033,nan,0.22795023024082184,nan,0.26481378078460693,nan,0.38888856768608093,0.23882338404655457,0.2510054111480713,nan,0.2918969392776489,0.4069105386734009,nan,0.5947137475013733,nan,nan,0.19679948687553406,0.37220266461372375,0.09864386916160583,0.6430954337120056,0.3297649072814109,0.36934135082712033,nan,nan,nan,0.07844917476177216,nan,0.06934598088264465,nan,0.0745011642575264,nan,0.09761428833007812,0.07655180245637894,0.07126381248235703,nan,0.07547585666179657,0.08200890570878983,nan,0.07858404517173767,nan,nan,0.07054112106561661,0.07103174179792404,0.07445406168699265,0.080147884786129,0.0,0.0,0.0,15.0,0.0,21.0,0.0,17.0,0.0,12.0,18.0,20.0,0.0,16.0,17.0,0.0,11.0,0.0,0.0,7.0,13.0,13.0,17.0,197
2,50,nan,nan,nan,0.21725651621818542,nan,0.2087266445159912,nan,0.25795289874076843,nan,0.29180845618247986,0.20987629890441895,0.22863315045833588,nan,0.28817811608314514,0.5069931149482727,nan,0.24079184234142303,nan,nan,0.14126890897750854,0.2755715250968933,0.2613096237182617,0.43268075585365295,0.27525647342205023,nan,nan,nan,0.21725651621818542,nan,0.2087266445159912,nan,0.25795289874076843,nan,0.29180845618247986,0.20987629890441895,0.22863315045833588,nan,0.28817811608314514,0.5069931149482727,nan,0.24079184234142303,nan,nan,0.14126890897750854,0.2755715250968933,0.2613096237182617,0.43268075585365295,0.27525647342205023,0.2439819379150866,nan,nan,nan,0.07855311781167984,nan,0.06916738301515579,nan,0.0744706317782402,nan,0.0974598154425621,0.07657606154680252,0.0707685574889183,nan,0.07551616430282593,0.08264336735010147,nan,0.07871649414300919,nan,nan,0.07016468048095703,0.07115772366523743,0.07467286288738251,0.0801950991153717,0.0,0.0,0.0,149.0,0.0,116.0,0.0,130.0,0.0,95.0,109.0,146.0,0.0,108.0,125.0,0.0,114.0,0.0,0.0,121.0,115.0,129.0,143.0,1600
2,100,nan,nan,nan,0.2449205368757248,nan,0.22421738505363464,nan,0.2874833345413208,nan,0.3515951633453369,0.21629193425178528,0.22022053599357605,nan,0.4154159724712372,0.5203959941864014,nan,0.2814217805862427,nan,nan,0.13837632536888123,0.22199827432632446,0.24554632604122162,0.36482539772987366,0.2897742512822152,nan,nan,nan,0.2449205368757248,nan,0.22421738505363464,nan,0.2874833345413208,nan,0.3515951633453369,0.21629193425178528,0.22022053599357605,nan,0.4154159724712372,0.5203959941864014,nan,0.2814217805862427,nan,nan,0.13837632536888123,0.22199827432632446,0.24554632604122162,0.36482539772987366,0.2897742512822152,0.2629353873431681,nan,nan,nan,0.07835865020751953,nan,0.06885664910078049,nan,0.07435539364814758,nan,0.09753928333520889,0.076494500041008,0.07062606513500214,nan,0.07555164396762848,0.08304627239704132,nan,0.07869381457567215,nan,nan,0.0697622075676918,0.07107722014188766,0.07521196454763412,0.0804821029305458,0.0,0.0,0.0,122.0,0.0,113.0,0.0,128.0,0.0,111.0,128.0,114.0,0.0,134.0,124.0,0.0,123.0,0.0,0.0,120.0,110.0,131.0,142.0,1600
2,150,nan,nan,nan,0.24257691204547882,nan,0.1464761346578598,nan,0.272286981344223,nan,0.2727804183959961,0.22368109226226807,0.21720987558364868,nan,0.29924988746643066,0.4628133773803711,nan,0.3775966763496399,nan,nan,0.13521085679531097,0.24760481715202332,0.3002876341342926,0.4197970926761627,0.2775483046472073,nan,nan,nan,0.24257691204547882,nan,0.1464761346578598,nan,0.272286981344223,nan,0.2727804183959961,0.22368109226226807,0.21720987558364868,nan,0.29924988746643066,0.4628133773803711,nan,0.3775966763496399,nan,nan,0.13521085679531097,0.24760481715202332,0.3002876341342926,0.4197970926761627,0.2775483046472073,0.2726096104085447,nan,nan,nan,0.07858187705278397,nan,0.06836061179637909,nan,0.07405004650354385,nan,0.09759503602981567,0.07573194056749344,0.0700313150882721,nan,0.07583194226026535,0.08380161970853806,nan,0.07902548462152481,nan,nan,0.06955365091562271,0.0704725980758667,0.07590194046497345,0.08107014745473862,0.0,0.0,0.0,121.0,0.0,129.0,0.0,137.0,0.0,120.0,131.0,125.0,0.0,132.0,129.0,0.0,108.0,0.0,0.0,113.0,119.0,121.0,115.0,1600
2,200,nan,nan,nan,0.2980676293373108,nan,0.17050203680992126,nan,0.33544760942459106,nan,0.35517504811286926,0.2507123351097107,0.1407586932182312,nan,0.24153269827365875,0.383635014295578,nan,0.32207921147346497,nan,nan,0.14948207139968872,0.1730843335390091,0.19067537784576416,0.44500526785850525,0.2668497315049172,nan,nan,nan,0.2980676293373108,nan,0.17050203680992126,nan,0.33544760942459106,nan,0.35517504811286926,0.2507123351097107,0.1407586932182312,nan,0.24153269827365875,0.383635014295578,nan,0.32207921147346497,nan,nan,0.14948207139968872,0.1730843335390091,0.19067537784576416,0.44500526785850525,0.2668497315049172,0.24897482812404628,nan,nan,nan,0.07868921011686325,nan,0.06774324923753738,nan,0.07409758865833282,nan,0.09773032367229462,0.07568717002868652,0.06938748806715012,nan,0.0758986845612526,0.08437762409448624,nan,0.07932408154010773,nan,nan,0.06928712874650955,0.07028822600841522,0.07585635036230087,0.0816090926527977,0.0,0.0,0.0,126.0,0.0,126.0,0.0,120.0,0.0,150.0,122.0,121.0,0.0,119.0,120.0,0.0,111.0,0.0,0.0,127.0,130.0,105.0,123.0,1600
2,250,nan,nan,nan,0.24995222687721252,nan,0.23244290053844452,nan,0.3092385232448578,nan,0.2815091609954834,0.24065212905406952,0.17358610033988953,nan,0.2686748504638672,0.31918632984161377,nan,0.30329659581184387,nan,nan,0.15468820929527283,0.23965725302696228,0.3300393521785736,0.40884366631507874,0.2703125363588333,nan,nan,nan,0.24995222687721252,nan,0.23244290053844452,nan,0.3092385232448578,nan,0.2815091609954834,0.24065212905406952,0.17358610033988953,nan,0.2686748504638672,0.31918632984161377,nan,0.30329659581184387,nan,nan,0.15468820929527283,0.23965725302696228,0.3300393521785736,0.40884366631507874,0.2703125363588333,0.24888303935527809,nan,nan,nan,0.07866562902927399,nan,0.06750959157943726,nan,0.07398383319377899,nan,0.0979631319642067,0.07571202516555786,0.06903928518295288,nan,0.07585694640874863,0.08430854976177216,nan,0.07965400069952011,nan,nan,0.06924688816070557,0.07031065970659256,0.07574959844350815,0.08202110975980759,0.0,0.0,0.0,128.0,0.0,110.0,0.0,117.0,0.0,125.0,117.0,122.0,0.0,117.0,126.0,0.0,109.0,0.0,0.0,147.0,109.0,139.0,134.0,1600
2,300,nan,nan,nan,0.23255935311317444,nan,0.17438308894634247,nan,0.22172200679779053,nan,0.21394982933998108,0.2189905345439911,0.20437900722026825,nan,0.22466328740119934,0.40603628754615784,nan,0.34986937046051025,nan,nan,0.11115953326225281,0.21945971250534058,0.21975907683372498,0.3682449758052826,0.24036828950047487,nan,nan,nan,0.23255935311317444,nan,0.17438308894634247,nan,0.22172200679779053,nan,0.21394982933998108,0.2189905345439911,0.20437900722026825,nan,0.22466328740119934,0.40603628754615784,nan,0.34986937046051025,nan,nan,0.11115953326225281,0.21945971250534058,0.21975907683372498,0.3682449758052826,0.24036828950047487,0.22032284930348395,nan,nan,nan,0.07887294888496399,nan,0.06739038228988647,nan,0.07398983836174011,nan,0.09793360531330109,0.07605190575122833,0.0688038021326065,nan,0.0755574032664299,0.08431167900562286,nan,0.07987736910581589,nan,nan,0.06885083764791489,0.06996522098779678,0.0759776160120964,0.08242586255073547,0.0,0.0,0.0,140.0,0.0,122.0,0.0,141.0,0.0,120.0,110.0,121.0,0.0,118.0,104.0,0.0,119.0,0.0,0.0,126.0,132.0,130.0,117.0,1600
2,307,nan,nan,nan,0.3038344979286194,nan,0.3196779191493988,nan,0.11968105286359787,nan,0.10509208589792252,0.23777171969413757,0.18090730905532837,nan,0.2412421852350235,0.46202439069747925,nan,0.2920275330543518,nan,nan,0.1953042596578598,0.2387387454509735,0.371527761220932,0.05796216428279877,0.26247319700149113,nan,nan,nan,0.3038344979286194,nan,0.3196779191493988,nan,0.11968105286359787,nan,0.10509208589792252,0.23777171969413757,0.18090730905532837,nan,0.2412421852350235,0.46202439069747925,nan,0.2920275330543518,nan,nan,0.1953042596578598,0.2387387454509735,0.371527761220932,0.05796216428279877,0.26247319700149113,0.2240362711591164,nan,nan,nan,0.07904619723558426,nan,0.06724151223897934,nan,0.07401648163795471,nan,0.0977502092719078,0.07607623189687729,0.06873530894517899,nan,0.07554604113101959,0.08433692157268524,nan,0.0802832618355751,nan,nan,0.06866078823804855,0.06980785727500916,0.07594579458236694,0.08258997648954391,0.0,0.0,0.0,19.0,0.0,9.0,0.0,11.0,0.0,17.0,22.0,13.0,0.0,14.0,17.0,0.0,15.0,0.0,0.0,14.0,16.0,27.0,3.0,197
3,50,nan,nan,nan,0.23339350521564484,nan,0.17112095654010773,nan,0.2920091152191162,nan,0.26039665937423706,0.21619877219200134,0.20816129446029663,nan,0.2588861584663391,0.3720206618309021,nan,0.27729538083076477,nan,nan,0.12694093585014343,0.20736047625541687,0.1993301957845688,0.32033729553222656,0.24136185318231584,nan,nan,nan,0.23339350521564484,nan,0.17112095654010773,nan,0.2920091152191162,nan,0.26039665937423706,0.21619877219200134,0.20816129446029663,nan,0.2588861584663391,0.3720206618309021,nan,0.27729538083076477,nan,nan,0.12694093585014343,0.20736047625541687,0.1993301957845688,0.32033729553222656,0.24136185318231584,0.21810133099555967,nan,nan,nan,0.07905125617980957,nan,0.06726749241352081,nan,0.07384880632162094,nan,0.09768109023571014,0.07628979533910751,0.06894249469041824,nan,0.07569365948438644,0.08431115001440048,nan,0.08033336699008942,nan,nan,0.06858178973197937,0.06968596577644348,0.0756368637084961,0.08273803442716599,0.0,0.0,0.0,108.0,0.0,127.0,0.0,126.0,0.0,133.0,110.0,131.0,0.0,147.0,121.0,0.0,118.0,0.0,0.0,125.0,108.0,133.0,113.0,1600
3,100,nan,nan,nan,0.24671675264835358,nan,0.18797911703586578,nan,0.25695735216140747,nan,0.26513609290122986,0.19700077176094055,0.2711198627948761,nan,0.24963133037090302,0.3332982063293457,nan,0.2818315029144287,nan,nan,0.1647319197654724,0.2694619297981262,0.31208768486976624,0.3434760868549347,0.2609990181028844,nan,nan,nan,0.24671675264835358,nan,0.18797911703586578,nan,0.25695735216140747,nan,0.26513609290122986,0.19700077176094055,0.2711198627948761,nan,0.24963133037090302,0.3332982063293457,nan,0.2818315029144287,nan,nan,0.1647319197654724,0.2694619297981262,0.31208768486976624,0.3434760868549347,0.2609990181028844,0.25020922690629954,nan,nan,nan,0.07912600785493851,nan,0.0670955702662468,nan,0.07393238693475723,nan,0.09774935990571976,0.07637160271406174,0.06906871497631073,nan,0.07561508566141129,0.08416114002466202,nan,0.0803360715508461,nan,nan,0.06818042695522308,0.06965350359678268,0.0757012590765953,0.08298628032207489,0.0,0.0,0.0,110.0,0.0,133.0,0.0,116.0,0.0,126.0,122.0,133.0,0.0,118.0,123.0,0.0,109.0,0.0,0.0,114.0,129.0,136.0,131.0,1600
3,150,nan,nan,nan,0.24469365179538727,nan,0.22395522892475128,nan,0.28562504053115845,nan,0.3014790713787079,0.1563151478767395,0.18000660836696625,nan,0.3809725046157837,0.3797520101070404,nan,0.2579882740974426,nan,nan,0.15919959545135498,0.1858176738023758,0.25328975915908813,0.2752126157283783,0.25041438281536094,nan,nan,nan,0.24469365179538727,nan,0.22395522892475128,nan,0.28562504053115845,nan,0.3014790713787079,0.1563151478767395,0.18000660836696625,nan,0.3809725046157837,0.3797520101070404,nan,0.2579882740974426,nan,nan,0.15919959545135498,0.1858176738023758,0.25328975915908813,0.2752126157283783,0.25041438281536094,0.23719815909862513,nan,nan,nan,0.07936374098062515,nan,0.06673119962215424,nan,0.07404687255620956,nan,0.0979345515370369,0.07580560445785522,0.06907900422811508,nan,0.07569640129804611,0.08390472829341888,nan,0.08011850714683533,nan,nan,0.06793107092380524,0.0698431059718132,0.07620067149400711,0.08334589749574661,0.0,0.0,0.0,130.0,0.0,116.0,0.0,111.0,0.0,127.0,121.0,111.0,0.0,117.0,109.0,0.0,133.0,0.0,0.0,140.0,130.0,133.0,122.0,1600
3,200,nan,nan,nan,0.2446865737438202,nan,0.17112091183662415,nan,0.24931937456130981,nan,0.25546327233314514,0.21580033004283905,0.2652900218963623,nan,0.27138638496398926,0.3727274537086487,nan,0.25685736536979675,nan,nan,0.11390208452939987,0.22477185726165771,0.28772300481796265,0.25347548723220825,0.24479564905166631,nan,nan,nan,0.2446865737438202,nan,0.17112091183662415,nan,0.24931937456130981,nan,0.25546327233314514,0.21580033004283905,0.2652900218963623,nan,0.27138638496398926,0.3727274537086487,nan,0.25685736536979675,nan,nan,0.11390208452939987,0.22477185726165771,0.28772300481796265,0.25347548723220825,0.24479564905166631,0.23112609714269636,nan,nan,nan,0.07972700893878937,nan,0.0664391741156578,nan,0.07409703731536865,nan,0.09799546003341675,0.07554257661104202,0.0689278095960617,nan,0.0759093165397644,0.08424483984708786,nan,0.0799199566245079,nan,nan,0.06754892319440842,0.06949352473020554,0.0765521302819252,0.08362378925085068,0.0,0.0,0.0,125.0,0.0,130.0,0.0,148.0,0.0,141.0,118.0,126.0,0.0,117.0,102.0,0.0,122.0,0.0,0.0,110.0,100.0,139.0,122.0,1600
3,250,nan,nan,nan,0.18030807375907898,nan,0.1906295120716095,nan,0.2819365859031677,nan,0.2546332776546478,0.14397166669368744,0.32531943917274475,nan,0.3424014151096344,0.36968863010406494,nan,0.3182786703109741,nan,nan,0.1624654233455658,0.2122337371110916,0.2842186391353607,0.4805843234062195,0.2685168519616127,nan,nan,nan,0.18030807375907898,nan,0.1906295120716095,nan,0.2819365859031677,nan,0.2546332776546478,0.14397166669368744,0.32531943917274475,nan,0.3424014151096344,0.36968863010406494,nan,0.3182786703109741,nan,nan,0.1624654233455658,0.2122337371110916,0.2842186391353607,0.4805843234062195,0.2685168519616127,0.2543329903483389,nan,nan,nan,0.07934065908193588,nan,0.06620314717292786,nan,0.0739668682217598,nan,0.09786564111709595,0.07530486583709717,0.06887651234865189,nan,0.07619479298591614,0.08461456745862961,nan,0.07997941225767136,nan,nan,0.06732785701751709,0.06944271177053452,0.07664238661527634,0.08424510806798935,0.0,0.0,0.0,140.0,0.0,141.0,0.0,110.0,0.0,103.0,121.0,128.0,0.0,126.0,119.0,0.0,139.0,0.0,0.0,132.0,119.0,120.0,102.0,1600
3,300,nan,nan,nan,0.2573772072792053,nan,0.18054324388504028,nan,0.271736204624176,nan,0.23435533046722412,0.19908344745635986,0.2614845037460327,nan,0.32814478874206543,0.33733561635017395,nan,0.2513657808303833,nan,nan,0.14438912272453308,0.19242173433303833,0.24613600969314575,0.3227291703224182,0.24585968345403666,nan,nan,nan,0.2573772072792053,nan,0.18054324388504028,nan,0.271736204624176,nan,0.23435533046722412,0.19908344745635986,0.2614845037460327,nan,0.32814478874206543,0.33733561635017395,nan,0.2513657808303833,nan,nan,0.14438912272453308,0.19242173433303833,0.24613600969314575,0.3227291703224182,0.24585968345403666,0.244458532333374,nan,nan,nan,0.07937973737716675,nan,0.06585969775915146,nan,0.07390651851892471,nan,0.09796961396932602,0.07474330067634583,0.068867988884449,nan,0.07641692459583282,0.08473185449838638,nan,0.0799795538187027,nan,nan,0.06718496978282928,0.06960562616586685,0.07688169181346893,0.08450810611248016,0.0,0.0,0.0,113.0,0.0,128.0,0.0,126.0,0.0,125.0,128.0,122.0,0.0,120.0,117.0,0.0,123.0,0.0,0.0,133.0,124.0,135.0,106.0,1600
3,307,nan,nan,nan,0.19907811284065247,nan,0.10361941903829575,nan,0.11187171190977097,nan,0.24101689457893372,0.3762544095516205,0.13423572480678558,nan,0.11509999632835388,0.4841345250606537,nan,0.41158026456832886,nan,nan,0.3201509416103363,0.18717336654663086,0.6650343537330627,0.42147743701934814,0.2885471847910567,nan,nan,nan,0.19907811284065247,nan,0.10361941903829575,nan,0.11187171190977097,nan,0.24101689457893372,0.3762544095516205,0.13423572480678558,nan,0.11509999632835388,0.4841345250606537,nan,0.41158026456832886,nan,nan,0.3201509416103363,0.18717336654663086,0.6650343537330627,0.42147743701934814,0.2885471847910567,0.2512374271823065,nan,nan,nan,0.07908273488283157,nan,0.0655631273984909,nan,0.07364818453788757,nan,0.09827002882957458,0.07460452616214752,0.06884962320327759,nan,0.0765841081738472,0.08505336195230484,nan,0.07988840341567993,nan,nan,0.06711207330226898,0.06951473653316498,0.07714042067527771,0.08479137718677521,0.0,0.0,0.0,20.0,0.0,17.0,0.0,16.0,0.0,10.0,12.0,13.0,0.0,19.0,12.0,0.0,11.0,0.0,0.0,17.0,15.0,21.0,14.0,197
4,50,nan,nan,nan,0.2136908620595932,nan,0.17936132848262787,nan,0.2922544777393341,nan,0.21805645525455475,0.18533913791179657,0.26137155294418335,nan,0.276554137468338,0.33828994631767273,nan,0.3136431872844696,nan,nan,0.14676329493522644,0.18010908365249634,0.22401311993598938,0.36531516909599304,0.2460597681999206,nan,nan,nan,0.2136908620595932,nan,0.17936132848262787,nan,0.2922544777393341,nan,0.21805645525455475,0.18533913791179657,0.26137155294418335,nan,0.276554137468338,0.33828994631767273,nan,0.3136431872844696,nan,nan,0.14676329493522644,0.18010908365249634,0.22401311993598938,0.36531516909599304,0.2460597681999206,0.22566385149955737,nan,nan,nan,0.07902118563652039,nan,0.06532888859510422,nan,0.07369589060544968,nan,0.09818409383296967,0.07466734945774078,0.06868692487478256,nan,0.07639205455780029,0.0851321667432785,nan,0.07997927069664001,nan,nan,0.06713676452636719,0.0696643590927124,0.07704693078994751,0.08505287021398544,0.0,0.0,0.0,121.0,0.0,121.0,0.0,122.0,0.0,123.0,126.0,120.0,0.0,123.0,135.0,0.0,122.0,0.0,0.0,111.0,138.0,121.0,117.0,1600
4,100,nan,nan,nan,0.3017377257347107,nan,0.16704759001731873,nan,0.24003779888153076,nan,0.2645147740840912,0.18779341876506805,0.1950816661119461,nan,0.3120361864566803,0.2949508726596832,nan,0.2512650191783905,nan,nan,0.13107772171497345,0.18725727498531342,0.23055365681648254,0.3454136550426483,0.23665340706706042,nan,nan,nan,0.3017377257347107,nan,0.16704759001731873,nan,0.24003779888153076,nan,0.2645147740840912,0.18779341876506805,0.1950816661119461,nan,0.3120361864566803,0.2949508726596832,nan,0.2512650191783905,nan,nan,0.13107772171497345,0.18725727498531342,0.23055365681648254,0.3454136550426483,0.23665340706706042,0.22630732238292686,nan,nan,nan,0.07913897931575775,nan,0.06499995291233063,nan,0.07373284548521042,nan,0.09851674735546112,0.07483691722154617,0.06852518022060394,nan,0.07636579871177673,0.08520197868347168,nan,0.08021986484527588,nan,nan,0.06693959981203079,0.06964024901390076,0.07682769000530243,0.08507495373487473,0.0,0.0,0.0,103.0,0.0,123.0,0.0,121.0,0.0,146.0,126.0,121.0,0.0,127.0,107.0,0.0,115.0,0.0,0.0,134.0,134.0,127.0,116.0,1600
4,150,nan,nan,nan,0.18726910650730133,nan,0.16180768609046936,nan,0.23662634193897247,nan,0.2787095606327057,0.17770922183990479,0.16683277487754822,nan,0.26107102632522583,0.3780560791492462,nan,0.19055311381816864,nan,nan,0.15330836176872253,0.17224547266960144,0.19528427720069885,0.3496949374675751,0.22470997348427768,nan,nan,nan,0.18726910650730133,nan,0.16180768609046936,nan,0.23662634193897247,nan,0.2787095606327057,0.17770922183990479,0.16683277487754822,nan,0.26107102632522583,0.3780560791492462,nan,0.19055311381816864,nan,nan,0.15330836176872253,0.17224547266960144,0.19528427720069885,0.3496949374675751,0.22470997348427768,0.20984670981764791,nan,nan,nan,0.07908320426940918,nan,0.06473219394683838,nan,0.07370011508464813,nan,0.09881173074245453,0.07480904459953308,0.06856109946966171,nan,0.07658050954341888,0.08529885113239288,nan,0.08025313168764114,nan,nan,0.0669405609369278,0.06951341032981873,0.07676025480031967,0.08497513830661774,0.0,0.0,0.0,129.0,0.0,121.0,0.0,97.0,0.0,140.0,128.0,121.0,0.0,118.0,128.0,0.0,128.0,0.0,0.0,131.0,115.0,116.0,128.0,1600
4,200,nan,nan,nan,0.18727713823318481,nan,0.1317535638809204,nan,0.21819578111171722,nan,0.23133499920368195,0.25522613525390625,0.288412481546402,nan,0.2808428108692169,0.37733194231987,nan,0.18480661511421204,nan,nan,0.1836864948272705,0.21724049746990204,0.3140624463558197,0.2929612398147583,0.24526960670948028,nan,nan,nan,0.18727713823318481,nan,0.1317535638809204,nan,0.21819578111171722,nan,0.23133499920368195,0.25522613525390625,0.288412481546402,nan,0.2808428108692169,0.37733194231987,nan,0.18480661511421204,nan,nan,0.1836864948272705,0.21724049746990204,0.3140624463558197,0.2929612398147583,0.24526960670948028,0.21714186698198318,nan,nan,nan,0.07875147461891174,nan,0.06445473432540894,nan,0.07352659851312637,nan,0.09848324209451675,0.07503281533718109,0.06857672333717346,nan,0.07682330906391144,0.08616677671670914,nan,0.07999181002378464,nan,nan,0.06717491149902344,0.06930449604988098,0.07666827738285065,0.08509667962789536,0.0,0.0,0.0,120.0,0.0,110.0,0.0,126.0,0.0,106.0,131.0,142.0,0.0,130.0,120.0,0.0,115.0,0.0,0.0,131.0,116.0,125.0,128.0,1600
4,250,nan,nan,nan,0.17247165739536285,nan,0.14541542530059814,nan,0.24517492949962616,nan,0.27599281072616577,0.1909693479537964,0.1585809737443924,nan,0.2622828483581543,0.33139362931251526,nan,0.2907078266143799,nan,nan,0.09635765105485916,0.20786796510219574,0.28375867009162903,0.302185982465744,0.23035962298512455,nan,nan,nan,0.17247165739536285,nan,0.14541542530059814,nan,0.24517492949962616,nan,0.27599281072616577,0.1909693479537964,0.1585809737443924,nan,0.2622828483581543,0.33139362931251526,nan,0.2907078266143799,nan,nan,0.09635765105485916,0.20786796510219574,0.28375867009162903,0.302185982465744,0.23035962298512455,0.2170712414383888,nan,nan,nan,0.07843650877475739,nan,0.06399234384298325,nan,0.07337658107280731,nan,0.09887958317995071,0.07512746751308441,0.06845942884683609,nan,0.07699650526046753,0.08627042919397354,nan,0.08010488748550415,nan,nan,0.06687307357788086,0.06913384050130844,0.07704731076955795,0.08527445793151855,0.0,0.0,0.0,132.0,0.0,130.0,0.0,106.0,0.0,121.0,115.0,123.0,0.0,122.0,124.0,0.0,136.0,0.0,0.0,97.0,135.0,122.0,137.0,1600
4,300,nan,nan,nan,0.16371534764766693,nan,0.19636836647987366,nan,0.21940936148166656,nan,0.2707866132259369,0.17064660787582397,0.217747300863266,nan,0.2676018476486206,0.4425298273563385,nan,0.25944334268569946,nan,nan,0.15348351001739502,0.22380204498767853,0.3436205983161926,0.43210965394973755,0.25938075810670846,nan,nan,nan,0.16371534764766693,nan,0.19636836647987366,nan,0.21940936148166656,nan,0.2707866132259369,0.17064660787582397,0.217747300863266,nan,0.2676018476486206,0.4425298273563385,nan,0.25944334268569946,nan,nan,0.15348351001739502,0.22380204498767853,0.3436205983161926,0.43210965394973755,0.25938075810670846,0.24952998831868176,nan,nan,nan,0.07830586284399033,nan,0.06352656334638596,nan,0.07305169105529785,nan,0.09936545044183731,0.07508940994739532,0.06800417602062225,nan,0.07717163860797882,0.08613252639770508,nan,0.08037494868040085,nan,nan,0.06655345857143402,0.06903285533189774,0.07755699008703232,0.0859564021229744,0.0,0.0,0.0,126.0,0.0,131.0,0.0,130.0,0.0,135.0,125.0,112.0,0.0,118.0,133.0,0.0,128.0,0.0,0.0,95.0,136.0,120.0,111.0,1600
4,307,nan,nan,nan,0.2008553445339203,nan,0.17568041384220123,nan,0.28508704900741577,nan,0.3287299573421478,0.14641252160072327,0.21762250363826752,nan,0.26966747641563416,0.3061351180076599,nan,0.40850940346717834,nan,nan,0.18914158642292023,0.14745542407035828,0.3631560802459717,0.5025984048843384,0.2760967748419283,nan,nan,nan,0.2008553445339203,nan,0.17568041384220123,nan,0.28508704900741577,nan,0.3287299573421478,0.14641252160072327,0.21762250363826752,nan,0.26966747641563416,0.3061351180076599,nan,0.40850940346717834,nan,nan,0.18914158642292023,0.14745542407035828,0.3631560802459717,0.5025984048843384,0.2760967748419283,0.2659438617035822,nan,nan,nan,0.07811239361763,nan,0.06343619525432587,nan,0.072829969227314,nan,0.0997442901134491,0.07511267066001892,0.06777670979499817,nan,0.0770973339676857,0.0860816165804863,nan,0.08047227561473846,nan,nan,0.06652279943227768,0.06889490783214569,0.07757217437028885,0.08632921427488327,0.0,0.0,0.0,12.0,0.0,17.0,0.0,10.0,0.0,26.0,16.0,23.0,0.0,11.0,21.0,0.0,15.0,0.0,0.0,11.0,10.0,10.0,15.0,197
5,50,nan,nan,nan,0.2499648928642273,nan,0.21847416460514069,nan,0.2803001403808594,nan,0.27666786313056946,0.1726052314043045,0.1902949959039688,nan,0.3433499038219452,0.4384007453918457,nan,0.29480811953544617,nan,nan,0.12846072018146515,0.1967850774526596,0.27795058488845825,0.3347291052341461,0.2633453455567361,nan,nan,nan,0.2499648928642273,nan,0.21847416460514069,nan,0.2803001403808594,nan,0.27666786313056946,0.1726052314043045,0.1902949959039688,nan,0.3433499038219452,0.4384007453918457,nan,0.29480811953544617,nan,nan,0.12846072018146515,0.1967850774526596,0.27795058488845825,0.3347291052341461,0.2633453455567361,0.24061580002307886,nan,nan,nan,0.07796555012464523,nan,0.06332873553037643,nan,0.07259848713874817,nan,0.09966672956943512,0.07515911012887955,0.06743012368679047,nan,0.07728182524442673,0.08637081831693649,nan,0.08081891387701035,nan,nan,0.0662846565246582,0.06903209537267685,0.07766570895910263,0.086459681391716,0.0,0.0,0.0,120.0,0.0,117.0,0.0,106.0,0.0,135.0,118.0,111.0,0.0,105.0,144.0,0.0,133.0,0.0,0.0,123.0,143.0,125.0,120.0,1600
5,100,nan,nan,nan,0.20904280245304108,nan,0.1496039777994156,nan,0.1910291612148285,nan,0.24491888284683228,0.20330339670181274,0.24267801642417908,nan,0.2204844206571579,0.3409554064273834,nan,0.21574431657791138,nan,nan,0.10901998728513718,0.17304737865924835,0.2215091586112976,0.36714956164360046,0.21836643159389496,nan,nan,nan,0.20904280245304108,nan,0.1496039777994156,nan,0.1910291612148285,nan,0.24491888284683228,0.20330339670181274,0.24267801642417908,nan,0.2204844206571579,0.3409554064273834,nan,0.21574431657791138,nan,nan,0.10901998728513718,0.17304737865924835,0.2215091586112976,0.36714956164360046,0.21836643159389496,0.2059735916554927,nan,nan,nan,0.07785414159297943,nan,0.06313033401966095,nan,0.07240733504295349,nan,0.10008997470140457,0.07522235065698624,0.06732665747404099,nan,0.07748498767614365,0.08643712848424911,nan,0.08121273666620255,nan,nan,0.06596352905035019,0.06913306564092636,0.07754548639059067,0.08618196845054626,0.0,0.0,0.0,112.0,0.0,123.0,0.0,145.0,0.0,129.0,146.0,112.0,0.0,113.0,115.0,0.0,117.0,0.0,0.0,138.0,117.0,129.0,104.0,1600
5,150,nan,nan,nan,0.2148689180612564,nan,0.14399798214435577,nan,0.2389325648546219,nan,0.20006264746189117,0.18783612549304962,0.2245563566684723,nan,0.2921706736087799,0.4457527697086334,nan,0.25481465458869934,nan,nan,0.1423354297876358,0.20954406261444092,0.2982698678970337,0.30595991015434265,0.24157479822635644,nan,nan,nan,0.2148689180612564,nan,0.14399798214435577,nan,0.2389325648546219,nan,0.20006264746189117,0.18783612549304962,0.2245563566684723,nan,0.2921706736087799,0.4457527697086334,nan,0.25481465458869934,nan,nan,0.1423354297876358,0.20954406261444092,0.2982698678970337,0.30595991015434265,0.24157479822635644,0.22476793423295024,nan,nan,nan,0.07747557759284973,nan,0.06286365538835526,nan,0.07236805558204651,nan,0.10017627477645874,0.07518211752176285,0.06700406223535538,nan,0.07733894884586334,0.08691079914569855,nan,0.0816383883357048,nan,nan,0.0656956285238266,0.06909457594156265,0.07775049656629562,0.08651068806648254,0.0,0.0,0.0,135.0,0.0,126.0,0.0,140.0,0.0,129.0,134.0,100.0,0.0,106.0,124.0,0.0,125.0,0.0,0.0,128.0,115.0,97.0,141.0,1600
5,200,nan,nan,nan,0.21875767409801483,nan,0.14124345779418945,nan,0.2488497644662857,nan,0.2347784787416458,0.225401371717453,0.21533232927322388,nan,0.26943063735961914,0.35271155834198,nan,0.28271251916885376,nan,nan,0.12225605547428131,0.15945641696453094,0.3849916160106659,0.3338675796985626,0.24679579183459274,nan,nan,nan,0.21875767409801483,nan,0.14124345779418945,nan,0.2488497644662857,nan,0.2347784787416458,0.225401371717453,0.21533232927322388,nan,0.26943063735961914,0.35271155834198,nan,0.28271251916885376,nan,nan,0.12225605547428131,0.15945641696453094,0.3849916160106659,0.3338675796985626,0.24679579183459274,0.22387383237481112,nan,nan,nan,0.0777382031083107,nan,0.06253458559513092,nan,0.07226473838090897,nan,0.09990666806697845,0.07505681365728378,0.06696376949548721,nan,0.07741661369800568,0.08716300129890442,nan,0.08192571997642517,nan,nan,0.06542523205280304,0.06898108124732971,0.0778740867972374,0.08675999194383621,0.0,0.0,0.0,129.0,0.0,133.0,0.0,124.0,0.0,114.0,100.0,138.0,0.0,115.0,119.0,0.0,140.0,0.0,0.0,119.0,108.0,128.0,133.0,1600
5,250,nan,nan,nan,0.20792150497436523,nan,0.14122821390628815,nan,0.2449473887681961,nan,0.2647440433502197,0.18506373465061188,0.23987196385860443,nan,0.2765522003173828,0.30802401900291443,nan,0.23778866231441498,nan,nan,0.12744730710983276,0.15317629277706146,0.22706158459186554,0.30133411288261414,0.22604378268122674,nan,nan,nan,0.20792150497436523,nan,0.14122821390628815,nan,0.2449473887681961,nan,0.2647440433502197,0.18506373465061188,0.23987196385860443,nan,0.2765522003173828,0.30802401900291443,nan,0.23778866231441498,nan,nan,0.12744730710983276,0.15317629277706146,0.22706158459186554,0.30133411288261414,0.22604378268122674,0.20770824164152146,nan,nan,nan,0.07788722217082977,nan,0.06229514256119728,nan,0.07211661338806152,nan,0.09998901188373566,0.07494232058525085,0.06673624366521835,nan,0.07776676118373871,0.08724411576986313,nan,0.08194208890199661,nan,nan,0.06513711810112,0.06881736218929291,0.07798020541667938,0.08721231669187546,0.0,0.0,0.0,139.0,0.0,119.0,0.0,121.0,0.0,135.0,115.0,126.0,0.0,134.0,109.0,0.0,124.0,0.0,0.0,107.0,110.0,137.0,124.0,1600
5,300,nan,nan,nan,0.187414288520813,nan,0.12611083686351776,nan,0.22979259490966797,nan,0.20873785018920898,0.16774879395961761,0.15903380513191223,nan,0.21522864699363708,0.36847731471061707,nan,0.20629443228244781,nan,nan,0.12421083450317383,0.22635075449943542,0.23197481036186218,0.30046793818473816,0.20812596276402473,nan,nan,nan,0.187414288520813,nan,0.12611083686351776,nan,0.22979259490966797,nan,0.20873785018920898,0.16774879395961761,0.15903380513191223,nan,0.21522864699363708,0.36847731471061707,nan,0.20629443228244781,nan,nan,0.12421083450317383,0.22635075449943542,0.23197481036186218,0.30046793818473816,0.20812596276402473,0.19884061977267262,nan,nan,nan,0.07835598289966583,nan,0.06214050576090813,nan,0.0722711980342865,nan,0.09965190291404724,0.07463841140270233,0.06639072299003601,nan,0.07768931239843369,0.08747883886098862,nan,0.08198939263820648,nan,nan,0.06497988104820251,0.06910212337970734,0.0777624249458313,0.08758307248353958,0.0,0.0,0.0,120.0,0.0,126.0,0.0,127.0,0.0,129.0,123.0,143.0,0.0,135.0,101.0,0.0,118.0,0.0,0.0,131.0,107.0,118.0,122.0,1600
5,307,nan,nan,nan,0.2410660684108734,nan,0.20218053460121155,nan,0.315825879573822,nan,0.402523934841156,0.11258253455162048,0.2803380787372589,nan,0.6360697150230408,0.4377139210700989,nan,0.10820221900939941,nan,nan,0.13398927450180054,0.179672971367836,0.4418785870075226,0.35776686668395996,0.2881075155916553,nan,nan,nan,0.2410660684108734,nan,0.20218053460121155,nan,0.315825879573822,nan,0.402523934841156,0.11258253455162048,0.2803380787372589,nan,0.6360697150230408,0.4377139210700989,nan,0.10820221900939941,nan,nan,0.13398927450180054,0.179672971367836,0.4418785870075226,0.35776686668395996,0.2881075155916553,0.23764193228204847,nan,nan,nan,0.07854670286178589,nan,0.06187437102198601,nan,0.07239945232868195,nan,0.099764384329319,0.0745784193277359,0.06626205891370773,nan,0.07746835798025131,0.08776985108852386,nan,0.08188339322805405,nan,nan,0.06483681499958038,0.06900687515735626,0.07786312699317932,0.0878119245171547,0.0,0.0,0.0,19.0,0.0,18.0,0.0,19.0,0.0,14.0,14.0,9.0,0.0,9.0,16.0,0.0,17.0,0.0,0.0,12.0,17.0,21.0,12.0,197
6,50,nan,nan,nan,0.1783600151538849,nan,0.160347580909729,nan,0.2589710056781769,nan,0.20951344072818756,0.1503104418516159,0.2405005544424057,nan,0.2758564054965973,0.3784283697605133,nan,0.2631526589393616,nan,nan,0.15546584129333496,0.17210321128368378,0.2691274881362915,0.3247404098510742,0.23500768363475794,nan,nan,nan,0.1783600151538849,nan,0.160347580909729,nan,0.2589710056781769,nan,0.20951344072818756,0.1503104418516159,0.2405005544424057,nan,0.2758564054965973,0.3784283697605133,nan,0.2631526589393616,nan,nan,0.15546584129333496,0.17210321128368378,0.2691274881362915,0.3247404098510742,0.23500768363475794,0.22578679770231247,nan,nan,nan,0.0784783884882927,nan,0.06195638328790665,nan,0.07226614654064178,nan,0.09981106966733932,0.07438260316848755,0.06633809208869934,nan,0.0776812732219696,0.08800242841243744,nan,0.08182350546121597,nan,nan,0.06471222639083862,0.06903987377882004,0.07786275446414948,0.08768905699253082,0.0,0.0,0.0,131.0,0.0,133.0,0.0,127.0,0.0,111.0,126.0,116.0,0.0,117.0,148.0,0.0,117.0,0.0,0.0,113.0,121.0,127.0,113.0,1600
6,100,nan,nan,nan,0.20600146055221558,nan,0.1610766351222992,nan,0.26858869194984436,nan,0.2662707567214966,0.24812588095664978,0.21038684248924255,nan,0.2172715663909912,0.3202243149280548,nan,0.24651597440242767,nan,nan,0.09441912174224854,0.20532749593257904,0.31947043538093567,0.3590053915977478,0.24237579509615897,nan,nan,nan,0.20600146055221558,nan,0.1610766351222992,nan,0.26858869194984436,nan,0.2662707567214966,0.24812588095664978,0.21038684248924255,nan,0.2172715663909912,0.3202243149280548,nan,0.24651597440242767,nan,nan,0.09441912174224854,0.20532749593257904,0.31947043538093567,0.3590053915977478,0.24237579509615897,0.24046929001808165,nan,nan,nan,0.07853523641824722,nan,0.061792563647031784,nan,0.07219544798135757,nan,0.09968344122171402,0.07441636174917221,0.06613094359636307,nan,0.07761278003454208,0.08846654742956161,nan,0.08195915073156357,nan,nan,0.06418242305517197,0.06936502456665039,0.07785499095916748,0.08780450373888016,0.0,0.0,0.0,116.0,0.0,128.0,0.0,123.0,0.0,116.0,125.0,112.0,0.0,116.0,115.0,0.0,128.0,0.0,0.0,120.0,121.0,139.0,141.0,1600
6,150,nan,nan,nan,0.20527559518814087,nan,0.15575695037841797,nan,0.20481374859809875,nan,0.27759629487991333,0.19716288149356842,0.22556056082248688,nan,0.30225470662117004,0.34720614552497864,nan,0.2796441912651062,nan,nan,0.12445035576820374,0.2867468297481537,0.26513490080833435,0.3052438199520111,0.24492600873112685,nan,nan,nan,0.20527559518814087,nan,0.15575695037841797,nan,0.20481374859809875,nan,0.27759629487991333,0.19716288149356842,0.22556056082248688,nan,0.30225470662117004,0.34720614552497864,nan,0.2796441912651062,nan,nan,0.12445035576820374,0.2867468297481537,0.26513490080833435,0.3052438199520111,0.24492600873112685,0.22956113100051873,nan,nan,nan,0.07846241444349289,nan,0.061510954052209854,nan,0.07222950458526611,nan,0.09928841888904572,0.07467319071292877,0.06568464636802673,nan,0.07734981924295425,0.08921477198600769,nan,0.08222703635692596,nan,nan,0.06385012716054916,0.06937167048454285,0.07818029820919037,0.08792731165885925,0.0,0.0,0.0,116.0,0.0,124.0,0.0,120.0,0.0,131.0,117.0,118.0,0.0,140.0,125.0,0.0,132.0,0.0,0.0,129.0,128.0,110.0,110.0,1600
6,200,nan,nan,nan,0.21723157167434692,nan,0.18339312076568604,nan,0.18984198570251465,nan,0.22690345346927643,0.19946540892124176,0.27389785647392273,nan,0.26923373341560364,0.3201538622379303,nan,0.19390049576759338,nan,nan,0.10786743462085724,0.16098880767822266,0.2285403311252594,0.27375003695487976,0.2174040704965592,nan,nan,nan,0.21723157167434692,nan,0.18339312076568604,nan,0.18984198570251465,nan,0.22690345346927643,0.19946540892124176,0.27389785647392273,nan,0.26923373341560364,0.3201538622379303,nan,0.19390049576759338,nan,nan,0.10786743462085724,0.16098880767822266,0.2285403311252594,0.27375003695487976,0.2174040704965592,0.19974817804992198,nan,nan,nan,0.07855776697397232,nan,0.06122420355677605,nan,0.07226043194532394,nan,0.0995093435049057,0.07482796162366867,0.0653550922870636,nan,0.07743261754512787,0.08961264044046402,nan,0.08242859691381454,nan,nan,0.06351138651371002,0.06958581507205963,0.07812464982271194,0.08764136582612991,0.0,0.0,0.0,128.0,0.0,115.0,0.0,145.0,0.0,117.0,117.0,116.0,0.0,122.0,108.0,0.0,130.0,0.0,0.0,126.0,123.0,122.0,131.0,1600
6,250,nan,nan,nan,0.18153542280197144,nan,0.07177531719207764,nan,0.1838386356830597,nan,0.25351446866989136,0.1459091156721115,0.1950695514678955,nan,0.30424317717552185,0.27698788046836853,nan,0.2328316867351532,nan,nan,0.12206283956766129,0.1590868979692459,0.26105383038520813,0.2892457842826843,0.20696019262075419,nan,nan,nan,0.18153542280197144,nan,0.07177531719207764,nan,0.1838386356830597,nan,0.25351446866989136,0.1459091156721115,0.1950695514678955,nan,0.30424317717552185,0.27698788046836853,nan,0.2328316867351532,nan,nan,0.12206283956766129,0.1590868979692459,0.26105383038520813,0.2892457842826843,0.20696019262075419,0.19067554667592046,nan,nan,nan,0.07879037410020828,nan,0.060843005776405334,nan,0.07241488248109818,nan,0.09957423806190491,0.0749581903219223,0.06516798585653305,nan,0.07752083241939545,0.08963502943515778,nan,0.08252997696399689,nan,nan,0.0632314383983612,0.06975150853395462,0.07810615748167038,0.08746910840272903,0.0,0.0,0.0,127.0,0.0,118.0,0.0,138.0,0.0,141.0,119.0,114.0,0.0,115.0,134.0,0.0,130.0,0.0,0.0,108.0,127.0,110.0,119.0,1600
6,300,nan,nan,nan,0.21020862460136414,nan,0.2060186266899109,nan,0.20883764326572418,nan,0.23412421345710754,0.19608069956302643,0.20928001403808594,nan,0.21186915040016174,0.32999664545059204,nan,0.19979269802570343,nan,nan,0.14097106456756592,0.23857370018959045,0.24928785860538483,0.264496386051178,0.22238561570644377,nan,nan,nan,0.21020862460136414,nan,0.2060186266899109,nan,0.20883764326572418,nan,0.23412421345710754,0.19608069956302643,0.20928001403808594,nan,0.21186915040016174,0.32999664545059204,nan,0.19979269802570343,nan,nan,0.14097106456756592,0.23857370018959045,0.24928785860538483,0.264496386051178,0.22238561570644377,0.20975701421499257,nan,nan,nan,0.07875673472881317,nan,0.06056259572505951,nan,0.07233954966068268,nan,0.09999353438615799,0.0750519335269928,0.06523285806179047,nan,0.07754442095756531,0.08983869850635529,nan,0.08260057866573334,nan,nan,0.06311428546905518,0.06957527995109558,0.07800697535276413,0.0874178409576416,0.0,0.0,0.0,117.0,0.0,142.0,0.0,124.0,0.0,129.0,138.0,117.0,0.0,107.0,124.0,0.0,126.0,0.0,0.0,124.0,128.0,112.0,112.0,1600
6,307,nan,nan,nan,0.09625758230686188,nan,0.1233116015791893,nan,0.23598191142082214,nan,0.18812279403209686,0.11062746495008469,0.29392462968826294,nan,0.22407719492912292,0.32040026783943176,nan,0.12944024801254272,nan,nan,0.19149895012378693,0.133121520280838,0.25777915120124817,0.4081129729747772,0.2236306709686512,nan,nan,nan,0.09625758230686188,nan,0.1233116015791893,nan,0.23598191142082214,nan,0.18812279403209686,0.11062746495008469,0.29392462968826294,nan,0.22407719492912292,0.32040026783943176,nan,0.12944024801254272,nan,nan,0.19149895012378693,0.133121520280838,0.25777915120124817,0.4081129729747772,0.2236306709686512,0.20668354796879185,nan,nan,nan,0.07899889349937439,nan,0.060566894710063934,nan,0.07233668863773346,nan,0.10064306855201721,0.07502604275941849,0.06522640585899353,nan,0.07765473425388336,0.08990824967622757,nan,0.08232802152633667,nan,nan,0.06296581029891968,0.06939973682165146,0.07769207656383514,0.08725006133317947,0.0,0.0,0.0,12.0,0.0,15.0,0.0,13.0,0.0,18.0,9.0,21.0,0.0,21.0,18.0,0.0,11.0,0.0,0.0,13.0,11.0,18.0,17.0,197
7,50,nan,nan,nan,0.15542550384998322,nan,0.12718288600444794,nan,0.2236030548810959,nan,0.29217422008514404,0.1792219579219818,0.27236607670783997,nan,0.2296455055475235,0.33214834332466125,nan,0.2569701373577118,nan,nan,0.1610146015882492,0.14849808812141418,0.2662588953971863,0.3708358407020569,0.2294645249843596,nan,nan,nan,0.15542550384998322,nan,0.12718288600444794,nan,0.2236030548810959,nan,0.29217422008514404,0.1792219579219818,0.27236607670783997,nan,0.2296455055475235,0.33214834332466125,nan,0.2569701373577118,nan,nan,0.1610146015882492,0.14849808812141418,0.2662588953971863,0.3708358407020569,0.2294645249843596,0.2184068492054939,nan,nan,nan,0.07889791578054428,nan,0.06042660027742386,nan,0.07229861617088318,nan,0.10082371532917023,0.07473652809858322,0.06516575068235397,nan,0.0777084156870842,0.09005402773618698,nan,0.08231636881828308,nan,nan,0.06297381222248077,0.06914906203746796,0.0779644250869751,0.08749006688594818,0.0,0.0,0.0,147.0,0.0,130.0,0.0,137.0,0.0,106.0,117.0,104.0,0.0,121.0,121.0,0.0,124.0,0.0,0.0,131.0,114.0,124.0,124.0,1600
7,100,nan,nan,nan,0.18727201223373413,nan,0.10802219808101654,nan,0.17472052574157715,nan,0.23805606365203857,0.16651558876037598,0.22185398638248444,nan,0.23906852304935455,0.372836709022522,nan,0.1924450546503067,nan,nan,0.1590808480978012,0.1590389460325241,0.27377089858055115,0.3073351979255676,0.21561756476759908,nan,nan,nan,0.18727201223373413,nan,0.10802219808101654,nan,0.17472052574157715,nan,0.23805606365203857,0.16651558876037598,0.22185398638248444,nan,0.23906852304935455,0.372836709022522,nan,0.1924450546503067,nan,nan,0.1590808480978012,0.1590389460325241,0.27377089858055115,0.3073351979255676,0.21561756476759908,0.2031482546776533,nan,nan,nan,0.07891115546226501,nan,0.06025710701942444,nan,0.07208092510700226,nan,0.10081809759140015,0.07450930774211884,0.06495529413223267,nan,0.07770688831806183,0.09056796133518219,nan,0.08251091837882996,nan,nan,0.06298007071018219,0.06895958632230759,0.07805004715919495,0.08768025785684586,0.0,0.0,0.0,114.0,0.0,130.0,0.0,133.0,0.0,115.0,118.0,132.0,0.0,123.0,120.0,0.0,131.0,0.0,0.0,125.0,107.0,109.0,143.0,1600
7,150,nan,nan,nan,0.18820132315158844,nan,0.16560333967208862,nan,0.20047706365585327,nan,0.24415789544582367,0.17484642565250397,0.1866973638534546,nan,0.22023437917232513,0.31768640875816345,nan,0.20243783295154572,nan,nan,0.11436918377876282,0.1908538043498993,0.24762777984142303,0.32528287172317505,0.21293361306190484,nan,nan,nan,0.18820132315158844,nan,0.16560333967208862,nan,0.20047706365585327,nan,0.24415789544582367,0.17484642565250397,0.1866973638534546,nan,0.22023437917232513,0.31768640875816345,nan,0.20243783295154572,nan,nan,0.11436918377876282,0.1908538043498993,0.24762777984142303,0.32528287172317505,0.21293361306190484,0.20700643971562385,nan,nan,nan,0.07870826125144958,nan,0.06020963937044144,nan,0.07193470001220703,nan,0.10116145014762878,0.07468042522668839,0.06476771831512451,nan,0.07760794460773468,0.09083069860935211,nan,0.08228316158056259,nan,nan,0.06292719393968582,0.06911305338144302,0.07792505621910095,0.0878584086894989,0.0,0.0,0.0,136.0,0.0,111.0,0.0,137.0,0.0,151.0,114.0,106.0,0.0,125.0,109.0,0.0,123.0,0.0,0.0,128.0,128.0,115.0,117.0,1600
7,200,nan,nan,nan,0.16082800924777985,nan,0.10973308235406876,nan,0.18397554755210876,nan,0.20425738394260406,0.15083566308021545,0.24852274358272552,nan,0.25718027353286743,0.30028295516967773,nan,0.16290555894374847,nan,nan,0.1376454383134842,0.20012205839157104,0.245316281914711,0.27835434675216675,0.20440195575356487,nan,nan,nan,0.16082800924777985,nan,0.10973308235406876,nan,0.18397554755210876,nan,0.20425738394260406,0.15083566308021545,0.24852274358272552,nan,0.25718027353286743,0.30028295516967773,nan,0.16290555894374847,nan,nan,0.1376454383134842,0.20012205839157104,0.245316281914711,0.27835434675216675,0.20440195575356487,0.190824117809534,nan,nan,nan,0.07871010154485703,nan,0.05997635796666145,nan,0.07177531719207764,nan,0.10130834579467773,0.07450272142887115,0.06468445062637329,nan,0.07759153097867966,0.09147580713033676,nan,0.0819600373506546,nan,nan,0.06267165392637253,0.06935855746269226,0.07785964012145996,0.08814970403909683,0.0,0.0,0.0,112.0,0.0,128.0,0.0,129.0,0.0,126.0,127.0,126.0,0.0,117.0,133.0,0.0,120.0,0.0,0.0,114.0,109.0,125.0,134.0,1600
7,250,nan,nan,nan,0.17153510451316833,nan,0.14804908633232117,nan,0.20791929960250854,nan,0.24154381453990936,0.15903687477111816,0.1917310506105423,nan,0.26437273621559143,0.36424386501312256,nan,0.2559434175491333,nan,nan,0.13400673866271973,0.14813806116580963,0.3181573152542114,0.30177128314971924,0.22139758765697468,nan,nan,nan,0.17153510451316833,nan,0.14804908633232117,nan,0.20791929960250854,nan,0.24154381453990936,0.15903687477111816,0.1917310506105423,nan,0.26437273621559143,0.36424386501312256,nan,0.2559434175491333,nan,nan,0.13400673866271973,0.14813806116580963,0.3181573152542114,0.30177128314971924,0.22139758765697468,0.19803107604384423,nan,nan,nan,0.07899775356054306,nan,0.05966499075293541,nan,0.0714469850063324,nan,0.10116565972566605,0.0742785856127739,0.0645754411816597,nan,0.07807213068008423,0.09199449419975281,nan,0.08183853328227997,nan,nan,0.06261730939149857,0.06945440173149109,0.07795920222997665,0.08796226233243942,0.0,0.0,0.0,124.0,0.0,131.0,0.0,115.0,0.0,123.0,118.0,135.0,0.0,134.0,116.0,0.0,124.0,0.0,0.0,123.0,132.0,119.0,106.0,1600
7,300,nan,nan,nan,0.19082950055599213,nan,0.11311285197734833,nan,0.22064970433712006,nan,0.19858677685260773,0.18529649078845978,0.16812832653522491,nan,0.26250773668289185,0.2705095112323761,nan,0.22809626162052155,nan,nan,0.16313694417476654,0.16995921730995178,0.1783847212791443,0.27196916937828064,0.20172442764043805,nan,nan,nan,0.19082950055599213,nan,0.11311285197734833,nan,0.22064970433712006,nan,0.19858677685260773,0.18529649078845978,0.16812832653522491,nan,0.26250773668289185,0.2705095112323761,nan,0.22809626162052155,nan,nan,0.16313694417476654,0.16995921730995178,0.1783847212791443,0.27196916937828064,0.20172442764043805,0.1840609019994735,nan,nan,nan,0.07908507436513901,nan,0.05939704179763794,nan,0.07133743911981583,nan,0.10088223218917847,0.07429371774196625,0.06437918543815613,nan,0.07836617529392242,0.09205149859189987,nan,0.08211172372102737,nan,nan,0.06245770677924156,0.06932596862316132,0.07817525416612625,0.0881403237581253,0.0,0.0,0.0,131.0,0.0,122.0,0.0,128.0,0.0,122.0,117.0,119.0,0.0,111.0,133.0,0.0,117.0,0.0,0.0,125.0,128.0,121.0,126.0,1600
7,307,nan,nan,nan,0.15607291460037231,nan,0.18260231614112854,nan,0.21879273653030396,nan,0.27544134855270386,0.06126249209046364,0.21118523180484772,nan,0.21426503360271454,0.15675610303878784,nan,0.2700425386428833,nan,nan,0.09614618122577667,0.22257229685783386,0.5492432713508606,0.2219298779964447,0.21165906354255487,nan,nan,nan,0.15607291460037231,nan,0.18260231614112854,nan,0.21879273653030396,nan,0.27544134855270386,0.06126249209046364,0.21118523180484772,nan,0.21426503360271454,0.15675610303878784,nan,0.2700425386428833,nan,nan,0.09614618122577667,0.22257229685783386,0.5492432713508606,0.2219298779964447,0.21165906354255487,0.21838179366842747,nan,nan,nan,0.07908225059509277,nan,0.059253815561532974,nan,0.07139212638139725,nan,0.10104896128177643,0.07429645210504532,0.0643421858549118,nan,0.07832922041416168,0.09210434556007385,nan,0.08218121528625488,nan,nan,0.06248939037322998,0.06918835639953613,0.07822702825069427,0.08806144446134567,0.0,0.0,0.0,14.0,0.0,19.0,0.0,17.0,0.0,18.0,16.0,14.0,0.0,15.0,15.0,0.0,13.0,0.0,0.0,16.0,14.0,12.0,14.0,197
8,50,nan,nan,nan,0.22868897020816803,nan,0.12715959548950195,nan,0.2187572866678238,nan,0.18043926358222961,0.18765196204185486,0.21320770680904388,nan,0.23840655386447906,0.3606666922569275,nan,0.2242012321949005,nan,nan,0.12617522478103638,0.15850625932216644,0.23251381516456604,0.2532119154930115,0.21265323475003237,nan,nan,nan,0.22868897020816803,nan,0.12715959548950195,nan,0.2187572866678238,nan,0.18043926358222961,0.18765196204185486,0.21320770680904388,nan,0.23840655386447906,0.3606666922569275,nan,0.2242012321949005,nan,nan,0.12617522478103638,0.15850625932216644,0.23251381516456604,0.2532119154930115,0.21265323475003237,0.20041664570569992,nan,nan,nan,0.07910935580730438,nan,0.0590704083442688,nan,0.07133749127388,nan,0.10110031813383102,0.07431112974882126,0.06415656954050064,nan,0.07809855043888092,0.09239930659532547,nan,0.08218274265527725,nan,nan,0.062459949404001236,0.06904718279838562,0.07837310433387756,0.0882427915930748,0.0,0.0,0.0,133.0,0.0,104.0,0.0,122.0,0.0,135.0,136.0,127.0,0.0,97.0,137.0,0.0,111.0,0.0,0.0,134.0,115.0,128.0,121.0,1600
8,100,nan,nan,nan,0.1624988466501236,nan,0.14236684143543243,nan,0.16901785135269165,nan,0.2985982298851013,0.1916261464357376,0.20545677840709686,nan,0.25312384963035583,0.2602454125881195,nan,0.2261282354593277,nan,nan,0.12389130145311356,0.16680504381656647,0.24827037751674652,0.3350668251514435,0.21327272996306412,nan,nan,nan,0.1624988466501236,nan,0.14236684143543243,nan,0.16901785135269165,nan,0.2985982298851013,0.1916261464357376,0.20545677840709686,nan,0.25312384963035583,0.2602454125881195,nan,0.2261282354593277,nan,nan,0.12389130145311356,0.16680504381656647,0.24827037751674652,0.3350668251514435,0.21327272996306412,0.19038024775683884,nan,nan,nan,0.07879480719566345,nan,0.05867725983262062,nan,0.07114148885011673,nan,0.10126575827598572,0.07432755827903748,0.06410062313079834,nan,0.0778980404138565,0.09304836392402649,nan,0.08233270794153214,nan,nan,0.06237907335162163,0.06893593072891235,0.07849455624818802,0.08857520669698715,0.0,0.0,0.0,117.0,0.0,119.0,0.0,135.0,0.0,119.0,145.0,127.0,0.0,122.0,106.0,0.0,116.0,0.0,0.0,110.0,130.0,139.0,115.0,1600
8,150,nan,nan,nan,0.21672096848487854,nan,0.13947424292564392,nan,0.19500307738780975,nan,0.28374409675598145,0.1969825029373169,0.21392904222011566,nan,0.3123541474342346,0.3202764689922333,nan,0.18915772438049316,nan,nan,0.12441882491111755,0.15920983254909515,0.25366002321243286,0.33058643341064453,0.22672619074583053,nan,nan,nan,0.21672096848487854,nan,0.13947424292564392,nan,0.19500307738780975,nan,0.28374409675598145,0.1969825029373169,0.21392904222011566,nan,0.3123541474342346,0.3202764689922333,nan,0.18915772438049316,nan,nan,0.12441882491111755,0.15920983254909515,0.25366002321243286,0.33058643341064453,0.22672619074583053,0.21991565719246858,nan,nan,nan,0.07853846997022629,nan,0.05848292261362076,nan,0.07086393237113953,nan,0.10149124264717102,0.07446614652872086,0.06423216313123703,nan,0.07810980081558228,0.09289435297250748,nan,0.08219201117753983,nan,nan,0.062262725085020065,0.06876615434885025,0.07868478447198868,0.08905532211065292,0.0,0.0,0.0,104.0,0.0,114.0,0.0,126.0,0.0,122.0,130.0,121.0,0.0,123.0,120.0,0.0,115.0,0.0,0.0,112.0,143.0,142.0,128.0,1600
8,200,nan,nan,nan,0.20119759440422058,nan,0.14708729088306427,nan,0.19051587581634521,nan,0.19942191243171692,0.15766413509845734,0.23705776035785675,nan,0.23495709896087646,0.3268825113773346,nan,0.19892343878746033,nan,nan,0.11076035350561142,0.19366130232810974,0.37932369112968445,0.4130907654762268,0.22739523291587824,nan,nan,nan,0.20119759440422058,nan,0.14708729088306427,nan,0.19051587581634521,nan,0.19942191243171692,0.15766413509845734,0.23705776035785675,nan,0.23495709896087646,0.3268825113773346,nan,0.19892343878746033,nan,nan,0.11076035350561142,0.19366130232810974,0.37932369112968445,0.4130907654762268,0.22739523291587824,0.2199748320877552,nan,nan,nan,0.07848295569419861,nan,0.0582362562417984,nan,0.0708182081580162,nan,0.10132225602865219,0.07422574609518051,0.06426539272069931,nan,0.07842406630516052,0.09313802421092987,nan,0.0821765661239624,nan,nan,0.06213955953717232,0.06854397058486938,0.07879982143640518,0.08944708108901978,0.0,0.0,0.0,119.0,0.0,140.0,0.0,129.0,0.0,134.0,120.0,129.0,0.0,121.0,100.0,0.0,104.0,0.0,0.0,144.0,109.0,120.0,131.0,1600
8,250,nan,nan,nan,0.17650823295116425,nan,0.1564662754535675,nan,0.20755966007709503,nan,0.29099515080451965,0.22245261073112488,0.25062820315361023,nan,0.2459297478199005,0.38445842266082764,nan,0.2678995430469513,nan,nan,0.07821238040924072,0.19439323246479034,0.2968941926956177,0.2773407995700836,0.23138061985373493,nan,nan,nan,0.17650823295116425,nan,0.1564662754535675,nan,0.20755966007709503,nan,0.29099515080451965,0.22245261073112488,0.25062820315361023,nan,0.2459297478199005,0.38445842266082764,nan,0.2678995430469513,nan,nan,0.07821238040924072,0.19439323246479034,0.2968941926956177,0.2773407995700836,0.23138061985373493,0.2295225128531456,nan,nan,nan,0.07813045382499695,nan,0.057999368757009506,nan,0.07062613219022751,nan,0.10158645361661911,0.07416479289531708,0.06435051560401917,nan,0.07842212915420532,0.09329014271497726,nan,0.0821266919374466,nan,nan,0.06181882321834564,0.06846895068883896,0.0792514830827713,0.08982925117015839,0.0,0.0,0.0,121.0,0.0,140.0,0.0,110.0,0.0,122.0,130.0,128.0,0.0,139.0,104.0,0.0,121.0,0.0,0.0,124.0,134.0,119.0,108.0,1600
8,300,nan,nan,nan,0.2246043086051941,nan,0.13920870423316956,nan,0.2132074236869812,nan,0.20251162350177765,0.1504991203546524,0.1567533165216446,nan,0.30813008546829224,0.3459988236427307,nan,0.22359231114387512,nan,nan,0.12134245783090591,0.15301363170146942,0.24427136778831482,0.28000563383102417,0.2133685022592545,nan,nan,nan,0.2246043086051941,nan,0.13920870423316956,nan,0.2132074236869812,nan,0.20251162350177765,0.1504991203546524,0.1567533165216446,nan,0.30813008546829224,0.3459988236427307,nan,0.22359231114387512,nan,nan,0.12134245783090591,0.15301363170146942,0.24427136778831482,0.28000563383102417,0.2133685022592545,0.19775223538279532,nan,nan,nan,0.07811359316110611,nan,0.05786944925785065,nan,0.07043781131505966,nan,0.10189298540353775,0.07371536642313004,0.06449030339717865,nan,0.07879608869552612,0.09334010630846024,nan,0.08186821639537811,nan,nan,0.061688926070928574,0.06818852573633194,0.07947958260774612,0.09009114652872086,0.0,0.0,0.0,112.0,0.0,130.0,0.0,130.0,0.0,132.0,114.0,120.0,0.0,137.0,124.0,0.0,127.0,0.0,0.0,115.0,125.0,123.0,111.0,1600
8,307,nan,nan,nan,0.08921657502651215,nan,0.1387939304113388,nan,0.16759571433067322,nan,0.2897961139678955,0.16488689184188843,0.222609281539917,nan,0.1581721305847168,0.29887133836746216,nan,0.3043757975101471,nan,nan,0.07970219850540161,0.14657039940357208,0.8384639024734497,0.5827914476394653,0.27081702974847127,nan,nan,nan,0.08921657502651215,nan,0.1387939304113388,nan,0.16759571433067322,nan,0.2897961139678955,0.16488689184188843,0.222609281539917,nan,0.1581721305847168,0.29887133836746216,nan,0.3043757975101471,nan,nan,0.07970219850540161,0.14657039940357208,0.8384639024734497,0.5827914476394653,0.27081702974847127,0.23606970452415157,nan,nan,nan,0.0780830830335617,nan,0.05765608325600624,nan,0.07041884958744049,nan,0.1017661988735199,0.07334011793136597,0.0645180344581604,nan,0.07898052781820297,0.09360141307115555,nan,0.08171858638525009,nan,nan,0.0616091787815094,0.06803109496831894,0.07985534518957138,0.09039554744958878,0.0,0.0,0.0,11.0,0.0,17.0,0.0,18.0,0.0,18.0,10.0,12.0,0.0,19.0,15.0,0.0,14.0,0.0,0.0,22.0,11.0,19.0,11.0,197
9,50,nan,nan,nan,0.19939866662025452,nan,0.1523313671350479,nan,0.21097992360591888,nan,0.22768822312355042,0.16274218261241913,0.2031843662261963,nan,0.17542164027690887,0.2031477838754654,nan,0.2219279706478119,nan,nan,0.1192750409245491,0.1461760401725769,0.20675338804721832,0.2609304189682007,0.19171255603432646,nan,nan,nan,0.19939866662025452,nan,0.1523313671350479,nan,0.21097992360591888,nan,0.22768822312355042,0.16274218261241913,0.2031843662261963,nan,0.17542164027690887,0.2031477838754654,nan,0.2219279706478119,nan,nan,0.1192750409245491,0.1461760401725769,0.20675338804721832,0.2609304189682007,0.19171255603432646,0.18562239393591878,nan,nan,nan,0.07830357551574707,nan,0.05741910636425018,nan,0.07054369896650314,nan,0.10203802585601807,0.07335588335990906,0.06434191018342972,nan,0.07884074747562408,0.09381910413503647,nan,0.08175291121006012,nan,nan,0.06146511435508728,0.06804686784744263,0.07980603724718094,0.09026637673377991,0.0,0.0,0.0,100.0,0.0,126.0,0.0,114.0,0.0,130.0,117.0,147.0,0.0,140.0,124.0,0.0,132.0,0.0,0.0,119.0,119.0,113.0,119.0,1600
9,100,nan,nan,nan,0.16374364495277405,nan,0.13121062517166138,nan,0.169505774974823,nan,0.23728157579898834,0.14751489460468292,0.16870619356632233,nan,0.2625371515750885,0.2601306736469269,nan,0.2046639621257782,nan,nan,0.12530624866485596,0.15987960994243622,0.2636343836784363,0.2644856870174408,0.19863756775856015,nan,nan,nan,0.16374364495277405,nan,0.13121062517166138,nan,0.169505774974823,nan,0.23728157579898834,0.14751489460468292,0.16870619356632233,nan,0.2625371515750885,0.2601306736469269,nan,0.2046639621257782,nan,nan,0.12530624866485596,0.15987960994243622,0.2636343836784363,0.2644856870174408,0.19863756775856015,0.1801541683077812,nan,nan,nan,0.07790649682283401,nan,0.057322029024362564,nan,0.07044858485460281,nan,0.10236119478940964,0.07335614413022995,0.06419491767883301,nan,0.07919663935899734,0.09435007721185684,nan,0.08169250935316086,nan,nan,0.06107242405414581,0.06805317103862762,0.08005916327238083,0.09005063772201538,0.0,0.0,0.0,130.0,0.0,118.0,0.0,121.0,0.0,121.0,128.0,117.0,0.0,128.0,123.0,0.0,113.0,0.0,0.0,114.0,115.0,153.0,119.0,1600
9,150,nan,nan,nan,0.17406439781188965,nan,0.15992631018161774,nan,0.18684883415699005,nan,0.26012516021728516,0.20212143659591675,0.22934795916080475,nan,0.25124338269233704,0.25704553723335266,nan,0.18181894719600677,nan,nan,0.118714839220047,0.1868085116147995,0.2661844491958618,0.27785250544548035,0.21067814886569977,nan,nan,nan,0.17406439781188965,nan,0.15992631018161774,nan,0.18684883415699005,nan,0.26012516021728516,0.20212143659591675,0.22934795916080475,nan,0.25124338269233704,0.25704553723335266,nan,0.18181894719600677,nan,nan,0.118714839220047,0.1868085116147995,0.2661844491958618,0.27785250544548035,0.21067814886569977,0.18752155125141143,nan,nan,nan,0.07776647806167603,nan,0.057122278958559036,nan,0.07037775218486786,nan,0.10274885594844818,0.07326222956180573,0.06407653540372849,nan,0.07947611808776855,0.09418638795614243,nan,0.08177873492240906,nan,nan,0.06081018224358559,0.06804075092077255,0.08054768294095993,0.08985733985900879,0.0,0.0,0.0,116.0,0.0,125.0,0.0,126.0,0.0,116.0,125.0,110.0,0.0,108.0,134.0,0.0,134.0,0.0,0.0,134.0,122.0,121.0,129.0,1600
9,200,nan,nan,nan,0.17839084565639496,nan,0.1639711707830429,nan,0.21673859655857086,nan,0.23651902377605438,0.16516909003257751,0.20618180930614471,nan,0.23310932517051697,0.4197632968425751,nan,0.21944788098335266,nan,nan,0.13153323531150818,0.17835599184036255,0.31565195322036743,0.32292959094047546,0.23017831385135648,nan,nan,nan,0.17839084565639496,nan,0.1639711707830429,nan,0.21673859655857086,nan,0.23651902377605438,0.16516909003257751,0.20618180930614471,nan,0.23310932517051697,0.4197632968425751,nan,0.21944788098335266,nan,nan,0.13153323531150818,0.17835599184036255,0.31565195322036743,0.32292959094047546,0.23017831385135648,0.221549220085144,nan,nan,nan,0.07768402993679047,nan,0.05695481225848198,nan,0.07013218849897385,nan,0.10287400335073471,0.0733080506324768,0.0639173686504364,nan,0.07947998493909836,0.09427953511476517,nan,0.08171891421079636,nan,nan,0.060610003769397736,0.0679762065410614,0.08118754625320435,0.08987375348806381,0.0,0.0,0.0,130.0,0.0,109.0,0.0,103.0,0.0,136.0,143.0,110.0,0.0,124.0,123.0,0.0,128.0,0.0,0.0,121.0,122.0,127.0,124.0,1600
9,250,nan,nan,nan,0.157557412981987,nan,0.1696344017982483,nan,0.2738170623779297,nan,0.30038395524024963,0.20767438411712646,0.17047014832496643,nan,0.26841679215431213,0.34702587127685547,nan,0.21831828355789185,nan,nan,0.14672523736953735,0.17094746232032776,0.27759629487991333,0.3904336988925934,0.2376967605948448,nan,nan,nan,0.157557412981987,nan,0.1696344017982483,nan,0.2738170623779297,nan,0.30038395524024963,0.20767438411712646,0.17047014832496643,nan,0.26841679215431213,0.34702587127685547,nan,0.21831828355789185,nan,nan,0.14672523736953735,0.17094746232032776,0.27759629487991333,0.3904336988925934,0.2376967605948448,0.23148016318678852,nan,nan,nan,0.07721693813800812,nan,0.05660051479935646,nan,0.06982177495956421,nan,0.10335143655538559,0.07294774055480957,0.0634639635682106,nan,0.07997635006904602,0.09488656371831894,nan,0.08167867362499237,nan,nan,0.060107387602329254,0.06788384914398193,0.0816725417971611,0.0904201939702034,0.0,0.0,0.0,120.0,0.0,113.0,0.0,125.0,0.0,128.0,121.0,139.0,0.0,106.0,138.0,0.0,109.0,0.0,0.0,126.0,135.0,130.0,110.0,1600
9,300,nan,nan,nan,0.17999964952468872,nan,0.13292640447616577,nan,0.21986128389835358,nan,0.2239655703306198,0.17301848530769348,0.21226024627685547,nan,0.2680835425853729,0.328670859336853,nan,0.18612051010131836,nan,nan,0.10155439376831055,0.21001602709293365,0.3270641565322876,0.34212052822113037,0.22557872891426084,nan,nan,nan,0.17999964952468872,nan,0.13292640447616577,nan,0.21986128389835358,nan,0.2239655703306198,0.17301848530769348,0.21226024627685547,nan,0.2680835425853729,0.328670859336853,nan,0.18612051010131836,nan,nan,0.10155439376831055,0.21001602709293365,0.3270641565322876,0.34212052822113037,0.22557872891426084,0.2267824697494506,nan,nan,nan,0.07696987688541412,nan,0.05626724287867546,nan,0.0696895495057106,nan,0.1036447286605835,0.07289351522922516,0.06298818439245224,nan,0.0802743136882782,0.09511413425207138,nan,0.08160930871963501,nan,nan,0.05986867845058441,0.06798788905143738,0.08198212087154388,0.09069827198982239,0.0,0.0,0.0,111.0,0.0,116.0,0.0,122.0,0.0,130.0,138.0,121.0,0.0,147.0,107.0,0.0,111.0,0.0,0.0,106.0,132.0,153.0,106.0,1600
9,307,nan,nan,nan,0.11888860911130905,nan,0.17542757093906403,nan,0.35740190744400024,nan,0.32171759009361267,0.18657119572162628,0.13394808769226074,nan,0.17267833650112152,0.41658473014831543,nan,0.09397658705711365,nan,nan,0.05520161613821983,0.2312677651643753,0.41052621603012085,0.3925847113132477,0.2506014254643833,nan,nan,nan,0.11888860911130905,nan,0.17542757093906403,nan,0.35740190744400024,nan,0.32171759009361267,0.18657119572162628,0.13394808769226074,nan,0.17267833650112152,0.41658473014831543,nan,0.09397658705711365,nan,nan,0.05520161613821983,0.2312677651643753,0.41052621603012085,0.3925847113132477,0.2506014254643833,0.2102234194499587,nan,nan,nan,0.07692334800958633,nan,0.056175194680690765,nan,0.06962606310844421,nan,0.10387640446424484,0.07294626533985138,0.06284534186124802,nan,0.08056649565696716,0.09549412131309509,nan,0.08142764866352081,nan,nan,0.0596214197576046,0.06797240674495697,0.08212552219629288,0.09044846892356873,0.0,0.0,0.0,19.0,0.0,12.0,0.0,17.0,0.0,11.0,13.0,19.0,0.0,18.0,17.0,0.0,8.0,0.0,0.0,10.0,14.0,21.0,18.0,197
