epoch,batch,loss_group:0,loss_group:1,loss_group:2,loss_group:3,loss_avg,acc_group:0,acc_group:1,acc_group:2,acc_group:3,acc_avg,objective,weight_group:0,weight_group:1,weight_group:2,weight_group:3,count_group:0,count_group:1,count_group:2,count_group:3,count
0,38,0.4263012409210205,0.45346957445144653,0.4357350468635559,0.4952177405357361,0.45284659825226553,0.8350515961647034,0.8293920159339905,0.8406149744987488,0.7927334904670715,0.82440041737462,0.45075822182318215,0.2495768815279007,0.24979351460933685,0.24972228705883026,0.2509075999259949,1164.0,1184.0,1236.0,1211.0,4795
1,38,0.16189171373844147,0.14805597066879272,0.09880472719669342,0.23652556538581848,0.16117973582152909,0.9569619297981262,0.976688027381897,0.970389187335968,0.9214525818824768,0.9566214808458083,0.16092914378928938,0.2480047345161438,0.2498881220817566,0.24529185891151428,0.256917268037796,1185.0,1244.0,1182.0,1184.0,4795
2,38,0.0880550891160965,0.0776832327246666,0.031370747834444046,0.1639026701450348,0.09020513930087047,0.9750831127166748,0.9991809725761414,1.0,0.9351306557655334,0.9774765377621458,0.08973831429347255,0.2476474493741989,0.2479555755853653,0.23877862095832825,0.26560527086257935,1204.0,1221.0,1183.0,1187.0,4795
3,38,0.053192801773548126,0.04426861181855202,0.019589686766266823,0.09576188027858734,0.052938764559433284,0.9918831586837769,1.0,1.0,0.966609537601471,0.9897810218978105,0.05359121922858067,0.2476419359445572,0.2469102144241333,0.23487454652786255,0.2705724835395813,1232.0,1197.0,1198.0,1168.0,4795
4,38,0.04051194712519646,0.027763064950704575,0.015705252066254616,0.05634623393416405,0.03521728779347587,0.9957662224769592,1.0,1.0,0.9853300452232361,0.9952033368091765,0.03457483639309379,0.24766109883785248,0.24609561264514923,0.2325347512960434,0.2737361192703247,1181.0,1194.0,1193.0,1227.0,4795
5,38,0.03156512230634689,0.021359935402870178,0.012078583240509033,0.04210634157061577,0.02693245717527285,0.9941126704216003,1.0,1.0,0.9912140369415283,0.9962460896767467,0.026547900822724495,0.24793307483196259,0.2454703003168106,0.23112811148166656,0.2754715085029602,1189.0,1127.0,1227.0,1252.0,4795
6,38,0.025783494114875793,0.01714540645480156,0.011632528156042099,0.03295806795358658,0.02172929658879826,0.9991623759269714,1.0,1.0,0.9956933259963989,0.9987486965589155,0.021376957476325537,0.24844001233577728,0.24506238102912903,0.2299301028251648,0.27655360102653503,1194.0,1226.0,1214.0,1161.0,4795
7,38,0.02602114900946617,0.017451409250497818,0.009354029782116413,0.02300025336444378,0.01900904573368082,0.9975329041481018,1.0,1.0,0.999146044254303,0.9991657977059436,0.018578911370697806,0.24882358312606812,0.24469062685966492,0.22915557026863098,0.2773088812828064,1216.0,1241.0,1167.0,1171.0,4795
8,38,0.0172954723238945,0.011763270013034344,0.010538633912801743,0.022478243336081505,0.0156301960621002,0.998348593711853,1.0,1.0,1.0,0.9995828988529718,0.015396031954862771,0.24917779862880707,0.24440497159957886,0.2285073846578598,0.277919203042984,1211.0,1155.0,1188.0,1241.0,4795
9,38,0.017538633197546005,0.012439320795238018,0.00935886800289154,0.019047338515520096,0.014583539425340075,0.9983580112457275,1.0,1.0,0.9991533160209656,0.9993743482794577,0.014387224941117233,0.24939963221549988,0.24418725073337555,0.2280617207288742,0.27836287021636963,1218.0,1184.0,1212.0,1181.0,4795
10,38,0.0174858495593071,0.011378122493624687,0.009262554347515106,0.015734737738966942,0.013458004257058082,0.9966832995414734,1.0,1.0,1.0,0.9991657977059436,0.01320697103857186,0.24963228404521942,0.24393285810947418,0.22764421999454498,0.2787874937057495,1206.0,1193.0,1210.0,1186.0,4795
11,38,0.014890030957758427,0.010566200129687786,0.009048438630998135,0.015797289088368416,0.012603138657179939,0.9991713762283325,1.0,1.0,1.0,0.9997914494264857,0.012482403526403112,0.24990713596343994,0.24373759329319,0.22732268273830414,0.27903589606285095,1207.0,1231.0,1153.0,1204.0,4795
12,38,0.014224222861230373,0.010946138761937618,0.00912296213209629,0.017485179007053375,0.012984758434667636,1.0,1.0,1.0,1.0,1.0,0.012707948585441945,0.24999919533729553,0.2435430884361267,0.22698821127414703,0.27947279810905457,1241.0,1162.0,1188.0,1204.0,4795
13,38,0.01292058639228344,0.010514088906347752,0.00972008891403675,0.01614951342344284,0.012305805245967928,1.0,1.0,1.0,1.0,1.0,0.012005454037684226,0.2501116096973419,0.24343432486057281,0.22668515145778656,0.2797743082046509,1199.0,1211.0,1203.0,1182.0,4795
14,38,0.011982427909970284,0.010191031731665134,0.010143850930035114,0.01424402929842472,0.011648012547752783,1.0,1.0,1.0,1.0,1.0,0.0113558575122523,0.2501300871372223,0.2432517111301422,0.22652213275432587,0.28009870648384094,1146.0,1232.0,1186.0,1231.0,4795
15,38,0.012991120107471943,0.012128852307796478,0.009170725010335445,0.012386860325932503,0.011699263216214836,0.9991790056228638,1.0,1.0,1.0,0.9997914494264857,0.011255538167589276,0.25021281838417053,0.24320325255393982,0.22634898126125336,0.28024056553840637,1218.0,1234.0,1155.0,1188.0,4795
16,38,0.010414394550025463,0.009703810326755047,0.010182029567658901,0.015504642389714718,0.01151449306012443,1.0,1.0,1.0,1.0,1.0,0.011266732272595885,0.2502221465110779,0.24314215779304504,0.22618728876113892,0.2804519832134247,1224.0,1147.0,1174.0,1250.0,4795
17,38,0.012166095897555351,0.011677752248942852,0.010679640807211399,0.013243339955806732,0.011966310456643758,1.0,1.0,1.0,1.0,1.0,0.011541593008761114,0.2501809298992157,0.24300381541252136,0.2260909080505371,0.2807278335094452,1205.0,1176.0,1164.0,1250.0,4795
18,38,0.012376830913126469,0.011458310298621655,0.011364701204001904,0.01511644572019577,0.012541033085765816,1.0,1.0,1.0,1.0,1.0,0.012104125642164279,0.2501565217971802,0.2429482787847519,0.22598867118358612,0.28091514110565186,1178.0,1188.0,1273.0,1156.0,4795
19,38,0.012733696028590202,0.013086080551147461,0.011605747044086456,0.01488405279815197,0.013064776750609703,1.0,1.0,1.0,1.0,1.0,0.012439437416829825,0.2502146363258362,0.2429938167333603,0.22582626342773438,0.2809734344482422,1232.0,1194.0,1198.0,1171.0,4795
20,38,0.013009082525968552,0.012264054268598557,0.011620132252573967,0.013794385828077793,0.012676541561045232,1.0,1.0,1.0,1.0,1.0,0.01227915771519212,0.2501693665981293,0.24289710819721222,0.22574906051158905,0.2811861038208008,1241.0,1175.0,1190.0,1189.0,4795
21,38,0.013545607216656208,0.012767693027853966,0.012241961434483528,0.01417725533246994,0.013178127291257866,1.0,1.0,1.0,1.0,1.0,0.012772635486252739,0.2501220703125,0.24279482662677765,0.2257240265607834,0.28136080503463745,1202.0,1192.0,1215.0,1186.0,4795
22,38,0.015432382933795452,0.01339290477335453,0.012907399795949459,0.015976356342434883,0.014420140457336673,1.0,1.0,1.0,1.0,1.0,0.01392816257885462,0.2502251863479614,0.24280551075935364,0.22557395696640015,0.2814010679721832,1207.0,1223.0,1188.0,1177.0,4795
23,38,0.013228900730609894,0.013749515637755394,0.014156370423734188,0.016404669731855392,0.014374762658725133,1.0,1.0,1.0,1.0,1.0,0.013924902662968924,0.25020426511764526,0.24271196126937866,0.22552230954170227,0.2815625071525574,1179.0,1215.0,1229.0,1172.0,4795
24,38,0.014801125973463058,0.014533422887325287,0.01480204239487648,0.01657884381711483,0.01520005059588751,1.0,1.0,1.0,1.0,1.0,0.014616467415260946,0.250119686126709,0.24266034364700317,0.22550594806671143,0.2817186713218689,1220.0,1166.0,1158.0,1251.0,4795
25,38,0.014495627023279667,0.01519018691033125,0.014532900415360928,0.015581261366605759,0.0149465338720302,1.0,1.0,1.0,1.0,1.0,0.014660804332607856,0.2500985264778137,0.24261687695980072,0.22548386454582214,0.2818011939525604,1209.0,1204.0,1202.0,1180.0,4795
26,38,0.01691877469420433,0.016361312940716743,0.01527436450123787,0.016441065818071365,0.01624995988363456,1.0,1.0,1.0,1.0,1.0,0.01584661807243376,0.2501477301120758,0.2426387220621109,0.22540412843227386,0.2818124294281006,1207.0,1238.0,1195.0,1155.0,4795
27,38,0.01756020449101925,0.017557332292199135,0.016697078943252563,0.016899608075618744,0.017187866971393947,1.0,1.0,1.0,1.0,1.0,0.016623124489181976,0.25014597177505493,0.2426341325044632,0.22539380192756653,0.28183022141456604,1231.0,1218.0,1146.0,1200.0,4795
28,38,0.016805807128548622,0.016393331810832024,0.01848858781158924,0.019070032984018326,0.01768718567075708,1.0,1.0,1.0,1.0,1.0,0.017237773536858892,0.2501174807548523,0.24258342385292053,0.22539523243904114,0.2819058299064636,1175.0,1220.0,1212.0,1188.0,4795
29,38,0.018322337418794632,0.018423723056912422,0.019258596003055573,0.0186116062104702,0.018654978057375416,1.0,1.0,1.0,1.0,1.0,0.018224705281794637,0.2500903308391571,0.24256354570388794,0.22544747591018677,0.2819007337093353,1194.0,1225.0,1211.0,1165.0,4795
30,38,0.020047158002853394,0.01931394450366497,0.02206822857260704,0.020866677165031433,0.020578057181024085,1.0,1.0,1.0,1.0,1.0,0.019835541550384698,0.2500227987766266,0.24246211349964142,0.2255360633134842,0.2819819152355194,1182.0,1203.0,1209.0,1201.0,4795
31,38,0.020366545766592026,0.019802697002887726,0.021996596828103065,0.021131638437509537,0.020821419841103934,1.0,1.0,1.0,1.0,1.0,0.020381554415812717,0.24998483061790466,0.24239523708820343,0.22562618553638458,0.2819960415363312,1168.0,1224.0,1194.0,1209.0,4795
32,38,0.021436594426631927,0.0217336006462574,0.022513223811984062,0.021518610417842865,0.021802811980309655,1.0,1.0,1.0,1.0,1.0,0.02144620998668348,0.24991059303283691,0.24234060943126678,0.22571870684623718,0.28203070163726807,1186.0,1221.0,1204.0,1184.0,4795
33,38,0.023352093994617462,0.022689083591103554,0.024497244507074356,0.02411036379635334,0.023662030889154473,1.0,1.0,1.0,1.0,1.0,0.023107910543151894,0.24992671608924866,0.242314413189888,0.2257603257894516,0.2820018231868744,1194.0,1203.0,1203.0,1195.0,4795
34,38,0.026468545198440552,0.024718808010220528,0.02615925297141075,0.02503325790166855,0.02560403677901958,1.0,1.0,1.0,1.0,1.0,0.024819401880032822,0.24994879961013794,0.24224750697612762,0.22583216428756714,0.281974196434021,1239.0,1177.0,1180.0,1199.0,4795
35,38,0.026178937405347824,0.02489250898361206,0.02911573089659214,0.027011223137378693,0.026836481809662697,1.0,1.0,1.0,1.0,1.0,0.0262136465876642,0.2499556541442871,0.24214822053909302,0.22593601047992706,0.28196486830711365,1194.0,1176.0,1258.0,1167.0,4795
36,38,0.02958887442946434,0.029586924239993095,0.028393421322107315,0.028620624914765358,0.029053800491707422,1.0,1.0,1.0,0.9991728663444519,0.9997914494264861,0.02832136311305141,0.24995021522045135,0.2420700341463089,0.22603842616081238,0.2819434106349945,1216.0,1205.0,1165.0,1209.0,4795
37,38,0.03540383279323578,0.034213896840810776,0.029797330498695374,0.03135573863983154,0.032772215468977996,0.9984064102172852,1.0,1.0,0.9991862773895264,0.9993743482794575,0.03193427627368192,0.25012534856796265,0.2421122044324875,0.22592099010944366,0.28184571862220764,1255.0,1203.0,1108.0,1229.0,4795
38,38,0.03323071449995041,0.02949385903775692,0.03473227843642235,0.038320574909448624,0.03403369737740479,1.0,1.0,1.0,0.9983805418014526,0.9995828988529716,0.03339277665918389,0.250173956155777,0.24190829694271088,0.22585783898830414,0.28205662965774536,1219.0,1136.0,1205.0,1235.0,4795
39,38,0.039379674941301346,0.03595734015107155,0.034902531653642654,0.03508025035262108,0.03634119629626851,0.9975082278251648,1.0,1.0,0.998376727104187,0.9989572471324294,0.03583225541679156,0.25026923418045044,0.2417396456003189,0.22580690681934357,0.28218603134155273,1204.0,1222.0,1137.0,1232.0,4795
40,38,0.04633698612451553,0.04188567399978638,0.04068256914615631,0.054363176226615906,0.045882054507670245,0.9941028356552124,0.9983375668525696,0.9974554181098938,0.9926590323448181,0.995620437956204,0.044760764199886886,0.2504770755767822,0.24152667820453644,0.22556239366531372,0.28242623805999756,1187.0,1203.0,1179.0,1226.0,4795
41,38,0.061762236058712006,0.05182977393269539,0.04541996121406555,0.05898754298686981,0.054564915076908145,0.9885808825492859,0.9956596493721008,1.0,0.9884392619132996,0.9931178310740356,0.0528989240255234,0.2508196234703064,0.24121814966201782,0.22484898567199707,0.2831359803676605,1226.0,1152.0,1206.0,1211.0,4795
42,38,0.05298955366015434,0.04160449653863907,0.04155435785651207,0.057535093277692795,0.048388783362566856,0.9938758015632629,0.9983388781547546,1.0,0.9926770925521851,0.9962460896767471,0.0483014737804565,0.251095712184906,0.24062448740005493,0.22430512309074402,0.28396889567375183,1143.0,1204.0,1219.0,1229.0,4795
43,38,0.05110078305006027,0.04253661632537842,0.040730301290750504,0.04381316155195236,0.04454552221021636,0.9941274523735046,0.9991763234138489,1.0,0.9975268244743347,0.9977059436913455,0.04332599885551973,0.251801460981369,0.2403300702571869,0.22371260821819305,0.28415432572364807,1192.0,1214.0,1176.0,1213.0,4795
44,38,0.04450518265366554,0.040810782462358475,0.042804330587387085,0.04459655284881592,0.043213419096468635,0.9966913461685181,1.0,1.0,0.9991888999938965,0.9989572471324292,0.042380055951438185,0.25200286507606506,0.24001359939575195,0.22364646196365356,0.2843415141105652,1209.0,1156.0,1197.0,1233.0,4795
45,38,0.05922463536262512,0.05334244668483734,0.04754859581589699,0.059030164033174515,0.05483999334982711,0.9909091591835022,0.9942053556442261,0.9982935190200806,0.9933609962463379,0.994160583643272,0.05342865932472555,0.25246939063072205,0.24001570045948029,0.22322048246860504,0.28429117798805237,1210.0,1208.0,1172.0,1205.0,4795
46,38,0.08036421984434128,0.0724969208240509,0.060470014810562134,0.08213812857866287,0.07392942763251237,0.9834299683570862,0.9891213178634644,0.9940977692604065,0.9801159501075745,0.9866527629967652,0.07299020052018328,0.25287339091300964,0.23961099982261658,0.22228989005088806,0.28523677587509155,1207.0,1195.0,1186.0,1207.0,4795
47,38,0.07806132733821869,0.06801372766494751,0.05677562579512596,0.08509275317192078,0.07216517780135395,0.9875825643539429,0.9923663139343262,0.9974533319473267,0.9853656888008118,0.9906152241918667,0.0715936579284131,0.25331759452819824,0.23937320709228516,0.22084414958953857,0.28648704290390015,1208.0,1179.0,1178.0,1230.0,4795
48,38,0.06847628951072693,0.055710650980472565,0.05187901854515076,0.07103589922189713,0.061665941142439236,0.9932659864425659,1.0,1.0,0.9923986792564392,0.9964546402502608,0.060941528340916186,0.25363072752952576,0.23873114585876465,0.21998941898345947,0.28761929273605347,1188.0,1182.0,1241.0,1184.0,4795
49,38,0.07046064734458923,0.05881718918681145,0.05953216552734375,0.06140162795782089,0.06257560105840904,0.990894079208374,0.9983136057853699,0.9991688132286072,0.9949915409088135,0.9958289885297186,0.0612484698235305,0.2542427182197571,0.2381782829761505,0.21950237452983856,0.2880922853946686,1208.0,1186.0,1203.0,1198.0,4795
50,38,0.08227213472127914,0.06880626827478409,0.053064342588186264,0.06886817514896393,0.06820343772456346,0.9829406142234802,0.9934103488922119,0.998388409614563,0.9909828901290894,0.9914494261875887,0.06770509379033127,0.25521376729011536,0.23775960505008698,0.21887990832328796,0.28814756870269775,1231.0,1214.0,1241.0,1109.0,4795
51,38,0.09168069064617157,0.07719361037015915,0.07129261642694473,0.09115968644618988,0.08268994728687905,0.9797809720039368,0.9909909963607788,0.99424809217453,0.980341911315918,0.9864442127215851,0.08131326980756766,0.2562708258628845,0.2376093715429306,0.2175629884004593,0.28857725858688354,1187.0,1221.0,1217.0,1170.0,4795
52,38,0.07523611932992935,0.0637485682964325,0.06173039227724075,0.07939904183149338,0.07015440523220426,0.9906938076019287,0.9974359273910522,1.0,0.9943955540657043,0.9956204379562044,0.06923481421127556,0.2566196024417877,0.2370229959487915,0.21689684689044952,0.2894631624221802,1182.0,1170.0,1194.0,1249.0,4795
53,38,0.09543266147375107,0.0914338007569313,0.06442157924175262,0.08711368590593338,0.08459288681293056,0.98014897108078,0.9872611165046692,0.9975309371948242,0.9856500029563904,0.987695516299406,0.08400087245313666,0.25746309757232666,0.23683568835258484,0.21587353944778442,0.2898434102535248,1209.0,1256.0,1215.0,1115.0,4795
54,38,0.10526660829782486,0.09581664949655533,0.07706274837255478,0.10517116636037827,0.09581711191734506,0.9728121757507324,0.9874476790428162,0.9958401918411255,0.9811630249023438,0.9843587069864446,0.09546404321201152,0.25804027915000916,0.23741614818572998,0.21392612159252167,0.29064327478408813,1177.0,1195.0,1202.0,1221.0,4795
55,38,0.0933079794049263,0.0710870772600174,0.07298043370246887,0.08363364636898041,0.08011732918906639,0.982698917388916,0.9983579516410828,0.9974958896636963,0.9918233156204224,0.9927007296286733,0.07947951976648833,0.2586708962917328,0.23684829473495483,0.2129765897989273,0.29151657223701477,1156.0,1218.0,1198.0,1223.0,4795
56,38,0.11387161910533905,0.08523879945278168,0.07434777915477753,0.10974618047475815,0.09581948602814867,0.9758332371711731,0.9925495982170105,0.9949580430984497,0.9782790541648865,0.9854014598540146,0.09401387501744958,0.26021337509155273,0.23581458628177643,0.21183699369430542,0.2921711504459381,1200.0,1208.0,1190.0,1197.0,4795
57,38,0.09187555313110352,0.08632596582174301,0.07163752615451813,0.09577950835227966,0.0864362743571478,0.986406147480011,0.9952381253242493,1.0,0.9856662154197693,0.9918665276329509,0.08626338077225451,0.26133427023887634,0.23528605699539185,0.21045319736003876,0.2929251790046692,1177.0,1260.0,1172.0,1186.0,4795
58,38,0.09763987362384796,0.0902782455086708,0.07750793546438217,0.10770094394683838,0.0933554520354654,0.9800167679786682,0.9923403859138489,0.9983333349227905,0.9835932850837708,0.9885297187301987,0.09326439372441571,0.2615118622779846,0.2351059764623642,0.20917432010173798,0.2942318320274353,1201.0,1175.0,1200.0,1219.0,4795
59,38,0.10586003214120865,0.10443060100078583,0.08463183045387268,0.12822715938091278,0.10600239655645846,0.9784945845603943,0.9869450926780701,0.9983291029930115,0.9725806713104248,0.983941605541082,0.10499956056522254,0.26158273220062256,0.23505643010139465,0.20705191791057587,0.29630643129348755,1209.0,1149.0,1197.0,1240.0,4795
60,38,0.10662759095430374,0.09077652543783188,0.08095245063304901,0.10630136728286743,0.09597158185259769,0.9774697422981262,0.9917217493057251,0.9967452883720398,0.9867109060287476,0.988321167584878,0.09610351104215487,0.26202476024627686,0.23495034873485565,0.2056424468755722,0.2973918914794922,1154.0,1208.0,1229.0,1204.0,4795
61,38,0.13174013793468475,0.1283077746629715,0.0896591767668724,0.13130095601081848,0.12014599120529902,0.96861732006073,0.9773644804954529,0.9950330853462219,0.9709649682044983,0.978102189619424,0.11998737788797048,0.2628379762172699,0.23475611209869385,0.20393136143684387,0.29851269721984863,1179.0,1237.0,1208.0,1171.0,4795
62,38,0.11150297522544861,0.09698952734470367,0.09062840044498444,0.12763184309005737,0.10667030629046395,0.9809761047363281,0.9939447641372681,0.9991884231567383,0.9741235971450806,0.9870698641437932,0.10677861979656597,0.26347073912620544,0.2348610758781433,0.20202283561229706,0.29963722825050354,1209.0,1156.0,1232.0,1198.0,4795
63,38,0.12533491849899292,0.10712902992963791,0.08322951942682266,0.12528590857982635,0.11030325098380805,0.9748110175132751,0.9927185773849487,1.0,0.977349042892456,0.9862356619864734,0.10963918639422707,0.264134019613266,0.23424272239208221,0.20030230283737183,0.30133187770843506,1191.0,1236.0,1176.0,1192.0,4795
64,38,0.12241318821907043,0.11901982128620148,0.1011401042342186,0.14756810665130615,0.12200924311924774,0.9767841100692749,0.9852338433265686,0.9928571581840515,0.9609712362289429,0.9793534929237723,0.12152369044122906,0.26477867364883423,0.23390929400920868,0.19836801290512085,0.30300796031951904,1163.0,1219.0,1260.0,1153.0,4795
65,38,0.1302400678396225,0.12402476370334625,0.09819254279136658,0.12689097225666046,0.1199501863625425,0.9732528924942017,0.9833465814590454,0.9974337816238403,0.9767828583717346,0.9826903023983314,0.11906118905395116,0.26524224877357483,0.23336340487003326,0.1966724693775177,0.30470627546310425,1159.0,1261.0,1169.0,1206.0,4795
66,38,0.15393683314323425,0.13339351117610931,0.11726674437522888,0.16000042855739594,0.14104743685041157,0.9572368860244751,0.9750645756721497,0.9878049492835999,0.958684504032135,0.969760166840459,0.14011865868713858,0.2662864625453949,0.233152374625206,0.194912388920784,0.30565932393074036,1216.0,1163.0,1230.0,1186.0,4795
67,38,0.1539107859134674,0.1259305626153946,0.09959661960601807,0.14294913411140442,0.13086557313566785,0.964169442653656,0.9859504103660583,0.9982934594154358,0.9670886993408203,0.978727841501564,0.13097711422396158,0.26706215739250183,0.23257015645503998,0.19307869672775269,0.30732986330986023,1228.0,1210.0,1172.0,1185.0,4795
68,38,0.12795913219451904,0.11076169461011887,0.10359051823616028,0.12942542135715485,0.1181007586101049,0.9762879610061646,0.9991653561592102,0.9982861280441284,0.9768020510673523,0.9874869655891555,0.11755649474788386,0.26847708225250244,0.2318701595067978,0.1912461519241333,0.30840444564819336,1223.0,1198.0,1167.0,1207.0,4795
69,38,0.13089270889759064,0.11101244390010834,0.09666787087917328,0.12415032833814621,0.11558213962069147,0.9767841100692749,0.9927477836608887,0.9991575479507446,0.9842191934585571,0.9883211675848778,0.11506741112166076,0.26971134543418884,0.23100368678569794,0.189981609582901,0.3093240559101105,1163.0,1241.0,1187.0,1204.0,4795
70,38,0.14016541838645935,0.12360072880983353,0.11152555793523788,0.1438124030828476,0.12990502860859363,0.9718421697616577,0.9868306517601013,0.9942244291305542,0.9725229144096375,0.9812304483837329,0.1291316480998327,0.2706229090690613,0.2304687201976776,0.18880334496498108,0.310144305229187,1243.0,1139.0,1212.0,1201.0,4795
71,38,0.1368403285741806,0.13962213695049286,0.11321426928043365,0.15147602558135986,0.13496920254170836,0.9683440327644348,0.9800333976745605,0.9926531910896301,0.9683099389076233,0.9774765377621459,0.1353432813886557,0.2715151011943817,0.23044542968273163,0.18694429099559784,0.3111254572868347,1232.0,1202.0,1225.0,1136.0,4795
72,38,0.17998018860816956,0.16308975219726562,0.12767094373703003,0.20016954839229584,0.16827657615243455,0.952218234539032,0.9697215557098389,0.9930915832519531,0.9436845779418945,0.964337851630759,0.16984365464997125,0.271525114774704,0.23050878942012787,0.18463633954524994,0.3134032189846039,1172.0,1222.0,1158.0,1243.0,4795
73,38,0.1352853626012802,0.13190513849258423,0.10797271132469177,0.13918380439281464,0.1283884737458046,0.9746731519699097,0.9883236289024353,0.9975530505180359,0.9790576100349426,0.9849843588437232,0.12730112082020958,0.27228355407714844,0.22994296252727509,0.18211610615253448,0.31568458676338196,1224.0,1199.0,1226.0,1146.0,4795
74,38,0.11717725545167923,0.1160953938961029,0.10922510176897049,0.13961754739284515,0.12076290461455196,0.9831708073616028,0.9934693574905396,0.9991617202758789,0.9807694554328918,0.9891553701772681,0.12051193893453004,0.27257785201072693,0.22933904826641083,0.18090201914310455,0.317184716463089,1129.0,1225.0,1193.0,1248.0,4795
75,38,0.1230015829205513,0.10363378375768661,0.10271582752466202,0.12323381006717682,0.11308858349095795,0.9787052869796753,0.9924559593200684,1.0,0.9867768287658691,0.989572471324296,0.11279260856609279,0.2727776765823364,0.22871777415275574,0.18002980947494507,0.31850817799568176,1174.0,1193.0,1218.0,1210.0,4795
76,38,0.15562503039836884,0.1288059651851654,0.11454444378614426,0.14617487788200378,0.13607977543247635,0.9650290608406067,0.9884771704673767,0.9950899481773376,0.973206639289856,0.9806047967999273,0.13662003591361457,0.27380236983299255,0.22790953516960144,0.17898760735988617,0.31932827830314636,1201.0,1215.0,1222.0,1157.0,4795
77,38,0.14800187945365906,0.13003253936767578,0.11966460943222046,0.16617700457572937,0.14078091772679122,0.9677700996398926,0.9841665029525757,0.9959580898284912,0.9661157131195068,0.9787278417750369,0.1417750098191909,0.27470898628234863,0.22691476345062256,0.17717473208904266,0.32120051980018616,1148.0,1200.0,1237.0,1210.0,4795
78,38,0.17590327560901642,0.1340506672859192,0.12919750809669495,0.1751975417137146,0.1533647637763784,0.9476351141929626,0.9840423464775085,0.986770510673523,0.9590984582901001,0.9695516159686111,0.1551253556785669,0.27608147263526917,0.2250135987997055,0.17549514770507812,0.3234528601169586,1184.0,1128.0,1285.0,1198.0,4795
79,38,0.1594424992799759,0.16929525136947632,0.12603609263896942,0.18299035727977753,0.15953745900248345,0.9553494453430176,0.9644067287445068,0.9966667294502258,0.9543973803520203,0.967674660806984,0.15988532757858542,0.2764471769332886,0.2244907021522522,0.17327982187271118,0.3257993161678314,1187.0,1180.0,1200.0,1228.0,4795
80,38,0.157691091299057,0.1646038293838501,0.12111800163984299,0.16514074802398682,0.15259737791309017,0.9666950702667236,0.9660195708274841,0.9921943545341492,0.9635629057884216,0.9718456724140024,0.15236133862213005,0.276711106300354,0.22466930747032166,0.17126266658306122,0.3274078369140625,1171.0,1236.0,1153.0,1235.0,4795
81,38,0.16866151988506317,0.14707131683826447,0.10980550199747086,0.1729322224855423,0.15003272951954474,0.9585406184196472,0.9841771721839905,0.9982456564903259,0.9578059911727905,0.9745568297329487,0.15249558778574868,0.27743375301361084,0.22478079795837402,0.16885828971862793,0.3289950489997864,1206.0,1264.0,1140.0,1185.0,4795
82,38,0.1517532765865326,0.13841073215007782,0.13029468059539795,0.16539281606674194,0.14649102857823917,0.9683656096458435,0.9795917272567749,0.9943366050720215,0.9638552665710449,0.9766423354680897,0.14746026030670736,0.27791693806648254,0.2242564857006073,0.16681693494319916,0.3310292363166809,1138.0,1176.0,1236.0,1245.0,4795
83,38,0.15886999666690826,0.1509276032447815,0.12842854857444763,0.15779271721839905,0.14887035306663535,0.9675768613815308,0.9797734022140503,0.9942196607589722,0.9685375094413757,0.9776850887707306,0.14958522497861804,0.2788502275943756,0.2234533280134201,0.1654387265443802,0.33228468894958496,1172.0,1236.0,1211.0,1176.0,4795
84,38,0.16400280594825745,0.15377619862556458,0.11432354897260666,0.1597096025943756,0.14811055839558968,0.9640167951583862,0.9789225459098816,0.9965841174125671,0.9616726040840149,0.975391032325339,0.15063401774209034,0.27971014380455017,0.22334855794906616,0.16358599066734314,0.33338701725006104,1195.0,1281.0,1171.0,1148.0,4795
85,38,0.13451480865478516,0.12542246282100677,0.11058927327394485,0.15306204557418823,0.13126689028752364,0.9791847467422485,0.9918765425682068,0.9991348385810852,0.9713147282600403,0.9851929094172369,0.13229306835887084,0.28003963828086853,0.22301757335662842,0.16183611750602722,0.33514076471328735,1153.0,1231.0,1156.0,1255.0,4795
86,38,0.1329466551542282,0.11900020390748978,0.11769907176494598,0.13146862387657166,0.1252273151722889,0.9793991446495056,0.9933992624282837,0.996669352054596,0.9852096438407898,0.9887382691669763,0.12542648413631294,0.2805675268173218,0.22245155274868011,0.16095660626888275,0.3360515832901001,1165.0,1212.0,1201.0,1217.0,4795
87,38,0.1640973538160324,0.14879587292671204,0.12280675768852234,0.1838533878326416,0.15471999699306194,0.956970751285553,0.975873589515686,0.9942717552185059,0.9478907585144043,0.9689259648198755,0.15738458190272583,0.2815844416618347,0.22182594239711761,0.15941746532917023,0.337211549282074,1162.0,1202.0,1222.0,1209.0,4795
88,38,0.16779692471027374,0.14919015765190125,0.1283542960882187,0.16734066605567932,0.15294539006708552,0.955685555934906,0.980442225933075,0.9951496124267578,0.9595277905464172,0.9728884255799065,0.15494709686454822,0.281991183757782,0.2208503633737564,0.15756574273109436,0.33957433700561523,1196.0,1176.0,1237.0,1186.0,4795
89,38,0.1819855272769928,0.1905716508626938,0.1383092701435089,0.1895967572927475,0.1757616637645599,0.9565916657447815,0.962202250957489,0.9876324534416199,0.9492511749267578,0.9635036493367024,0.17802298370441877,0.2820546329021454,0.22081878781318665,0.15560005605220795,0.34161296486854553,1244.0,1217.0,1132.0,1202.0,4795
90,38,0.16208183765411377,0.14260730147361755,0.13192230463027954,0.17197459936141968,0.15203269370156605,0.9621531367301941,0.9813244342803955,0.997560977935791,0.9590984582901001,0.975182481751825,0.15312123410831036,0.2823975682258606,0.22099922597408295,0.1536201685667038,0.3430540859699249,1189.0,1178.0,1230.0,1198.0,4795
91,38,0.1656191498041153,0.14142023026943207,0.13268199563026428,0.15898509323596954,0.14990249143775491,0.9600322842597961,0.9809194207191467,0.9899582266807556,0.9713350534439087,0.9753910324620754,0.15018576161704789,0.28350910544395447,0.21998701989650726,0.1524716019630432,0.34406986832618713,1226.0,1153.0,1195.0,1221.0,4795
92,38,0.15116989612579346,0.12923511862754822,0.1262013018131256,0.14381922781467438,0.13740730784732433,0.9672695994377136,0.9927064776420593,0.9925495982170105,0.9773488640785217,0.9826903025350681,0.13768095212509793,0.2849564850330353,0.219122976064682,0.15146872401237488,0.34446531534194946,1161.0,1234.0,1208.0,1192.0,4795
93,38,0.15413536131381989,0.13836932182312012,0.12015680223703384,0.14679096639156342,0.1398836368160775,0.9663935899734497,0.9865434169769287,0.9950166344642639,0.9729271531105042,0.9801876956528993,0.14020664774588426,0.2859431207180023,0.2185734361410141,0.15059326589107513,0.3449331521987915,1220.0,1189.0,1204.0,1182.0,4795
94,38,0.15699616074562073,0.1367284208536148,0.12137150019407272,0.15282118320465088,0.1420049528322329,0.9650170803070068,0.9810386300086975,0.9949324131011963,0.9755303263664246,0.9791449426485921,0.14234596335011562,0.2867068946361542,0.21794241666793823,0.14936886727809906,0.3460136950016022,1172.0,1213.0,1184.0,1226.0,4795
95,38,0.14394283294677734,0.13890551030635834,0.11686117202043533,0.13731862604618073,0.13430429101922595,0.9754444360733032,0.9851213097572327,0.9991582632064819,0.9747607111930847,0.9837330549675679,0.1345016981345894,0.28766873478889465,0.21797622740268707,0.14806410670280457,0.34632012248039246,1181.0,1277.0,1188.0,1149.0,4795
96,38,0.14171552658081055,0.12214947491884232,0.12079240381717682,0.13982464373111725,0.13122385923942015,0.9768403768539429,0.9915111064910889,0.997485339641571,0.981893002986908,0.9868613138686133,0.13103912937939477,0.28886765241622925,0.21720783412456512,0.147415891289711,0.34651023149490356,1209.0,1178.0,1193.0,1215.0,4795
97,38,0.13852345943450928,0.1290488988161087,0.11948659271001816,0.13328112661838531,0.1301385340526529,0.9811784625053406,0.9868312478065491,0.993243396282196,0.9829641580581665,0.9860271115745568,0.12878571093020277,0.2896059453487396,0.21683534979820251,0.1467893421649933,0.3467610776424408,1222.0,1215.0,1184.0,1174.0,4795
98,38,0.15719908475875854,0.13572530448436737,0.13105487823486328,0.14914320409297943,0.14310919647420656,0.9598975777626038,0.9794746041297913,0.9958949089050293,0.9764111042022705,0.9781021894826879,0.14211958989858384,0.2905847132205963,0.21611174941062927,0.14606037735939026,0.3472771644592285,1172.0,1218.0,1218.0,1187.0,4795
99,38,0.18709908425807953,0.16291771829128265,0.16541610658168793,0.1901141256093979,0.17649516451781447,0.9471890926361084,0.9705373048782349,0.9747965931892395,0.9458364844322205,0.9595411884150739,0.17675272834189118,0.2913634479045868,0.21512919664382935,0.145607128739357,0.3478803336620331,1174.0,1154.0,1230.0,1237.0,4795
100,38,0.19362051784992218,0.20343011617660522,0.1681799441576004,0.21277287602424622,0.19464191592709246,0.9404861330986023,0.948290228843689,0.9763913154602051,0.9359078407287598,0.9501564126318017,0.19484797134389467,0.2904971241950989,0.21445201337337494,0.14438332617282867,0.35064730048179626,1193.0,1199.0,1186.0,1217.0,4795
101,38,0.1414736956357956,0.16023293137550354,0.1429557055234909,0.16556939482688904,0.15274302268301734,0.9725422263145447,0.9774625301361084,0.9967585802078247,0.967585027217865,0.978727841501564,0.15173046691139258,0.2900058329105377,0.21464736759662628,0.14312326908111572,0.3522334694862366,1129.0,1198.0,1234.0,1234.0,4795
102,38,0.16627641022205353,0.1368335634469986,0.1287250965833664,0.16713520884513855,0.14980083326726562,0.9628692269325256,0.9881556630134583,0.999170184135437,0.9648405313491821,0.9787278415015641,0.15302754639336166,0.2902803421020508,0.21405911445617676,0.14207755029201508,0.35359302163124084,1185.0,1182.0,1205.0,1223.0,4795
103,38,0.15894272923469543,0.13046953082084656,0.1204538345336914,0.15302737057209015,0.1404299617839183,0.9656039476394653,0.9959017038345337,0.9934747219085693,0.9697492718696594,0.9814389989572472,0.1435784344488563,0.29157352447509766,0.21326179802417755,0.1407858282327652,0.35435399413108826,1192.0,1220.0,1226.0,1157.0,4795
104,38,0.1553327739238739,0.1404944360256195,0.12189105153083801,0.13696996867656708,0.138820713509857,0.9703702926635742,0.9876947999000549,0.9974490404129028,0.9848101735115051,0.9849843587069866,0.1386538992149365,0.29311734437942505,0.2125028818845749,0.13956943154335022,0.35481733083724976,1215.0,1219.0,1176.0,1185.0,4795
105,38,0.1508917510509491,0.1368182897567749,0.13003385066986084,0.15009599924087524,0.14179357628069036,0.9690377116203308,0.9885715246200562,0.9942668080329895,0.9705373048782349,0.980813346938371,0.14220006674745653,0.29413366317749023,0.21197928488254547,0.1389579176902771,0.35494279861450195,1195.0,1225.0,1221.0,1154.0,4795
106,38,0.14479781687259674,0.12660948932170868,0.11894108355045319,0.1288074254989624,0.12987819183171107,0.9752475619316101,0.9935640096664429,0.999143123626709,0.9838021993637085,0.9879040667361836,0.12825471779508316,0.2949533760547638,0.21175989508628845,0.13841122388839722,0.3548811972141266,1212.0,1243.0,1167.0,1173.0,4795
107,38,0.13463573157787323,0.12988652288913727,0.1337887942790985,0.1447526067495346,0.13575744143491997,0.9768404364585876,0.986486554145813,0.9967024326324463,0.9806559681892395,0.9851929089821665,0.13493742580458573,0.29589179158210754,0.2111235409975052,0.1378587782382965,0.35514700412750244,1209.0,1184.0,1213.0,1189.0,4795
108,38,0.14305847883224487,0.13908714056015015,0.12887418270111084,0.1391042172908783,0.13746024045133745,0.971240758895874,0.9796610474586487,0.9967716336250305,0.9801551699638367,0.9820646503794555,0.13672269150474897,0.2961515188217163,0.21092365682125092,0.13751959800720215,0.35540226101875305,1217.0,1180.0,1239.0,1159.0,4795
109,38,0.14934103190898895,0.1360713690519333,0.14773210883140564,0.1616622507572174,0.14878659011704828,0.9666664600372314,0.9835212826728821,0.987490177154541,0.9689857959747314,0.9768508863399374,0.14707893315893023,0.295980304479599,0.21033935248851776,0.1372280865907669,0.3564620316028595,1170.0,1153.0,1279.0,1193.0,4795
110,38,0.15134263038635254,0.15032313764095306,0.1312902569770813,0.15452343225479126,0.14685082920711415,0.9676111936569214,0.9819586277008057,0.9925249218940735,0.9723153710365295,0.9785192912015229,0.14690737311608842,0.29607194662094116,0.2099197506904602,0.13681580126285553,0.3572157621383667,1235.0,1164.0,1204.0,1192.0,4795
111,38,0.1499360352754593,0.14717234671115875,0.13038943707942963,0.1568211019039154,0.14629431996529496,0.9714044332504272,0.9757727384567261,0.9965606331825256,0.9686999320983887,0.9778936389091741,0.1473367312280179,0.29649192094802856,0.20992428064346313,0.13572339713573456,0.35785913467407227,1189.0,1197.0,1163.0,1246.0,4795
112,38,0.15110470354557037,0.14690296351909637,0.13234072923660278,0.15642347931861877,0.14666384103027202,0.969823956489563,0.9827303886413574,0.9933278560638428,0.9688288569450378,0.9787278414767031,0.14725243821817846,0.2967006266117096,0.20974427461624146,0.13462448120117188,0.3589615821838379,1193.0,1216.0,1199.0,1187.0,4795
113,38,0.16103485226631165,0.1472608894109726,0.1354040503501892,0.1564851850271225,0.14987245384483316,0.9677420854568481,0.9799035787582397,0.9868205189704895,0.9741154909133911,0.9772679871886317,0.1486421877605699,0.29710081219673157,0.20968380570411682,0.13387125730514526,0.35938382148742676,1178.0,1244.0,1214.0,1159.0,4795
114,38,0.1519656628370285,0.14099380373954773,0.1328122466802597,0.1571488082408905,0.1454746898710417,0.9681856632232666,0.9815705418586731,0.9885620474815369,0.9681035280227661,0.9768508860416035,0.14714813264430626,0.2975511848926544,0.20908132195472717,0.13323979079723358,0.3601474463939667,1163.0,1248.0,1224.0,1160.0,4795
115,38,0.13792221248149872,0.12322373688220978,0.1325918287038803,0.1389189213514328,0.1331579179659376,0.9800995588302612,0.9924242496490479,0.9934905767440796,0.9837883710861206,0.9874869652908216,0.13358352690220374,0.2981775999069214,0.20808015763759613,0.132476806640625,0.36128801107406616,1206.0,1188.0,1229.0,1172.0,4795
116,38,0.13383643329143524,0.11775081604719162,0.13047432899475098,0.12957386672496796,0.12787942159784965,0.9796265959739685,0.9933499097824097,0.9941471219062805,0.9885057210922241,0.9889468197404904,0.12590864727718368,0.29875460267066956,0.2072703093290329,0.13245899975299835,0.3615235388278961,1178.0,1203.0,1196.0,1218.0,4795
117,38,0.14647996425628662,0.13520093262195587,0.118320532143116,0.13832375407218933,0.13475463113769875,0.9652892351150513,0.9860997796058655,0.993955135345459,0.9808969497680664,0.9814389989572475,0.13477865293606475,0.29933783411979675,0.2068001925945282,0.13233043253421783,0.3615427017211914,1210.0,1223.0,1158.0,1204.0,4795
118,38,0.14001531898975372,0.13377675414085388,0.13423357903957367,0.14139430224895477,0.13739784809919042,0.973041296005249,0.9881755709648132,0.9890573620796204,0.9781551957130432,0.9820646503794556,0.136458429647561,0.30000415444374084,0.2067302167415619,0.13187284767627716,0.3614177703857422,1187.0,1184.0,1188.0,1236.0,4795
119,38,0.1410016119480133,0.13104906678199768,0.13132023811340332,0.13953609764575958,0.1357473679438498,0.9783151745796204,0.9887349009513855,0.9935117363929749,0.9793216586112976,0.9849843587069864,0.13434466646286944,0.3000592589378357,0.2063174545764923,0.13155432045459747,0.362072616815567,1199.0,1154.0,1233.0,1209.0,4795
120,38,0.1449292153120041,0.13634958863258362,0.12419413775205612,0.14848430454730988,0.13841021195815426,0.9773827791213989,0.9875208139419556,0.992543637752533,0.9764808416366577,0.9835245046923882,0.13894938943874605,0.3007300794124603,0.20574265718460083,0.1309727132320404,0.36254698038101196,1238.0,1202.0,1207.0,1148.0,4795
121,38,0.15354402363300323,0.15734799206256866,0.14051590859889984,0.16013112664222717,0.152984432719174,0.9657190442085266,0.9685429930686951,0.9863715171813965,0.9695974588394165,0.9724713241345443,0.1519402295382105,0.3014398515224457,0.2054215669631958,0.13013221323490143,0.36300724744796753,1196.0,1208.0,1174.0,1217.0,4795
122,38,0.14620882272720337,0.14032109081745148,0.13177818059921265,0.14317747950553894,0.14033379976456054,0.9745762944221497,0.9804719090461731,0.9933443665504456,0.9763514995574951,0.9812304483837331,0.13816755222267355,0.30099180340766907,0.2058119773864746,0.1297166645526886,0.3634965419769287,1180.0,1229.0,1202.0,1184.0,4795
123,38,0.13574327528476715,0.12501172721385956,0.13639160990715027,0.1360446661710739,0.13334188952622494,0.9777227640151978,0.9932261109352112,0.9912349581718445,0.9834349155426025,0.9864442124232512,0.13147392427709984,0.3013497292995453,0.20537710189819336,0.12963047623634338,0.36366596817970276,1212.0,1181.0,1255.0,1147.0,4795
124,38,0.14395655691623688,0.13054855167865753,0.12605240941047668,0.13468800485134125,0.13382608854795522,0.9716430306434631,0.9865321516990662,0.9958194494247437,0.9810230731964111,0.9837330552659024,0.13368825587415853,0.3015567362308502,0.20495672523975372,0.12945838272571564,0.36404716968536377,1199.0,1188.0,1196.0,1212.0,4795
125,38,0.14629092812538147,0.13806480169296265,0.1366560012102127,0.15765033662319183,0.14449470798340283,0.9743166565895081,0.9793898463249207,0.9893444180488586,0.9662337303161621,0.9774765378988822,0.14500637780078632,0.30228519439697266,0.2045738250017166,0.12898917496204376,0.36417046189308167,1207.0,1213.0,1220.0,1155.0,4795
126,38,0.16686022281646729,0.1940201371908188,0.1651308685541153,0.20729348063468933,0.18350250073655183,0.9555369019508362,0.9521452188491821,0.9712109565734863,0.9380165934562683,0.9541188738020423,0.18443801951855893,0.3012593984603882,0.20465663075447083,0.1280624270439148,0.36606860160827637,1192.0,1212.0,1181.0,1210.0,4795
127,38,0.16581755876541138,0.16610929369926453,0.1470746248960495,0.1733047068119049,0.16302004831923692,0.9608801603317261,0.9691252708435059,0.9876033663749695,0.9588926434516907,0.9691345148215829,0.16362902972695723,0.3003884255886078,0.20417599380016327,0.12695948779582977,0.3684879243373871,1227.0,1166.0,1210.0,1192.0,4795
128,38,0.1549074947834015,0.15265832841396332,0.13361142575740814,0.16014625132083893,0.15033310346919132,0.9717708826065063,0.97826087474823,0.9975103735923767,0.9681631922721863,0.9789363920750783,0.15147137474715397,0.30018025636672974,0.2042160928249359,0.1258591115474701,0.36974701285362244,1169.0,1196.0,1205.0,1225.0,4795
129,38,0.14288754761219025,0.13257662951946259,0.1218385100364685,0.13082055747509003,0.1322118369518653,0.9763262867927551,0.989583432674408,0.995640754699707,0.9829786419868469,0.986027111574557,0.13195773753433715,0.30117058753967285,0.20417842268943787,0.1250673234462738,0.369585782289505,1225.0,1248.0,1147.0,1175.0,4795
130,38,0.12256721407175064,0.1217731237411499,0.11660973727703094,0.12380494922399521,0.12125424530757238,0.988580584526062,0.9949110746383667,0.9982698559761047,0.9878444075584412,0.9922836286183817,0.11968878053276333,0.30121055245399475,0.20396655797958374,0.1249459981918335,0.3699002265930176,1226.0,1179.0,1156.0,1234.0,4795
131,38,0.14321553707122803,0.12177540361881256,0.129130557179451,0.14270366728305817,0.1345179063498166,0.9714053273200989,0.9876435399055481,0.9941225647926331,0.9791499376296997,0.9828988531085822,0.13503588219566565,0.30181869864463806,0.20355719327926636,0.12468495965003967,0.3699580729007721,1224.0,1133.0,1191.0,1247.0,4795
132,38,0.1698656678199768,0.17504891753196716,0.15551351010799408,0.18040838837623596,0.17014569685220474,0.9550660252571106,0.9606425166130066,0.9780129790306091,0.9587194919586182,0.9632950990615224,0.16988492284253692,0.3016205430030823,0.2039673626422882,0.12381842732429504,0.37062549591064453,1135.0,1245.0,1228.0,1187.0,4795
133,38,0.17283807694911957,0.15548641979694366,0.13729232549667358,0.16867144405841827,0.1587188326280731,0.9559293985366821,0.9787596464157104,0.9916107654571533,0.9609507918357849,0.9716371217037516,0.1596976126850086,0.3022567331790924,0.2033887654542923,0.12293688952922821,0.3714276850223541,1248.0,1177.0,1192.0,1178.0,4795
134,38,0.14933262765407562,0.13452313840389252,0.1432860791683197,0.1504630148410797,0.14448306383069787,0.9694656729698181,0.9835068583488464,0.9936050176620483,0.9760923385620117,0.980813346938371,0.14228575402740642,0.30315354466438293,0.2025737315416336,0.12237589806318283,0.37191900610923767,1179.0,1152.0,1251.0,1213.0,4795
135,38,0.14238771796226501,0.13655345141887665,0.12492407113313675,0.14482301473617554,0.1372635687587781,0.97169029712677,0.9842584133148193,0.9957374334335327,0.9752882719039917,0.9816475495307612,0.13748904035287807,0.30383479595184326,0.20198409259319305,0.12195432186126709,0.3722518980503082,1201.0,1207.0,1173.0,1214.0,4795
136,38,0.14503911137580872,0.12661902606487274,0.13824868202209473,0.13536588847637177,0.13628686752570437,0.9738177061080933,0.9891756772994995,0.9916874766349792,0.9776304960250854,0.9831074036820964,0.13513799405446023,0.30440667271614075,0.2015809267759323,0.12176539748907089,0.3722628951072693,1184.0,1201.0,1203.0,1207.0,4795
137,38,0.14031682908535004,0.1240832731127739,0.1261984407901764,0.12474032491445541,0.12880920151382594,0.9715719819068909,0.991909384727478,0.9948319792747498,0.9883526563644409,0.9866527632950992,0.1271402652883306,0.30573374032974243,0.20089156925678253,0.1216282770037651,0.3717629313468933,1196.0,1236.0,1161.0,1202.0,4795
138,38,0.1402714103460312,0.1319289207458496,0.12890870869159698,0.132192000746727,0.1333387420808933,0.9778323769569397,0.9833887815475464,0.99102783203125,0.9834351539611816,0.9839416059761527,0.1320886432565166,0.3059293031692505,0.20050901174545288,0.12161823362112045,0.37196019291877747,1218.0,1204.0,1226.0,1147.0,4795
139,38,0.15841923654079437,0.1421123892068863,0.1403842270374298,0.15953414142131805,0.15006128582206085,0.9622483849525452,0.9835119843482971,0.9841535091400146,0.9655752182006836,0.9739311780124064,0.1502687427280344,0.3067927658557892,0.20012369751930237,0.12104836106300354,0.3720395267009735,1192.0,1213.0,1199.0,1191.0,4795
140,38,0.15812323987483978,0.14446759223937988,0.14712901413440704,0.15577064454555511,0.15146357039216915,0.9654889106750488,0.9806559681892395,0.9828473329544067,0.9713819026947021,0.9749739308799766,0.15076952067604898,0.3073585331439972,0.19944904744625092,0.12081979215145111,0.3724003732204437,1217.0,1189.0,1166.0,1223.0,4795
141,38,0.15687191486358643,0.14632271230220795,0.1351400762796402,0.14780128002166748,0.1466868149507032,0.9618890285491943,0.9810543060302734,0.9886462688446045,0.9788445830345154,0.9774765381972161,0.1453978635782495,0.30852267146110535,0.1986459493637085,0.12024420499801636,0.3725963830947876,1207.0,1214.0,1145.0,1229.0,4795
142,38,0.14663346111774445,0.14885994791984558,0.14455506205558777,0.1457444280385971,0.14643967729663948,0.9687498211860657,0.9737288951873779,0.9849622845649719,0.9758734703063965,0.9758081331491719,0.14338389398283455,0.3080315589904785,0.19853833317756653,0.11998973041772842,0.3734748661518097,1216.0,1180.0,1197.0,1202.0,4795
143,38,0.1622171849012375,0.1429349035024643,0.13891808688640594,0.1542034149169922,0.14969523811054436,0.9617622494697571,0.9774811863899231,0.9896640181541443,0.9691559076309204,0.9743482794577685,0.15066864311197878,0.3089370131492615,0.19852399826049805,0.11946932226419449,0.3730950951576233,1203.0,1199.0,1161.0,1232.0,4795
144,38,0.13533556461334229,0.12770704925060272,0.1450047492980957,0.1472419798374176,0.1389500739893898,0.9752770066261292,0.9898391962051392,0.9917831420898438,0.9705880880355835,0.9818560998059415,0.13599686598069224,0.30899572372436523,0.19782760739326477,0.11953709274530411,0.3736378252506256,1173.0,1181.0,1217.0,1224.0,4795
145,38,0.14385727047920227,0.12437943369150162,0.1267634928226471,0.13782048225402832,0.13316333673358344,0.9704890251159668,0.9915825724601746,0.9901880025863647,0.9774622917175293,0.9824817515264834,0.13335818483633094,0.3093043267726898,0.19695885479450226,0.11939605325460434,0.3743881285190582,1186.0,1188.0,1223.0,1198.0,4795
146,38,0.13584747910499573,0.14869220554828644,0.1419595181941986,0.1534339338541031,0.14500388325006544,0.9782971143722534,0.9751712083816528,0.9808971285820007,0.9706122875213623,0.9762252343210613,0.14353363575477918,0.30921849608421326,0.19659987092018127,0.11912635713815689,0.3750712275505066,1198.0,1168.0,1204.0,1225.0,4795
147,38,0.15115679800510406,0.12899477779865265,0.13563744723796844,0.13191570341587067,0.1369914404418595,0.9671862721443176,0.9906937479972839,0.9914162755012512,0.9772173166275024,0.9814389990691226,0.1333391812471702,0.3092300295829773,0.19675670564174652,0.11906753480434418,0.3749842047691345,1219.0,1182.0,1165.0,1229.0,4795
148,38,0.1516314148902893,0.14156225323677063,0.13807207345962524,0.15032044053077698,0.14536774145425668,0.965575098991394,0.9770492315292358,0.9882746934890747,0.9731093049049377,0.9760166841826176,0.14524904854354823,0.31103405356407166,0.19581137597560883,0.11878109723329544,0.37441375851631165,1191.0,1220.0,1194.0,1190.0,4795
149,38,0.1352410614490509,0.12392694503068924,0.12605106830596924,0.13246795535087585,0.1295179752164887,0.9740680456161499,0.9922346472740173,0.9949790239334106,0.9801161885261536,0.9851929092805004,0.12785168501613542,0.31124746799468994,0.19530831277370453,0.11847975850105286,0.374985933303833,1234.0,1159.0,1195.0,1207.0,4795
150,38,0.14315207302570343,0.14043349027633667,0.12734316289424896,0.14942646026611328,0.13995698747284346,0.9723153710365295,0.9824560880661011,0.9967478513717651,0.9651360511779785,0.9793534930605088,0.14013866647938117,0.3114891052246094,0.19475910067558289,0.1180996298789978,0.37565428018569946,1192.0,1197.0,1230.0,1176.0,4795
151,38,0.1474974900484085,0.15178875625133514,0.13070857524871826,0.14360672235488892,0.14356119516961144,0.9695222973823547,0.976650595664978,0.9914602637290955,0.9734588861465454,0.9776850886339938,0.14318480878540077,0.31178826093673706,0.1950657218694687,0.11751749366521835,0.37563201785087585,1214.0,1242.0,1171.0,1168.0,4795
152,38,0.12621541321277618,0.11165957152843475,0.13112518191337585,0.12581078708171844,0.12379090428911733,0.9814658761024475,0.9948408007621765,0.9940878748893738,0.9841393828392029,0.9885297184567259,0.12184570924271136,0.3118380308151245,0.1947263926267624,0.11738322675228119,0.3760603666305542,1187.0,1163.0,1184.0,1261.0,4795
153,38,0.15142668783664703,0.12989284098148346,0.13949604332447052,0.14529626071453094,0.14157756281408704,0.9677144289016724,0.9853194952011108,0.9911504983901978,0.9720624089241028,0.9791449427853289,0.13949070888900666,0.31276431679725647,0.1936829835176468,0.11729780584573746,0.37629520893096924,1177.0,1158.0,1243.0,1217.0,4795
154,38,0.14861652255058289,0.14337217807769775,0.12683114409446716,0.1624414324760437,0.14506279119174842,0.9683760404586792,0.9787058234214783,0.9951299428939819,0.9624574780464172,0.9764337850313117,0.14569926650979098,0.31262898445129395,0.19321082532405853,0.11684415489435196,0.3773387670516968,1170.0,1221.0,1232.0,1172.0,4795
155,38,0.1485232561826706,0.14083029329776764,0.14387664198875427,0.13995453715324402,0.14326245881718075,0.9712838530540466,0.9844263195991516,0.9839662313461304,0.9726368188858032,0.9781021894826877,0.1408411197309946,0.3128475546836853,0.19339917600154877,0.1164158508181572,0.37733346223831177,1184.0,1220.0,1185.0,1206.0,4795
156,38,0.14238585531711578,0.13896332681179047,0.1336907148361206,0.13544905185699463,0.1376240432977179,0.9654300212860107,0.9796416163444519,0.9908484816551208,0.98218834400177,0.9795620434972864,0.1354680240061037,0.3136347532272339,0.1930295079946518,0.11650964617729187,0.3768492043018341,1186.0,1228.0,1202.0,1179.0,4795
157,38,0.1438307762145996,0.13770456612110138,0.1371496617794037,0.1422227919101715,0.1402166259611983,0.9737919569015503,0.982572615146637,0.9826445579528809,0.9723899364471436,0.977893639207508,0.13739936165938904,0.3139655292034149,0.19281388819217682,0.11647319793701172,0.3767819404602051,1221.0,1205.0,1210.0,1159.0,4795
158,38,0.1287534534931183,0.1183350458741188,0.12896518409252167,0.12420942634344101,0.12501182854797102,0.9786508679389954,0.9877850413322449,0.9900577068328857,0.9840202331542969,0.9851929089821666,0.12338555494674928,0.31462225317955017,0.1925143450498581,0.11631758511066437,0.3765450716018677,1171.0,1228.0,1207.0,1189.0,4795
159,38,0.1361604481935501,0.1288319081068039,0.11858351528644562,0.13047635555267334,0.12859256392164198,0.9701985716819763,0.9851731061935425,0.9974337816238403,0.9775747656822205,0.9824817518248173,0.12777583250101965,0.31518271565437317,0.19219210743904114,0.11627156287431717,0.3763829469680786,1208.0,1214.0,1169.0,1204.0,4795
160,38,0.12421940267086029,0.11505374312400818,0.12053978443145752,0.11103305220603943,0.11781994160012235,0.9886361956596375,0.9925558567047119,0.9908561706542969,0.9930495619773865,0.9912408756140746,0.11566222305093991,0.31599801778793335,0.19170667231082916,0.11633516848087311,0.37597227096557617,1232.0,1209.0,1203.0,1151.0,4795
161,38,0.11349251121282578,0.10310930758714676,0.11994405835866928,0.11794178187847137,0.11374309444110516,0.9858686327934265,0.9957044720649719,0.993553638458252,0.989890456199646,0.9912408759124088,0.11256534040626821,0.3164575695991516,0.19126161932945251,0.11643508821725845,0.3758402466773987,1203.0,1164.0,1241.0,1187.0,4795
162,38,0.12674714624881744,0.12481143325567245,0.12097009271383286,0.12142952531576157,0.12348582141093592,0.979522168636322,0.9870760440826416,0.9958914518356323,0.9845889806747437,0.986861313570279,0.12042679815272474,0.31702908873558044,0.19089163839817047,0.11654796451330185,0.37554931640625,1172.0,1238.0,1217.0,1168.0,4795
163,38,0.1319713294506073,0.1291084736585617,0.1385902762413025,0.14563849568367004,0.13634198520243232,0.9747825264930725,0.9787060618400574,0.9870026111602783,0.9681475758552551,0.9772679876237024,0.135739283582217,0.31684020161628723,0.19097565114498138,0.11662759631872177,0.3755740523338318,1150.0,1221.0,1231.0,1193.0,4795
164,38,0.1562025099992752,0.1690927892923355,0.15429362654685974,0.15949133038520813,0.15987251383078616,0.9664711356163025,0.963111400604248,0.9674185514450073,0.9628672003746033,0.9649635036496351,0.15494452823998417,0.31673407554626465,0.1904037892818451,0.11672485619783401,0.37616273760795593,1193.0,1247.0,1197.0,1158.0,4795
165,38,0.15396393835544586,0.15568111836910248,0.1477038562297821,0.16696558892726898,0.1560027773891176,0.959216833114624,0.9735915660858154,0.9878641366958618,0.9590644836425781,0.9699687175507092,0.15559723522976368,0.3161242604255676,0.1910010725259781,0.11624108254909515,0.37666723132133484,1226.0,1136.0,1236.0,1197.0,4795
166,38,0.14195594191551208,0.1416216343641281,0.11995461583137512,0.14245256781578064,0.13635010648134221,0.9746940732002258,0.9817730784416199,0.9967452883720398,0.9779541492462158,0.9828988526735116,0.13725612202700038,0.31578266620635986,0.190870001912117,0.11552556604146957,0.37784865498542786,1225.0,1207.0,1229.0,1134.0,4795
167,38,0.16008485853672028,0.14450746774673462,0.16204962134361267,0.15074008703231812,0.15429190977460028,0.9564852118492126,0.9822633862495422,0.9820664525032043,0.9670683145523071,0.9718456727123362,0.15054209577900526,0.3165031671524048,0.19045554101467133,0.11533639580011368,0.37773415446281433,1195.0,1184.0,1171.0,1245.0,4795
168,38,0.1553981751203537,0.15207301080226898,0.15216472744941711,0.1575673222541809,0.15430689936074526,0.9603960514068604,0.9780773520469666,0.9791839718818665,0.9682273864746094,0.9714285715653077,0.15298228979856557,0.31673189997673035,0.1901330053806305,0.11536425352096558,0.37779945135116577,1212.0,1186.0,1201.0,1196.0,4795
169,38,0.14348825812339783,0.12681704759597778,0.13485054671764374,0.14610883593559265,0.13779570976810238,0.9688581824302673,0.9876338839530945,0.9974853992462158,0.9756692051887512,0.9824817518248176,0.13868419685565148,0.31663620471954346,0.18972748517990112,0.11511288583278656,0.3785552382469177,1156.0,1213.0,1193.0,1233.0,4795
170,38,0.14003294706344604,0.12624920904636383,0.13251030445098877,0.13319900631904602,0.13307427539100739,0.9713349342346191,0.9862896800041199,0.9892383217811584,0.979149341583252,0.9814389989572471,0.13101997569405371,0.31712546944618225,0.18881185352802277,0.11502765119075775,0.37904876470565796,1221.0,1167.0,1208.0,1199.0,4795
171,38,0.13258427381515503,0.12021863460540771,0.1356513947248459,0.13510027527809143,0.13108398773250035,0.9747474789619446,0.9859403371810913,0.9925559163093567,0.9841269850730896,0.98435870668811,0.130254162548108,0.3177625238895416,0.18807311356067657,0.11515257507562637,0.3790191411972046,1188.0,1138.0,1209.0,1260.0,4795
172,38,0.14797775447368622,0.13496853411197662,0.13167856633663177,0.14225532114505768,0.1390783863252842,0.9631902575492859,0.9807370901107788,0.997570812702179,0.9722449779510498,0.9787278412032303,0.1369479003365272,0.3181780278682709,0.18755125999450684,0.11495951563119888,0.3793197572231293,1141.0,1194.0,1235.0,1225.0,4795
173,38,0.16554871201515198,0.1706567406654358,0.14844220876693726,0.16825388371944427,0.16315782007385474,0.9561620950698853,0.9612069129943848,0.9793218374252319,0.9589152336120605,0.9639207506204671,0.16179527760919363,0.3187853991985321,0.18711373209953308,0.11455005407333374,0.3795728087425232,1209.0,1160.0,1209.0,1217.0,4795
174,38,0.13222238421440125,0.11694014817476273,0.12087836861610413,0.12499084323644638,0.12362957099555555,0.9803250432014465,0.9902598261833191,0.99675053358078,0.9785038828849792,0.986652763295099,0.1233940541728694,0.31913942098617554,0.18728896975517273,0.1140136569738388,0.37958386540412903,1169.0,1232.0,1231.0,1163.0,4795
175,38,0.1317952573299408,0.11627984791994095,0.1137484684586525,0.12091650813817978,0.1207207109309088,0.9771801233291626,0.9918033480644226,0.9983389377593994,0.9842656850814819,0.9879040667361835,0.11892632857602133,0.3200460970401764,0.187200129032135,0.11391261219978333,0.3788563311100006,1227.0,1220.0,1204.0,1144.0,4795
176,38,0.10748521238565445,0.10502670705318451,0.11332196742296219,0.11128191649913788,0.10928430083335007,0.9915182590484619,0.9934641718864441,0.9984025955200195,0.9877193570137024,0.9929092805005214,0.10620825376761722,0.32058894634246826,0.18688923120498657,0.1139628067612648,0.37857818603515625,1179.0,1224.0,1252.0,1140.0,4795
177,38,0.14159898459911346,0.12491827458143234,0.1339450180530548,0.1446695327758789,0.13627642961189823,0.9648670554161072,0.9813765287399292,0.9868881106376648,0.9719775915145874,0.9762252342962,0.13682444547463263,0.32107821106910706,0.1865241676568985,0.11407098919153214,0.37836095690727234,1167.0,1235.0,1144.0,1249.0,4795
178,38,0.16385595500469208,0.18420132994651794,0.15769174695014954,0.1699540764093399,0.16891894512212569,0.9554822444915771,0.950244665145874,0.9771615266799927,0.9513274431228638,0.958706986444213,0.16652161033049115,0.32088589668273926,0.18641646206378937,0.11366614699363708,0.3790653347969055,1213.0,1226.0,1226.0,1130.0,4795
179,38,0.1571638584136963,0.13902947306632996,0.15628895163536072,0.16023989021778107,0.1531155363113714,0.9592020511627197,0.9738349318504333,0.9803600311279297,0.967923104763031,0.9705943689729177,0.15197853283787668,0.3205602169036865,0.1863074153661728,0.11349526792764664,0.37966224551200867,1103.0,1223.0,1222.0,1247.0,4795
180,38,0.13760347664356232,0.15682566165924072,0.1432318240404129,0.15458983182907104,0.14810880816175498,0.9701492190361023,0.9690986275672913,0.9896988272666931,0.9731489419937134,0.975808133472367,0.1450576232546189,0.32017579674720764,0.18587259948253632,0.11343395709991455,0.38054513931274414,1139.0,1165.0,1262.0,1229.0,4795
181,38,0.14211587607860565,0.1332370638847351,0.12614895403385162,0.1394335925579071,0.13523028532394654,0.9762710332870483,0.9855932593345642,0.9883818030357361,0.9756096601486206,0.9814389989572471,0.13489150807525613,0.3196714222431183,0.18615186214447021,0.11326675862073898,0.38093385100364685,1180.0,1180.0,1205.0,1230.0,4795
182,38,0.12091842293739319,0.1169426441192627,0.11504638940095901,0.10455310344696045,0.11445044226890064,0.9855196475982666,0.9927943348884583,0.999178409576416,0.9930736422538757,0.9927007296286734,0.11144660215774344,0.32058703899383545,0.18602915108203888,0.11308728903532028,0.3803056478500366,1174.0,1249.0,1217.0,1155.0,4795
183,38,0.13356192409992218,0.12375865876674652,0.10964984446763992,0.11866026371717453,0.12156511713771055,0.975288450717926,0.9862013459205627,0.9991371631622314,0.9848740100860596,0.9862356618497371,0.12003429866123003,0.3214051425457001,0.18633925914764404,0.11287697404623032,0.37940216064453125,1214.0,1232.0,1159.0,1190.0,4795
184,38,0.1387394219636917,0.13011345267295837,0.13834644854068756,0.12665718793869019,0.13346322112181636,0.9705882668495178,0.9811476469039917,0.9905661344528198,0.9822782278060913,0.9810218978102192,0.1292044254425793,0.3226192891597748,0.18628323078155518,0.11278429627418518,0.37831759452819824,1224.0,1220.0,1166.0,1185.0,4795
185,38,0.13034293055534363,0.131550595164299,0.1378031075000763,0.1369122564792633,0.1341393634925545,0.9768593907356262,0.9833194613456726,0.9876441359519958,0.9786688685417175,0.9816475495307615,0.13147130880943797,0.3227684795856476,0.18609587848186493,0.11283615231513977,0.3783207833766937,1210.0,1199.0,1214.0,1172.0,4795
186,38,0.13730625808238983,0.12018564343452454,0.1215839609503746,0.13229669630527496,0.12771488010759027,0.971428394317627,0.9850623607635498,0.9983935356140137,0.9809525609016418,0.9841501562513326,0.127613105117591,0.3228718340396881,0.1857382357120514,0.11283035576343536,0.37857499718666077,1190.0,1205.0,1245.0,1155.0,4795
187,38,0.13855931162834167,0.11521302908658981,0.1259055733680725,0.12116941809654236,0.12512449375717927,0.9664430618286133,0.9927420616149902,0.9966301321983337,0.9821429252624512,0.9845672572616246,0.12401799260016151,0.3235868811607361,0.1849127858877182,0.11276127398014069,0.37876027822494507,1192.0,1240.0,1187.0,1176.0,4795
188,38,0.13204464316368103,0.12988726794719696,0.14854279160499573,0.14612606167793274,0.13929866207093466,0.9732297658920288,0.9840870499610901,0.983660101890564,0.968826949596405,0.9774765377621457,0.1356626203025345,0.3236084282398224,0.18422718346118927,0.1131686419248581,0.37902015447616577,1158.0,1194.0,1224.0,1219.0,4795
189,38,0.11933228373527527,0.12184913456439972,0.12457706034183502,0.1243084967136383,0.12253887156438283,0.9812607169151306,0.9867658615112305,0.9918633699417114,0.9856297969818115,0.9864442124232509,0.12025983748769116,0.3234897553920746,0.1841564178466797,0.11356469988822937,0.3788095712661743,1174.0,1209.0,1229.0,1183.0,4795
190,38,0.14821013808250427,0.141407310962677,0.15594066679477692,0.14866159856319427,0.14845753657991867,0.9662629961967468,0.9745221138000488,0.9840202331542969,0.9690117239952087,0.9735140773004487,0.14512786480352455,0.32402896881103516,0.1840088665485382,0.11341938376426697,0.37856587767601013,1156.0,1256.0,1189.0,1194.0,4795
191,38,0.1495055854320526,0.13613656163215637,0.13660337030887604,0.14842712879180908,0.14266049105196232,0.9609633684158325,0.9744898676872253,0.9893963932991028,0.9705633521080017,0.9739311780124066,0.14237675000529842,0.3239683210849762,0.1834121197462082,0.1138390377163887,0.37879982590675354,1204.0,1176.0,1226.0,1189.0,4795
192,38,0.15215788781642914,0.14099471271038055,0.1310286670923233,0.13058526813983917,0.1389012092283545,0.96588134765625,0.9813159704208374,0.9938541650772095,0.9765493869781494,0.9791449427853288,0.1360679989500016,0.3246428668498993,0.18324154615402222,0.11312320083379745,0.379043847322464,1231.0,1231.0,1139.0,1194.0,4795
193,38,0.16027969121932983,0.14699523150920868,0.15351663529872894,0.15448908507823944,0.1537553237737531,0.9589393138885498,0.9810700416564941,0.9827302694320679,0.9589957594871521,0.9705943689729178,0.15030602710836247,0.32538822293281555,0.18261723220348358,0.11313366144895554,0.3788957893848419,1169.0,1215.0,1216.0,1195.0,4795
194,38,0.1344892978668213,0.15297085046768188,0.1510557383298874,0.1464776247739792,0.146312313998454,0.9754236340522766,0.972545862197876,0.985973596572876,0.9733555316925049,0.9768508860416036,0.14152418602184155,0.3260299265384674,0.1826300024986267,0.11306794732809067,0.37831100821495056,1180.0,1202.0,1212.0,1201.0,4795
195,38,0.13547825813293457,0.11978607624769211,0.12119203060865402,0.13206414878368378,0.12726433867427434,0.9708502292633057,0.9913042783737183,0.9925372004508972,0.9784054160118103,0.9831074035453599,0.12698829456837507,0.3254949450492859,0.18248552083969116,0.1131698489189148,0.3788517713546753,1235.0,1150.0,1206.0,1204.0,4795
196,38,0.13199205696582794,0.12580007314682007,0.1279616802930832,0.1311093121767044,0.12925460636460376,0.9735755920410156,0.9884955286979675,0.9984114170074463,0.9799162745475769,0.9851929092805006,0.12732732326911064,0.3256321847438812,0.18219180405139923,0.11296568065881729,0.37923988699913025,1211.0,1130.0,1259.0,1195.0,4795
197,38,0.1342422068119049,0.12402919679880142,0.12863656878471375,0.12349054217338562,0.1274892203657421,0.9761093258857727,0.9834162592887878,0.9947872161865234,0.9826223850250244,0.9841501565496666,0.12558721060300393,0.32657095789909363,0.18173041939735413,0.11293307691812515,0.37877342104911804,1172.0,1206.0,1151.0,1266.0,4795
198,38,0.13158999383449554,0.12165218591690063,0.1241503655910492,0.1368611454963684,0.12849611119756607,0.970563530921936,0.9863596558570862,0.9920570850372314,0.971890926361084,0.9803962457664819,0.1288183384443846,0.32647421956062317,0.1814652681350708,0.1129278615117073,0.3791311979293823,1189.0,1173.0,1259.0,1174.0,4795
199,38,0.15526047348976135,0.15182067453861237,0.15567469596862793,0.1501450389623642,0.15321793130776676,0.9678260684013367,0.9679540395736694,0.9837663173675537,0.9623745083808899,0.9705943692712514,0.14992600650185717,0.32694950699806213,0.18098881840705872,0.1127372682094574,0.37935271859169006,1150.0,1217.0,1232.0,1196.0,4795
200,38,0.14366580545902252,0.15049633383750916,0.13984346389770508,0.13921421766281128,0.14335838680906263,0.9677966833114624,0.9657700657844543,0.9845778942108154,0.974048376083374,0.9730969761534207,0.13983147074706367,0.32781195640563965,0.18085676431655884,0.11271298676729202,0.37862876057624817,1180.0,1227.0,1232.0,1156.0,4795
201,38,0.12980565428733826,0.1303188055753708,0.13193970918655396,0.13946546614170074,0.1329442579318634,0.975470244884491,0.9805084466934204,0.9947870969772339,0.9726026654243469,0.9806047967999274,0.1313312704048514,0.32754456996917725,0.18123672902584076,0.11263871192932129,0.3785940408706665,1223.0,1180.0,1151.0,1241.0,4795
202,38,0.1270456314086914,0.11897891759872437,0.12458749860525131,0.13258694112300873,0.12585207909128096,0.9760684967041016,0.990646243095398,0.9959218502044678,0.9795584678649902,0.9856100101291948,0.12513559210319095,0.3272649049758911,0.18062755465507507,0.1124374195933342,0.3796968162059784,1170.0,1176.0,1226.0,1223.0,4795
203,38,0.12646572291851044,0.11952250450849533,0.11578014492988586,0.10885262489318848,0.11764576325233835,0.9788135886192322,0.9879807829856873,0.9939863085746765,0.9908562302589417,0.9879040667361837,0.11465858020610926,0.3275810778141022,0.180360808968544,0.11264406889677048,0.3794287145137787,1180.0,1248.0,1164.0,1203.0,4795
204,38,0.13995206356048584,0.11744893342256546,0.1253349483013153,0.13391098380088806,0.12915647366745503,0.9675213694572449,0.9884488582611084,0.9887542128562927,0.9753381013870239,0.9799791446443146,0.130479683973307,0.32858869433403015,0.1799452304840088,0.11249461770057678,0.37899187207221985,1170.0,1212.0,1156.0,1257.0,4795
205,38,0.16500398516654968,0.15358556807041168,0.15872491896152496,0.14975157380104065,0.15679627906325208,0.9566283226013184,0.9660441875457764,0.9780404567718506,0.9661436080932617,0.9666319082377478,0.15205048609668687,0.32926884293556213,0.1796959638595581,0.11242228746414185,0.3786174952983856,1222.0,1178.0,1184.0,1211.0,4795
206,38,0.1298205852508545,0.12736645340919495,0.1276845633983612,0.12844125926494598,0.1283182484172557,0.9741880893707275,0.987034022808075,0.9925987124443054,0.9781467318534851,0.9831074035453596,0.12641047875438668,0.3298337757587433,0.17948061227798462,0.11257447302341461,0.3781300485134125,1201.0,1234.0,1216.0,1144.0,4795
207,38,0.1399971842765808,0.13740776479244232,0.14167754352092743,0.14698830246925354,0.1414352452605808,0.9647649526596069,0.9744012355804443,0.9809523224830627,0.9708481431007385,0.9728884255799065,0.14064217970567644,0.3299229145050049,0.1793329119682312,0.11248040944337845,0.378260999917984,1192.0,1211.0,1260.0,1132.0,4795
208,38,0.17900483310222626,0.18194063007831573,0.1755085289478302,0.18837973475456238,0.18116995665838126,0.9478906989097595,0.950169026851654,0.9686725735664368,0.9461733102798462,0.9532846712345127,0.17651687620889403,0.32902848720550537,0.1795712113380432,0.11235887557268143,0.3790968656539917,1209.0,1184.0,1213.0,1189.0,4795
209,38,0.14463961124420166,0.13556785881519318,0.1327410340309143,0.1322261542081833,0.13643983935352663,0.9735363721847534,0.9854602813720703,0.9912434816360474,0.9760274887084961,0.9814389989572471,0.13574926487565422,0.32927757501602173,0.17940568923950195,0.11210298538208008,0.37922805547714233,1247.0,1238.0,1142.0,1168.0,4795
210,38,0.12789739668369293,0.12956172227859497,0.13439105451107025,0.14654622972011566,0.13471839658535315,0.9725792407989502,0.9796438813209534,0.9967426657676697,0.9705159664154053,0.9799791449426485,0.13328932010033578,0.32940876483917236,0.17904220521450043,0.11211355030536652,0.37946364283561707,1167.0,1179.0,1228.0,1221.0,4795
211,38,0.12693490087985992,0.1174754798412323,0.13788360357284546,0.12152620404958725,0.12589578621081696,0.9769624471664429,0.9901152849197388,0.9958122968673706,0.981069803237915,0.986027111574557,0.12119269078603256,0.3292764127254486,0.17853093147277832,0.11243946850299835,0.37977707386016846,1172.0,1214.0,1194.0,1215.0,4795
212,38,0.12485715001821518,0.11293195188045502,0.11355675756931305,0.1092739924788475,0.11529820373551808,0.9775641560554504,0.9908410906791687,0.9949066042900085,0.9888699054718018,0.9879040664378493,0.113922665345097,0.3305112421512604,0.17834621667861938,0.11257980018854141,0.37857261300086975,1248.0,1201.0,1178.0,1168.0,4795
213,38,0.11445558071136475,0.11285754293203354,0.11223194748163223,0.11095927655696869,0.11263924777756397,0.983898401260376,0.9928740859031677,0.996677815914154,0.9843205213546753,0.9895724712994348,0.10946294295526766,0.33109980821609497,0.17812097072601318,0.11263050884008408,0.378163605928421,1180.0,1263.0,1204.0,1148.0,4795
214,38,0.11552637815475464,0.11823460459709167,0.13517899811267853,0.1267727017402649,0.12404406495835163,0.9802066683769226,0.9883527755737305,0.9901558756828308,0.9801980257034302,0.9847758081334725,0.12036448257807271,0.3306118845939636,0.17848604917526245,0.11273424327373505,0.3782031536102295,1162.0,1202.0,1219.0,1212.0,4795
215,38,0.13980084657669067,0.1392093002796173,0.13946004211902618,0.14532031118869781,0.14099808805801817,0.9625000953674316,0.9770408868789673,0.988135576248169,0.9693301916122437,0.9741397287226569,0.13866717061795086,0.3302479684352875,0.17811423540115356,0.11307082325220108,0.3785907030105591,1200.0,1176.0,1180.0,1239.0,4795
216,38,0.13658039271831512,0.1350923478603363,0.13593222200870514,0.14195957779884338,0.13742673440726635,0.9673467874526978,0.9783361554145813,0.9866443276405334,0.9704434275627136,0.9755995828988531,0.1349067893776581,0.33038094639778137,0.17802925407886505,0.11294572800397873,0.3786736726760864,1225.0,1154.0,1198.0,1218.0,4795
217,38,0.1416296809911728,0.12117768079042435,0.1343093067407608,0.13798734545707703,0.13375813102697304,0.9675490856170654,0.984886646270752,0.9926828145980835,0.9725686311721802,0.9795620437707593,0.13183898419235,0.3303709328174591,0.17745935916900635,0.11286994069814682,0.37935566902160645,1171.0,1191.0,1230.0,1203.0,4795
218,38,0.13087058067321777,0.14865590631961823,0.14866723120212555,0.13466718792915344,0.14077696882273785,0.9772919416427612,0.9732667207717896,0.9803118705749512,0.9722687602043152,0.9758081336091036,0.13470576718154362,0.33094078302383423,0.17723584175109863,0.11297907680273056,0.37886396050453186,1189.0,1197.0,1219.0,1190.0,4795
219,38,0.1219114363193512,0.12348305433988571,0.11716093868017197,0.12553295493125916,0.12217900960922738,0.9846277236938477,0.9842454195022583,0.9945003986358643,0.9825674891471863,0.9862356618497371,0.12066409915405964,0.3305400013923645,0.1778123825788498,0.11326281726360321,0.3784070611000061,1236.0,1206.0,1091.0,1262.0,4795
220,38,0.12794223427772522,0.14229561388492584,0.13853688538074493,0.12868745625019073,0.13428299277710096,0.9783692359924316,0.9684838056564331,0.9924559593200684,0.979608416557312,0.9797705943691347,0.1293823236888964,0.32982614636421204,0.17821159958839417,0.11320444941520691,0.37878134846687317,1202.0,1174.0,1193.0,1226.0,4795
221,38,0.11748308688402176,0.11987697333097458,0.12420203536748886,0.12306758016347885,0.12121036441936482,0.9802234768867493,0.9857740998268127,0.9943366646766663,0.9808492660522461,0.9854014598540145,0.11846944065424649,0.32936352491378784,0.1780652105808258,0.11344407498836517,0.37914615869522095,1163.0,1195.0,1236.0,1201.0,4795
222,38,0.11554157733917236,0.10042063891887665,0.12373566627502441,0.10250730067491531,0.11057169242248295,0.9804255366325378,0.9940627217292786,0.9967106580734253,0.9934695363044739,0.9912408759124084,0.10794523645646878,0.3299868106842041,0.17782722413539886,0.11371837556362152,0.37845662236213684,1175.0,1179.0,1216.0,1225.0,4795
223,38,0.11774268746376038,0.11444805562496185,0.11342091858386993,0.12073290348052979,0.11649888726232943,0.9780665636062622,0.9891214370727539,0.9927767515182495,0.9786288738250732,0.9847758079718748,0.11468491419388431,0.33052799105644226,0.177578866481781,0.11415185779333115,0.3777686059474945,1231.0,1195.0,1246.0,1123.0,4795
224,38,0.15774044394493103,0.154541477560997,0.1482500433921814,0.1512129306793213,0.1528832719475808,0.9633417725563049,0.9646089673042297,0.9783307313919067,0.9621016383171082,0.9672575600950265,0.15120686056156477,0.33054688572883606,0.17730794847011566,0.11384526640176773,0.3783092498779297,1173.0,1215.0,1246.0,1161.0,4795
225,38,0.13828566670417786,0.14383602142333984,0.1397232860326767,0.1560067981481552,0.14450727286937964,0.9698205590248108,0.973275899887085,0.9881855845451355,0.959967315196991,0.972679874571322,0.14291077226369298,0.33022817969322205,0.17782890796661377,0.11358584463596344,0.3783569633960724,1226.0,1160.0,1185.0,1224.0,4795
226,38,0.15316347777843475,0.1504557728767395,0.13683031499385834,0.13896521925926208,0.14503099531774347,0.9599999189376831,0.9701245427131653,0.9906383156776428,0.9751072525978088,0.973722628010699,0.14219936984236717,0.33053290843963623,0.17802052199840546,0.11330357193946838,0.37817689776420593,1250.0,1205.0,1175.0,1165.0,4795
227,38,0.1416705697774887,0.12194743752479553,0.13042567670345306,0.12582965195178986,0.13014839545156462,0.9704709053039551,0.9848099946975708,0.994949460029602,0.9760479927062988,0.9814389990939837,0.12868913092938902,0.331455796957016,0.1780855506658554,0.11320973932743073,0.37726467847824097,1253.0,1185.0,1188.0,1169.0,4795
228,38,0.11889470368623734,0.1245681419968605,0.1395241618156433,0.12914560735225677,0.12839630997591156,0.9785329699516296,0.9772542119026184,0.9923137426376343,0.9755458235740662,0.9812304480853993,0.12342410138550844,0.33196184039115906,0.17767176032066345,0.11340171098709106,0.37698689103126526,1118.0,1231.0,1301.0,1145.0,4795
229,38,0.134962797164917,0.12701711058616638,0.13549497723579407,0.14117181301116943,0.1345826125057944,0.9690893292427063,0.9820407032966614,0.9908485412597656,0.9666951894760132,0.9772679871886315,0.1328193680834845,0.33134257793426514,0.1771840900182724,0.11379316449165344,0.37770548462867737,1197.0,1225.0,1202.0,1171.0,4795
230,38,0.11949554085731506,0.11503235995769501,0.12231256812810898,0.11228014528751373,0.11737996082484908,0.9796583652496338,0.9865996241569519,1.0,0.9860384464263916,0.9881126174464342,0.1147159162104689,0.3313850164413452,0.1771358698606491,0.11381490528583527,0.3776758015155792,1229.0,1194.0,1226.0,1146.0,4795
231,38,0.13398811221122742,0.12348279356956482,0.1279238909482956,0.1177985668182373,0.12579114031866276,0.9678748250007629,0.987311601638794,0.989436686038971,0.980574369430542,0.9812304483837333,0.12358246019286831,0.33210086822509766,0.17672835290431976,0.11419618874788284,0.3770168125629425,1214.0,1261.0,1136.0,1184.0,4795
232,38,0.14925901591777802,0.16094596683979034,0.1574404090642929,0.14677977561950684,0.15354386036351278,0.9570155143737793,0.9596976637840271,0.9769821166992188,0.9716193675994873,0.9662148070907197,0.14801159065073044,0.33249807357788086,0.17734003067016602,0.11442696303129196,0.37578099966049194,1233.0,1191.0,1173.0,1198.0,4795
233,38,0.15154224634170532,0.15377025306224823,0.1634984016418457,0.15412652492523193,0.15567858655770955,0.9670606851577759,0.9705159068107605,0.9811483025550842,0.9615699648857117,0.9699687172523757,0.15131786945465345,0.33200791478157043,0.17731152474880219,0.1147170215845108,0.3759939968585968,1184.0,1221.0,1167.0,1223.0,4795
234,38,0.18321986496448517,0.237273707985878,0.20223043859004974,0.2146882861852646,0.20928449835531154,0.9419299364089966,0.9132652878761292,0.9577353596687317,0.9396986961364746,0.938477580950084,0.20418781672640318,0.3302830457687378,0.1782667487859726,0.11499599367380142,0.3764013350009918,1171.0,1176.0,1254.0,1194.0,4795
235,38,0.1504170000553131,0.12611383199691772,0.1368059664964676,0.14081928133964539,0.1387119090874078,0.9695512056350708,0.9880545735359192,0.988410472869873,0.9751499891281128,0.9801876952178286,0.13839737712031733,0.3298366665840149,0.17888599634170532,0.11440334469079971,0.376891165971756,1248.0,1172.0,1208.0,1167.0,4795
236,38,0.12528663873672485,0.10360834747552872,0.12976379692554474,0.12628379464149475,0.12132920670372604,0.978741466999054,0.9966158866882324,0.9958745837211609,0.9828571677207947,0.9885297181583917,0.12032643621855407,0.33111247420310974,0.1776745319366455,0.11446133255958557,0.376783162355423,1176.0,1182.0,1212.0,1225.0,4795
237,38,0.11386572569608688,0.10189321637153625,0.11806375533342361,0.1084652915596962,0.11043207389967784,0.9833914637565613,0.9951100945472717,0.9966073036193848,0.9879518151283264,0.9908237746037828,0.10706032340543983,0.3312893211841583,0.17673733830451965,0.11500587314367294,0.3769948482513428,1144.0,1227.0,1179.0,1245.0,4795
238,38,0.12751686573028564,0.12299784272909164,0.1117311343550682,0.13017681241035461,0.12322909541746624,0.9756289720535278,0.985209584236145,0.9921671748161316,0.9775280356407166,0.9824817517999563,0.12283058920107989,0.3317125141620636,0.17681574821472168,0.11472402513027191,0.3767516613006592,1272.0,1217.0,1149.0,1157.0,4795
239,38,0.12172026932239532,0.1319456249475479,0.1347908228635788,0.127188041806221,0.1288518041123687,0.9784945845603943,0.9785301089286804,0.9939706921577454,0.9761122465133667,0.9816475492324271,0.1240901522983227,0.3311549723148346,0.17685750126838684,0.11464382708072662,0.37735655903816223,1209.0,1211.0,1161.0,1214.0,4795
240,38,0.12211620807647705,0.10111644864082336,0.11773982644081116,0.12171090394258499,0.11575258696321651,0.9763072729110718,0.9932773113250732,0.9912891983985901,0.9837793707847595,0.9860271112762229,0.1158895043125988,0.33161771297454834,0.1762462556362152,0.11492505669593811,0.3772018551826477,1224.0,1190.0,1148.0,1233.0,4795
241,38,0.12026169896125793,0.11796487867832184,0.11774901300668716,0.11978863924741745,0.11892976374273133,0.9785958528518677,0.9828988909721375,0.994127631187439,0.9842584729194641,0.984984358980459,0.11551166954639687,0.3317411243915558,0.17551766335964203,0.1149759292602539,0.3777858316898346,1168.0,1228.0,1192.0,1207.0,4795
242,38,0.12425509095191956,0.12285154312849045,0.12258939445018768,0.12635543942451477,0.12401220548948476,0.976331353187561,0.982658863067627,0.9949874877929688,0.9792358875274658,0.9833159538205398,0.12142465240763921,0.33153748512268066,0.1756495237350464,0.11475063860416412,0.3780865967273712,1183.0,1211.0,1197.0,1204.0,4795
243,38,0.12692129611968994,0.11742202937602997,0.1197657510638237,0.12995488941669464,0.12361377724703711,0.9725458025932312,0.9916735887527466,0.9947780966758728,0.9742557406425476,0.9831074033837623,0.12287412367846595,0.33187296986579895,0.17546021938323975,0.11461944878101349,0.37807443737983704,1202.0,1201.0,1149.0,1243.0,4795
244,38,0.1603068858385086,0.1657111942768097,0.17567382752895355,0.16893315315246582,0.16776938470113512,0.9578312635421753,0.9571427702903748,0.9714983701705933,0.9555557370185852,0.9605839415809787,0.16163344147058675,0.33187973499298096,0.17546366155147552,0.11494504660367966,0.3777194023132324,1162.0,1190.0,1228.0,1215.0,4795
245,38,0.14940136671066284,0.14193196594715118,0.1429433822631836,0.1491623818874359,0.14578009974347414,0.9646329283714294,0.974399983882904,0.9958263635635376,0.9621710777282715,0.9743482794577689,0.14371504120458778,0.33158329129219055,0.17549684643745422,0.1149134486913681,0.37803658843040466,1131.0,1250.0,1198.0,1216.0,4795
246,38,0.13434167206287384,0.1401710957288742,0.12276388704776764,0.13399089872837067,0.13286731560424173,0.9685372114181519,0.9753289818763733,0.9940978288650513,0.9761708378791809,0.9785192907664525,0.1310942560651877,0.33164358139038086,0.17527487874031067,0.11462455987930298,0.37847650051116943,1176.0,1216.0,1186.0,1217.0,4795
247,38,0.13811908662319183,0.14015793800354004,0.13917675614356995,0.13434259593486786,0.1380154474808352,0.9680761098861694,0.9774193167686462,0.9927769303321838,0.9730434417724609,0.9781021897561609,0.13442447528911206,0.3315138816833496,0.17582502961158752,0.11435560882091522,0.3783327043056488,1159.0,1240.0,1246.0,1150.0,4795
248,38,0.12700757384300232,0.1275230497121811,0.12486929446458817,0.12413635849952698,0.12587725307726388,0.9694916009902954,0.9825435280799866,0.9950331449508667,0.9808970093727112,0.9820646506777893,0.12338140308235436,0.33140307664871216,0.1757907122373581,0.11451122164726257,0.37830284237861633,1180.0,1203.0,1208.0,1204.0,4795
249,38,0.11386500298976898,0.09406574815511703,0.11394168436527252,0.1070684865117073,0.10727645591973514,0.9828912615776062,0.994893491268158,0.9975249171257019,0.9878935217857361,0.9908237744670468,0.1048124361056854,0.3314483165740967,0.17539261281490326,0.11481922119855881,0.37836793065071106,1169.0,1175.0,1212.0,1239.0,4795
250,38,0.11807865649461746,0.10859943181276321,0.11673444509506226,0.09894881397485733,0.1106269343180254,0.9826160669326782,0.9943318963050842,0.9881255030632019,0.9931797385215759,0.9895724713242964,0.10695907167771807,0.33251819014549255,0.17513377964496613,0.11510758101940155,0.3772518038749695,1208.0,1235.0,1179.0,1173.0,4795
251,38,0.12446164339780807,0.13135966658592224,0.14434878528118134,0.1259574592113495,0.13156623368902176,0.9727659225463867,0.9744856357574463,0.9875105023384094,0.9742525219917297,0.9772679877604386,0.12485606349049069,0.33293360471725464,0.17541947960853577,0.11537076532840729,0.3762984871864319,1175.0,1215.0,1201.0,1204.0,4795
252,38,0.13943375647068024,0.15352581441402435,0.1560792773962021,0.158216193318367,0.15194420021442975,0.9650766253471375,0.9654577374458313,0.9777413010597229,0.9624000191688538,0.9676746611053181,0.14791605435583713,0.3321366012096405,0.17535096406936646,0.11571384966373444,0.37681615352630615,1174.0,1158.0,1213.0,1250.0,4795
253,38,0.13828153908252716,0.11955571174621582,0.12724560499191284,0.12972143292427063,0.12865694566893016,0.9684298634529114,0.9816054105758667,0.9908561706542969,0.9795751571655273,0.9801876952178289,0.1279229384020546,0.3318445086479187,0.17520771920681,0.11582302302122116,0.377169132232666,1172.0,1196.0,1203.0,1224.0,4795
254,38,0.13571369647979736,0.1308531016111374,0.11496194452047348,0.1235569566488266,0.12639897393297728,0.9668325781822205,0.9830509424209595,0.9991468191146851,0.9855688214302063,0.9835245048291242,0.12411027780041582,0.33283114433288574,0.17508669197559357,0.11552996933460236,0.3765575885772705,1206.0,1239.0,1172.0,1178.0,4795
255,38,0.12712539732456207,0.13159795105457306,0.12749408185482025,0.12426281720399857,0.12764182578659655,0.9744028449058533,0.9772911667823792,0.991503894329071,0.9785656332969666,0.9803962462264131,0.1253712769966802,0.33301982283592224,0.17528799176216125,0.11547361314296722,0.3762313425540924,1172.0,1233.0,1177.0,1213.0,4795
256,38,0.1419503092765808,0.139920175075531,0.14409217238426208,0.1352553367614746,0.1403813186166682,0.9681474566459656,0.9738836288452148,0.988009512424469,0.974226713180542,0.9762252346193951,0.13456906460311044,0.3334049880504608,0.17531871795654297,0.11537793278694153,0.3759142756462097,1193.0,1187.0,1251.0,1164.0,4795
257,38,0.1296655684709549,0.1376819610595703,0.13436837494373322,0.13663053512573242,0.13461905323489495,0.9726263880729675,0.9730867147445679,0.990961492061615,0.9762294292449951,0.9783107403545362,0.13159023903084996,0.3335302472114563,0.17520637810230255,0.11561368405818939,0.3756604790687561,1169.0,1189.0,1217.0,1220.0,4795
258,38,0.13543030619621277,0.12418678402900696,0.12373880296945572,0.1297975778579712,0.12830476752473607,0.9686208963394165,0.9783332943916321,0.9882943034172058,0.9772726893424988,0.9781021894826881,0.12567936949299824,0.3332881033420563,0.17519204318523407,0.11575248837471008,0.3757985234260559,1211.0,1200.0,1196.0,1188.0,4795
259,38,0.12390001863241196,0.1277344673871994,0.12810784578323364,0.12650632858276367,0.1265745804910242,0.9736170172691345,0.9786871671676636,0.9884962439537048,0.9804878234863281,0.9803962457913428,0.12401857946351622,0.3338044583797455,0.1748572438955307,0.1156853511929512,0.3756735324859619,1175.0,1173.0,1217.0,1230.0,4795
260,38,0.14972083270549774,0.15258362889289856,0.13482965528964996,0.15121197700500488,0.1470950494251361,0.9592530727386475,0.9644333720207214,0.9841534495353699,0.96277916431427,0.9676746609437206,0.1463559060667304,0.33373337984085083,0.17516449093818665,0.11560727655887604,0.37551894783973694,1178.0,1209.0,1199.0,1209.0,4795
261,38,0.1427551656961441,0.14556217193603516,0.13023746013641357,0.12805800139904022,0.13679211603650462,0.9698204398155212,0.9761905074119568,0.9922812581062317,0.9814345240592957,0.9797705940708007,0.13448706585001025,0.33446329832077026,0.17555592954158783,0.11520339548587799,0.37480688095092773,1226.0,1218.0,1166.0,1185.0,4795
262,38,0.15299242734909058,0.14329244196414948,0.1591803878545761,0.15636815130710602,0.15302610677337738,0.9598953127861023,0.9741020202636719,0.979099690914154,0.9635459780693054,0.9693430658301673,0.1509185442431006,0.3342128396034241,0.17554695904254913,0.11505166441202164,0.37518495321273804,1147.0,1197.0,1244.0,1207.0,4795
263,38,0.14280694723129272,0.14087235927581787,0.14779938757419586,0.1673036813735962,0.14978505043279888,0.9636518359184265,0.975165605545044,0.9831081032752991,0.9598360657691956,0.9703858182626673,0.14984691483633852,0.3341215252876282,0.17502224445343018,0.11526927351951599,0.3756267726421356,1183.0,1208.0,1184.0,1220.0,4795
264,38,0.14858143031597137,0.14604482054710388,0.13117828965187073,0.14255177974700928,0.1420821042609041,0.9656823873519897,0.9700343012809753,0.9901718497276306,0.9731137156486511,0.9747653808782699,0.14101905964462558,0.3339110314846039,0.17471496760845184,0.11462463438510895,0.37678319215774536,1253.0,1168.0,1221.0,1153.0,4795
265,38,0.12418726831674576,0.13217884302139282,0.1271531730890274,0.1272815316915512,0.12766251411285096,0.979789674282074,0.9814502000808716,0.994991660118103,0.9778534173965454,0.9835245043940538,0.12408445745520097,0.3343780040740967,0.17493391036987305,0.11417853832244873,0.3765422999858856,1237.0,1186.0,1198.0,1174.0,4795
266,38,0.14220985770225525,0.10121376812458038,0.1410089135169983,0.13163460791110992,0.12871564197527854,0.9668459296226501,0.9934641718864441,0.9885246157646179,0.9765182137489319,0.9816475495307615,0.12700452652290795,0.33452245593070984,0.17411430180072784,0.1146056279540062,0.37678763270378113,1116.0,1224.0,1220.0,1235.0,4795
267,38,0.13079960644245148,0.11830215156078339,0.1235753521323204,0.12434617429971695,0.12428312334732172,0.9717138409614563,0.9881256818771362,0.9933939576148987,0.980049729347229,0.9833159538205402,0.12259668638857862,0.3352937698364258,0.17301355302333832,0.11492878943681717,0.37677744030952454,1202.0,1179.0,1211.0,1203.0,4795
268,38,0.11437781900167465,0.11816344410181046,0.12067268043756485,0.11065536737442017,0.11593340715476945,0.9814813137054443,0.9865995645523071,0.995726466178894,0.9823381900787354,0.9864442127215849,0.11167830656417589,0.3356669843196869,0.17284810543060303,0.11497721821069717,0.3765299320220947,1242.0,1194.0,1170.0,1189.0,4795
269,38,0.12490218877792358,0.11845433712005615,0.11738289147615433,0.12030836939811707,0.1202509913255574,0.9741020202636719,0.9842324256896973,0.9983469247817993,0.9771766066551208,0.9835245049658611,0.11800780296325687,0.3360863924026489,0.17279189825057983,0.11504998803138733,0.37609291076660156,1197.0,1205.0,1210.0,1183.0,4795
270,38,0.14536181092262268,0.14858175814151764,0.16255314648151398,0.14796273410320282,0.1510762999931639,0.9635459184646606,0.9722222089767456,0.9705386161804199,0.9678218364715576,0.9685088632377771,0.14587867551476413,0.3357926607131958,0.17253373563289642,0.1157156303524971,0.3759845495223999,1207.0,1188.0,1188.0,1212.0,4795
271,38,0.14997366070747375,0.1590331792831421,0.13862894475460052,0.16953320801258087,0.15441701034311206,0.9671162366867065,0.9635156393051147,0.9848101735115051,0.9589491486549377,0.9685088635361108,0.15268872819833137,0.33525604009628296,0.17286288738250732,0.11515530198812485,0.37680158019065857,1186.0,1206.0,1185.0,1218.0,4795
272,38,0.13097238540649414,0.11934761703014374,0.12102527171373367,0.12714621424674988,0.12464685639263567,0.9679011702537537,0.9890846610069275,0.9941666722297668,0.9772918224334717,0.9820646503794551,0.12429795127218288,0.3350510597229004,0.1727190613746643,0.11493809521198273,0.3773047924041748,1215.0,1191.0,1200.0,1189.0,4795
273,38,0.14201880991458893,0.12724585831165314,0.13796617090702057,0.12547242641448975,0.13330344762245233,0.9655723571777344,0.9815590381622314,0.9873096346855164,0.9760888814926147,0.9774765381972166,0.12985727723621848,0.3358049988746643,0.17246492207050323,0.1149185448884964,0.3768105208873749,1249.0,1193.0,1182.0,1171.0,4795
274,38,0.13214758038520813,0.1330050379037857,0.13740599155426025,0.15330857038497925,0.13912142660931082,0.9738901853561401,0.9815407395362854,0.9922277927398682,0.9637680649757385,0.9776850889074666,0.13888811222331,0.3361078202724457,0.17187151312828064,0.11490018665790558,0.37712669372558594,1149.0,1246.0,1158.0,1242.0,4795
275,38,0.17819847166538239,0.19981081783771515,0.15563702583312988,0.1799200177192688,0.17845709014361538,0.9476352334022522,0.9437651634216309,0.9776860475540161,0.956558883190155,0.9564129302722945,0.1764766702438172,0.3357506990432739,0.1726861149072647,0.11396557837724686,0.37764838337898254,1184.0,1227.0,1210.0,1174.0,4795
276,38,0.13154707849025726,0.13723312318325043,0.15983325242996216,0.16269077360630035,0.14837191466929633,0.9691358208656311,0.9767841100692749,0.974751353263855,0.95801842212677,0.9697601669771955,0.14515184061494937,0.33424675464630127,0.17286212742328644,0.11413950473070145,0.37871304154396057,1134.0,1163.0,1307.0,1191.0,4795
277,38,0.15590029954910278,0.15995225310325623,0.14322222769260406,0.1463782787322998,0.1515118927975516,0.9586846232414246,0.9631114602088928,0.9842381477355957,0.9663935303688049,0.9678832118155686,0.14988130374546474,0.33393388986587524,0.17302682995796204,0.1139448955655098,0.37910670042037964,1186.0,1247.0,1142.0,1220.0,4795
278,38,0.13432979583740234,0.13982084393501282,0.13349966704845428,0.14704853296279907,0.13866605320333572,0.9696720838546753,0.9770115613937378,0.993431806564331,0.9698205590248108,0.9774765377621458,0.13736836800703292,0.3332127630710602,0.17299403250217438,0.11379873007535934,0.38000646233558655,1220.0,1131.0,1218.0,1226.0,4795
279,38,0.13280032575130463,0.11791809648275375,0.12470369786024094,0.11805282533168793,0.12340261383648339,0.9718077182769775,0.9857621192932129,0.9942004680633545,0.9797981977462769,0.9828988526735118,0.12119707993471585,0.33324408531188965,0.1728409379720688,0.11359933018684387,0.380360871553421,1206.0,1194.0,1207.0,1188.0,4795
280,38,0.11559829860925674,0.11083272844552994,0.13295450806617737,0.11580049991607666,0.11895880968279834,0.9781511425971985,0.9894737005233765,0.9918500781059265,0.9838447570800781,0.9858185610010428,0.11392506789552034,0.3343607187271118,0.17246946692466736,0.11392165720462799,0.37927812337875366,1190.0,1140.0,1227.0,1238.0,4795
281,38,0.11729083955287933,0.1300012767314911,0.11584213376045227,0.12328451871871948,0.12170929457677666,0.9811965227127075,0.9755502939224243,0.994915246963501,0.9786534905433655,0.9824817515264839,0.11975557218627214,0.3339812755584717,0.17272429168224335,0.1141161173582077,0.3791936933994293,1170.0,1227.0,1180.0,1218.0,4795
282,38,0.11957981437444687,0.11551646888256073,0.12091362476348877,0.11407170444726944,0.11753686243538072,0.9818024039268494,0.9839798808097839,0.9935948848724365,0.9800993800163269,0.9849843584086522,0.11559596024259414,0.33383095264434814,0.1726330816745758,0.11412898451089859,0.3794219493865967,1154.0,1186.0,1249.0,1206.0,4795
283,38,0.12779633700847626,0.11256301403045654,0.11913585662841797,0.12096332013607025,0.12014337052922305,0.9692691564559937,0.9916107058525085,0.9940375089645386,0.9820408225059509,0.98415015641293,0.11892893757667235,0.3343089818954468,0.17243525385856628,0.11417781561613083,0.3791070580482483,1204.0,1192.0,1174.0,1225.0,4795
284,38,0.12359532713890076,0.11804551631212234,0.1270517259836197,0.12998299300670624,0.12471369006151453,0.9725321531295776,0.9841533899307251,0.9899833798408508,0.9699918031692505,0.9791449424869951,0.12203876576905952,0.3349151313304901,0.17212529480457306,0.11438624560832977,0.37859055399894714,1165.0,1199.0,1198.0,1233.0,4795
285,38,0.1584617793560028,0.20463751256465912,0.15548187494277954,0.17922984063625336,0.17452504808885339,0.9542708396911621,0.9363265633583069,0.9799518585205078,0.9570446610450745,0.9570385815577662,0.17013291202260258,0.333637535572052,0.17286187410354614,0.11385130882263184,0.3796704411506653,1159.0,1225.0,1247.0,1164.0,4795
286,38,0.14240893721580505,0.14476452767848969,0.1254836469888687,0.13758574426174164,0.1375470903450555,0.9656022191047668,0.9776824712753296,0.989941418170929,0.9728620052337646,0.9764337848945756,0.1363083321496269,0.3329208791255951,0.1739872843027115,0.11317672580480576,0.37992605566978455,1221.0,1165.0,1193.0,1216.0,4795
287,38,0.13620337843894958,0.13249723613262177,0.13642004132270813,0.14985133707523346,0.13878446419619417,0.9651162624359131,0.9802468419075012,0.9919678568840027,0.9663106203079224,0.9762252346193955,0.137715845195357,0.33283910155296326,0.17371776700019836,0.11263366788625717,0.38081151247024536,1118.0,1215.0,1245.0,1217.0,4795
288,38,0.14257113635540009,0.1319986879825592,0.10966122150421143,0.1312011182308197,0.12905861004425662,0.9649122953414917,0.9815705418586731,0.9991341829299927,0.9707112312316895,0.9789363917767444,0.12944190137329142,0.3332459032535553,0.17329716682434082,0.11233764886856079,0.38114580512046814,1197.0,1248.0,1155.0,1195.0,4795
289,38,0.1126086488366127,0.10473012179136276,0.12104222178459167,0.11161775141954422,0.11264821068462415,0.9802405834197998,0.9898390769958496,0.9968380928039551,0.9848101139068604,0.9881126174464342,0.10980903294337555,0.333634614944458,0.17306776344776154,0.11221888661384583,0.38107696175575256,1164.0,1181.0,1265.0,1185.0,4795
290,38,0.1278708577156067,0.1429353952407837,0.12698660790920258,0.1203463226556778,0.12964142567951062,0.9703642129898071,0.966777503490448,0.9890455007553101,0.9805654287338257,0.9768508863399376,0.12664957297761947,0.33394378423690796,0.17321404814720154,0.11244097352027893,0.3804445266723633,1181.0,1204.0,1278.0,1132.0,4795
291,38,0.14028097689151764,0.11916951835155487,0.1275574415922165,0.12636497616767883,0.12823796236695287,0.9634974598884583,0.9861111044883728,0.9897435903549194,0.973017156124115,0.9781021894826879,0.12618480967406315,0.33460769057273865,0.17365171015262604,0.11220665276050568,0.3795442283153534,1178.0,1224.0,1170.0,1223.0,4795
292,38,0.11818614602088928,0.11161363869905472,0.12193862348794937,0.11746257543563843,0.11735558192225268,0.9787927269935608,0.9851788282394409,0.9932546019554138,0.9797733426094055,0.9841501561145963,0.11569538466375984,0.33516064286231995,0.17322121560573578,0.11235128343105316,0.37928175926208496,1226.0,1147.0,1186.0,1236.0,4795
293,38,0.10912559926509857,0.1186688244342804,0.11947726458311081,0.11711914092302322,0.11613939075698697,0.9848358631134033,0.9818930625915527,0.9918896555900574,0.9836207628250122,0.98561001024107,0.11046528173562016,0.3352346420288086,0.17307937145233154,0.11259820312261581,0.3791225254535675,1187.0,1215.0,1233.0,1160.0,4795
294,38,0.11855026334524155,0.10954906046390533,0.13104291260242462,0.11316851526498795,0.11800039313477197,0.9744679927825928,0.9899414777755737,0.988175630569458,0.9839099049568176,0.9841501561145962,0.11496892571760044,0.3348323404788971,0.17288777232170105,0.11314726620912552,0.3791186809539795,1175.0,1193.0,1184.0,1243.0,4795
295,38,0.13188809156417847,0.12799276411533356,0.12400803714990616,0.12191753089427948,0.12644002985780262,0.9700250625610352,0.9773299694061279,0.9923986196517944,0.9770304560661316,0.9791449429220652,0.12470596852218022,0.33505159616470337,0.1728426069021225,0.11325022578239441,0.3788662254810333,1201.0,1191.0,1184.0,1219.0,4795
296,38,0.12682485580444336,0.13096623122692108,0.1244678869843483,0.1354057937860489,0.12939961891974847,0.9732441306114197,0.9753609895706177,0.9934265613555908,0.9701246023178101,0.9781021896194244,0.1278425017226103,0.3360970914363861,0.17272540926933289,0.11326424777507782,0.37794601917266846,1196.0,1177.0,1217.0,1205.0,4795
297,38,0.15018145740032196,0.14736789464950562,0.1569671779870987,0.15912656486034393,0.15343280131613005,0.9639344215393066,0.9712350964546204,0.9739810824394226,0.9612902998924255,0.9674661105318041,0.15024593783711496,0.3359283208847046,0.17261986434459686,0.11320514231920242,0.37830114364624023,1220.0,1182.0,1153.0,1240.0,4795
298,38,0.1399962604045868,0.1385956108570099,0.13651931285858154,0.1507195234298706,0.14145740033501264,0.9673818945884705,0.9759449362754822,0.9848484396934509,0.971122145652771,0.9749739314517835,0.14051841311894817,0.33511966466903687,0.17208899557590485,0.11291616410017014,0.37989282608032227,1165.0,1164.0,1254.0,1212.0,4795
299,38,0.15018118917942047,0.12015624344348907,0.13084258139133453,0.13446928560733795,0.13409450041738122,0.9655170440673828,0.9870240688323975,0.9884299039840698,0.9719239473342896,0.978102189482688,0.1346381322528324,0.33538761734962463,0.1717429906129837,0.11286735534667969,0.3800398111343384,1218.0,1156.0,1210.0,1211.0,4795
