epoch,batch,loss_group:0,loss_group:1,loss_group:2,loss_avg,acc_group:0,acc_group:1,acc_group:2,acc_avg,objective,alpha_group:0,alpha_group:1,alpha_group:2,count_group:0,count_group:1,count_group:2,count
0,8,0.4271608591079712,0.556602418422699,0.31472304463386536,0.4333474595546723,0.9047619700431824,0.6831395626068115,1.0,0.8610000038146973,0.4344565997123718,0.33358657360076904,0.33629149198532104,0.3301500082015991,315.0,344.0,341.0,1000
1,8,0.37561655044555664,0.47501441836357117,0.16373640298843384,0.33376280331611635,0.9353845715522766,0.7753846049308777,1.0,0.9060000028610228,0.34079302358627317,0.3343660831451416,0.3428051173686981,0.3229208290576935,325.0,325.0,350.0,1000
2,8,0.3369632959365845,0.40824180841445923,0.11723029613494873,0.2791063051223755,0.9364160895347595,0.8101694583892822,1.0,0.9220000009536744,0.29113596296310423,0.3362376093864441,0.34928348660469055,0.31421545147895813,346.0,295.0,359.0,1000
3,8,0.33420902490615845,0.38450515270233154,0.08838692307472229,0.2633890099525452,0.9245283007621765,0.8409786224365234,1.0,0.9240000052452086,0.2761527075767517,0.33834823966026306,0.35407310724258423,0.3075008988380432,318.0,327.0,355.0,1000
4,8,0.27401214838027954,0.352274090051651,0.07493211328983307,0.235586593747139,0.9465409517288208,0.8404558300971985,1.0,0.92700000333786,0.2413716262578964,0.33855897188186646,0.3578053414821625,0.3035268187522888,318.0,351.0,331.0,1000
5,8,0.29636839032173157,0.34351974725723267,0.061110615730285645,0.23749607026576997,0.9267516136169434,0.8705233931541443,1.0,0.9300000052452086,0.24230582904815676,0.3396768569946289,0.36169013381004333,0.2986626625061035,314.0,363.0,323.0,1000
6,8,0.27503451704978943,0.32742562890052795,0.059681691229343414,0.221949826002121,0.9317507743835449,0.8507463335990906,1.0,0.927000002861023,0.23045709252357482,0.3410889506340027,0.36441493034362793,0.29440680146217346,337.0,335.0,328.0,1000
7,8,0.27334970235824585,0.3241572976112366,0.05609835311770439,0.21681489562988282,0.908823549747467,0.8858025074005127,1.0,0.9320000033378602,0.2282022655010223,0.3421744704246521,0.36803579330444336,0.28981101512908936,340.0,324.0,336.0,1000
8,8,0.27168774604797363,0.31760498881340027,0.04868374764919281,0.2012067269086838,0.9113149642944336,0.875,1.0,0.9340000009536743,0.2267211239337921,0.34370484948158264,0.3701213002204895,0.28620508313179016,327.0,296.0,377.0,1000
9,8,0.2465079426765442,0.3117962181568146,0.04527844488620758,0.2048562567234039,0.9195403456687927,0.863095223903656,1.0,0.9260000047683716,0.21382993984222412,0.34433484077453613,0.37281936407089233,0.2827639579772949,348.0,336.0,316.0,1000
10,8,0.2740545868873596,0.32087773084640503,0.04522917792201042,0.20870439434051513,0.8876080513000488,0.8983606696128845,1.0,0.9300000014305115,0.2268647184371948,0.3453839421272278,0.3750976026058197,0.2794881761074066,347.0,305.0,348.0,1000
11,8,0.26550695300102234,0.29017406702041626,0.04149313271045685,0.1950222613811493,0.9026548266410828,0.9006410241127014,1.0,0.9360000009536744,0.21195001220703122,0.34650754928588867,0.3768809139728546,0.27659207582473755,339.0,312.0,349.0,1000
12,8,0.2678033113479614,0.28045663237571716,0.03634357452392578,0.19197713792324067,0.9101123213768005,0.9066665768623352,1.0,0.94000000667572,0.20885416913032528,0.34793728590011597,0.3793233335018158,0.2727908194065094,356.0,300.0,344.0,1000
13,8,0.2691727578639984,0.2853180766105652,0.035864148288965225,0.20191672039031983,0.896276593208313,0.8917196393013,1.0,0.9270000014305114,0.2128504149913788,0.34934133291244507,0.38048428297042847,0.2702282667160034,376.0,314.0,310.0,1000
14,8,0.24297232925891876,0.2652089297771454,0.03431154787540436,0.17870898973941804,0.8962264060974121,0.8934912085533142,1.0,0.9310000066757201,0.196208464384079,0.35012322664260864,0.38184455037117004,0.2680218815803528,318.0,338.0,344.0,1000
15,8,0.2312239557504654,0.2500849664211273,0.03312273323535919,0.17115962302684784,0.9184290170669556,0.9221556782722473,1.0,0.9470000019073486,0.1864079419374466,0.351200133562088,0.3835168778896332,0.26524460315704346,331.0,334.0,335.0,1000
16,8,0.24723918735980988,0.23047536611557007,0.03446517884731293,0.17428615963459018,0.9154518246650696,0.9354839324951172,1.0,0.949000005722046,0.18536796081066131,0.35313376784324646,0.3852599859237671,0.2616553008556366,343.0,341.0,316.0,1000
17,8,0.26221901178359985,0.2813965380191803,0.03219407796859741,0.1903198516368866,0.8895348310470581,0.8832808136940002,1.0,0.9250000057220459,0.20929398250579836,0.3548380136489868,0.3862057030200958,0.2589656412601471,344.0,317.0,339.0,1000
18,8,0.2277781069278717,0.29906123876571655,0.030231069773435593,0.18724132239818575,0.9125363826751709,0.8734939694404602,1.0,0.9280000019073485,0.20654735910892486,0.35511693358421326,0.3872475326061249,0.25755801796913147,343.0,332.0,325.0,1000
19,8,0.2530592978000641,0.25565874576568604,0.03050011768937111,0.17356545555591582,0.8878204226493835,0.9113149642944336,1.0,0.9360000042915345,0.19852225363254547,0.3559407889842987,0.3881057798862457,0.2559409737586975,312.0,327.0,361.0,1000
20,8,0.2373226433992386,0.2587377727031708,0.028698695823550224,0.17582213807106017,0.902140736579895,0.9008745551109314,1.0,0.9340000057220459,0.19306402552127838,0.35663700103759766,0.38923048973083496,0.25416940450668335,327.0,343.0,330.0,1000
21,8,0.2439623475074768,0.2357306182384491,0.026595262810587883,0.17369412100315096,0.9013698697090149,0.895061731338501,1.0,0.9300000042915344,0.18542065715789793,0.35721245408058167,0.38982507586479187,0.2529394030570984,365.0,324.0,311.0,1000
22,8,0.24753759801387787,0.26845380663871765,0.027896437793970108,0.1874912024736404,0.8911765217781067,0.8951842188835144,1.0,0.9260000066757201,0.1991754015684128,0.35810720920562744,0.3903083801269531,0.25159749388694763,340.0,353.0,307.0,1000
23,8,0.20898059010505676,0.2394571155309677,0.024098578840494156,0.15984108662605284,0.9228487014770508,0.9237536787986755,1.0,0.9480000033378599,0.1740589627027512,0.35862109065055847,0.39121749997138977,0.2501825988292694,337.0,341.0,322.0,1000
24,8,0.24420061707496643,0.251266211271286,0.026231320574879646,0.17826548790931704,0.9063360691070557,0.904321014881134,1.0,0.9350000019073486,0.19307991218566894,0.35995498299598694,0.3914969861507416,0.24858883023262024,363.0,324.0,313.0,1000
25,8,0.20264986157417297,0.24621805548667908,0.02769824117422104,0.15750024044513705,0.9335347414016724,0.8966565728187561,1.0,0.9440000042915344,0.17572591185569764,0.359727144241333,0.39278772473335266,0.24745357036590576,331.0,329.0,340.0,1000
26,8,0.23598438501358032,0.23757633566856384,0.023088624700903893,0.1611255283355713,0.9085366725921631,0.9150943160057068,1.0,0.9430000066757201,0.1838167314529419,0.36044085025787354,0.39395231008529663,0.24561229348182678,328.0,318.0,354.0,1000
27,8,0.23387974500656128,0.26296940445899963,0.021070005372166634,0.17057286393642426,0.8919753432273865,0.8888888955116272,1.0,0.9280000038146973,0.19117320179939268,0.3612756133079529,0.3942769467830658,0.2444743812084198,324.0,333.0,343.0,1000
28,8,0.2474740892648697,0.25939086079597473,0.021692898124456406,0.18355373823642732,0.875,0.8997050523757935,1.0,0.921000002861023,0.19713429331779483,0.36126405000686646,0.3952586352825165,0.24341392517089844,360.0,339.0,301.0,1000
29,8,0.251064658164978,0.22508198022842407,0.020380942150950432,0.1622903891801834,0.8892307281494141,0.9235473871231079,1.0,0.9390000057220459,0.18362122595310212,0.36255308985710144,0.3949047327041626,0.2424934208393097,325.0,327.0,348.0,1000
30,8,0.22878429293632507,0.2579203248023987,0.02288822829723358,0.1687480231523514,0.8982036709785461,0.8932926654815674,1.0,0.9310000009536744,0.1878362877368927,0.36331769824028015,0.3955356478691101,0.24111586809158325,334.0,328.0,338.0,1000
31,8,0.22816495597362518,0.22884316742420197,0.02146233059465885,0.1618454554080963,0.9079754948616028,0.9147727489471436,1.0,0.94000000333786,0.1802971276044846,0.363893985748291,0.3967446982860565,0.23931515216827393,326.0,352.0,322.0,1000
32,8,0.23100078105926514,0.2423020899295807,0.020649027079343796,0.16320804607868195,0.8969072103500366,0.8991826176643372,1.0,0.9330000019073484,0.185059853553772,0.3650677800178528,0.39696022868156433,0.2379966825246811,291.0,367.0,342.0,1000
33,8,0.21227897703647614,0.26670265197753906,0.01974423974752426,0.16710844922065735,0.9146340489387512,0.8768328428268433,1.0,0.9300000042915344,0.18769323253631592,0.3650236129760742,0.39802536368370056,0.23696278035640717,328.0,341.0,331.0,1000
34,8,0.23589153587818146,0.23331449925899506,0.018987856805324554,0.16233198893070222,0.9053627252578735,0.9166666865348816,1.0,0.9410000057220459,0.1848732361793518,0.3652797341346741,0.39891135692596436,0.2358274608850479,317.0,348.0,335.0,1000
35,8,0.2496158480644226,0.2581077516078949,0.020391937345266342,0.17746201431751252,0.8888888359069824,0.9019608497619629,1.0,0.9300000042915344,0.19825011610984802,0.36648476123809814,0.3995564579963684,0.2339583784341812,315.0,357.0,328.0,1000
36,8,0.26070353388786316,0.28344693779945374,0.0192363690584898,0.18690264785289765,0.8787878751754761,0.8828828930854797,1.0,0.9210000019073485,0.21222659635543822,0.36788928508758545,0.3999980688095093,0.23209033906459808,330.0,333.0,337.0,1000
37,8,0.23691457509994507,0.24420292675495148,0.018682703375816345,0.1687073656320572,0.9069069027900696,0.9096208810806274,1.0,0.9380000033378602,0.18693405807018282,0.3680228590965271,0.40117761492729187,0.23083660006523132,333.0,343.0,324.0,1000
38,8,0.22828646004199982,0.2747436463832855,0.01594068482518196,0.17386186528205874,0.8944099545478821,0.8728323578834534,1.0,0.9220000052452086,0.19754884600639344,0.368882954120636,0.4020434617996216,0.2290996015071869,322.0,346.0,332.0,1000
39,8,0.21542775630950928,0.2508314847946167,0.019305789843201637,0.16123030126094817,0.9113150835037231,0.8928571343421936,1.0,0.9350000042915345,0.1834966013431549,0.36928802728652954,0.40335384011268616,0.22737178206443787,327.0,336.0,337.0,1000
40,8,0.24942681193351746,0.21919813752174377,0.017260348424315453,0.16086783993244175,0.8716418147087097,0.941717803478241,1.0,0.9380000042915344,0.18505958449840545,0.36962589621543884,0.4045032262802124,0.2258697748184204,335.0,326.0,339.0,1000
41,8,0.196135014295578,0.257450670003891,0.016735972836613655,0.15028899884223942,0.9306931495666504,0.890577495098114,1.0,0.9430000019073485,0.18060438799858095,0.3700628876686096,0.40529289841651917,0.22461862862110138,303.0,329.0,368.0,1000
42,8,0.2208869457244873,0.23953968286514282,0.01902945525944233,0.15949470663070675,0.9003021717071533,0.901197612285614,1.0,0.93400000667572,0.18301694273948665,0.3704065978527069,0.40604591369628906,0.2235565483570099,331.0,334.0,335.0,1000
43,8,0.22354593873023987,0.25075316429138184,0.018413955345749855,0.1674409135580063,0.8994082808494568,0.8921283483505249,1.0,0.9290000066757201,0.18870370173454282,0.37101098895072937,0.4064286947250366,0.22256332635879517,338.0,343.0,319.0,1000
44,8,0.21661688387393951,0.22945141792297363,0.01710355281829834,0.1519886782169342,0.8982557654380798,0.9166666865348816,1.0,0.9390000033378602,0.1781453001499176,0.3713219165802002,0.4068042039871216,0.22188255190849304,344.0,312.0,344.0,1000
45,8,0.21851083636283875,0.2137015461921692,0.017011867836117744,0.14741624903678893,0.8990825414657593,0.9237804412841797,1.0,0.9420000057220459,0.17102005624771116,0.37185874581336975,0.40745267271995544,0.2206738293170929,327.0,328.0,345.0,1000
46,8,0.20998167991638184,0.26199212670326233,0.01628013327717781,0.1664752320051193,0.9031250476837158,0.9025070071220398,1.0,0.9340000066757201,0.18757529616355895,0.3722909986972809,0.40793126821517944,0.21982499957084656,320.0,359.0,321.0,1000
47,8,0.2305004745721817,0.23462499678134918,0.01710512302815914,0.1667028353214264,0.8939393758773804,0.9038461446762085,1.0,0.9300000066757202,0.1842177939414978,0.37283143401145935,0.4084557890892029,0.21868309378623962,330.0,364.0,306.0,1000
48,8,0.2336120456457138,0.2531110644340515,0.01635172590613365,0.16268532037734987,0.8929663896560669,0.9056604504585266,1.0,0.9350000052452088,0.19463819515705108,0.37296760082244873,0.40907371044158936,0.21794764697551727,327.0,318.0,355.0,1000
49,8,0.23094968497753143,0.2310020625591278,0.017036084085702896,0.1640128045082092,0.9035086631774902,0.9130434989929199,1.0,0.9370000009536743,0.1845394979715347,0.3738853335380554,0.408780574798584,0.21735374629497528,342.0,345.0,313.0,1000
50,8,0.23696014285087585,0.2240978628396988,0.016099153086543083,0.15182679438591004,0.8829114437103271,0.9242902398109436,1.0,0.9390000066757201,0.1832808108329773,0.3749725818634033,0.4087916612625122,0.21622632443904877,316.0,317.0,367.0,1000
51,8,0.22424830496311188,0.26352664828300476,0.01692722737789154,0.1726328921318054,0.8911173939704895,0.8846153020858765,1.0,0.9230000066757201,0.1988337445259094,0.37500953674316406,0.40956777334213257,0.21536217629909515,349.0,338.0,313.0,1000
52,8,0.20976001024246216,0.25903990864753723,0.015183896757662296,0.1657657744884491,0.9101796746253967,0.8746439218521118,1.0,0.9260000052452089,0.18764801192283628,0.37514162063598633,0.4102706015110016,0.21464695036411285,334.0,351.0,315.0,1000
53,8,0.22946563363075256,0.24197396636009216,0.016436761245131493,0.16254142057895662,0.9064516425132751,0.8957746624946594,1.0,0.9340000028610229,0.18900733304023742,0.3754848837852478,0.41084548830986023,0.2137080878019333,310.0,355.0,335.0,1000
54,8,0.21922950446605682,0.24231450259685516,0.015221773646771908,0.16016387069225313,0.8975903391838074,0.9058823585510254,1.0,0.9340000057220459,0.1889687370061874,0.3764662742614746,0.41061756014823914,0.21291150152683258,332.0,340.0,328.0,1000
55,8,0.277545690536499,0.24111859500408173,0.014198423363268375,0.1795809814929962,0.8784194588661194,0.9048991203308105,1.0,0.9270000019073487,0.2057196457386017,0.3772510886192322,0.41019535064697266,0.21254399418830872,329.0,347.0,324.0,1000
56,8,0.2543288469314575,0.22372141480445862,0.01569373346865177,0.16084668731689455,0.8842443823814392,0.9208211302757263,1.0,0.9370000019073488,0.1924394313097,0.37863239645957947,0.4094375967979431,0.21192938089370728,311.0,341.0,348.0,1000
57,8,0.23363399505615234,0.21102818846702576,0.014202818274497986,0.1518161414861679,0.8826980590820312,0.918495237827301,1.0,0.9340000042915345,0.17785990977287294,0.38055163621902466,0.40861454606056213,0.2107950747013092,341.0,319.0,340.0,1000
58,8,0.21335391700267792,0.19316965341567993,0.013164255768060684,0.13825008296966554,0.9053253531455994,0.9373041987419128,1.0,0.9480000033378602,0.16249184787273407,0.3813799023628235,0.40900808572769165,0.2096312791109085,338.0,319.0,343.0,1000
59,8,0.17006418108940125,0.24261827766895294,0.015495971776545048,0.1447061047554016,0.9392096996307373,0.9159420728683472,1.0,0.9510000066757202,0.16767480885982516,0.3816080689430237,0.4099965989589691,0.2083825021982193,329.0,345.0,326.0,1000
60,8,0.23559503257274628,0.21790744364261627,0.01368807815015316,0.1576657013297081,0.8955224752426147,0.9237536191940308,1.0,0.9390000009536742,0.18044994473457338,0.3820604085922241,0.4100974202156067,0.20786486566066742,335.0,341.0,324.0,1000
61,8,0.24042324721813202,0.23851756751537323,0.012200511991977692,0.16472625732421875,0.8828572034835815,0.912772536277771,1.0,0.9310000066757201,0.19031511735916137,0.38348543643951416,0.40998339653015137,0.20652806758880615,350.0,321.0,329.0,1000
62,8,0.23436257243156433,0.2182115912437439,0.01526652928441763,0.15379995775222777,0.8818442821502686,0.928571343421936,1.0,0.9370000066757203,0.18250641214847566,0.38552385568618774,0.40939003229141235,0.2051011025905609,347.0,308.0,345.0,1000
63,8,0.2562628984451294,0.24274462461471558,0.013713207095861435,0.1719489431381226,0.8753708600997925,0.9041917324066162,1.0,0.9260000042915345,0.20042522764205933,0.38559725880622864,0.4100450277328491,0.20437349379062653,337.0,334.0,329.0,1000
64,8,0.22720971703529358,0.24545535445213318,0.014562551863491535,0.16409025895595547,0.8952096104621887,0.902941107749939,1.0,0.9320000052452087,0.19134728372097018,0.38637685775756836,0.40998730063438416,0.20361532270908356,334.0,340.0,326.0,1000
65,8,0.22821666300296783,0.25270506739616394,0.014810122549533844,0.1621478130817413,0.8715596199035645,0.9018405675888062,1.0,0.926000005722046,0.1969144937992096,0.3868878185749054,0.41053318977355957,0.20258918404579163,327.0,326.0,347.0,1000
66,8,0.2393752932548523,0.2191566526889801,0.013323342427611351,0.1568103377819061,0.8961424231529236,0.9051986932754517,1.0,0.9340000066757201,0.18499315249919893,0.38715502619743347,0.4110049903392792,0.20186811685562134,337.0,327.0,336.0,1000
67,8,0.2511233687400818,0.2135550081729889,0.015709374099969864,0.16507879245281223,0.8770949840545654,0.9179331660270691,1.0,0.9290000052452088,0.18909494853019715,0.38906237483024597,0.4098171293735504,0.20115254819393158,358.0,329.0,313.0,1000
68,8,0.23235318064689636,0.24431578814983368,0.015856022015213966,0.16745357263088226,0.8888888955116272,0.8821839094161987,1.0,0.9220000052452089,0.1906766096353531,0.3902585506439209,0.4097474217414856,0.20000006258487701,333.0,348.0,319.0,1000
69,8,0.24201826751232147,0.24467793107032776,0.016172638162970543,0.17198308479785918,0.8901407718658447,0.8942598104476929,1.0,0.9260000033378601,0.1986529450416565,0.39115285873413086,0.4098953306674957,0.19891303777694702,355.0,331.0,314.0,1000
70,8,0.2624339461326599,0.22447295486927032,0.015071865171194077,0.16258799922466277,0.8580441474914551,0.8999999761581421,1.0,0.9220000014305115,0.19864817857742306,0.3924514055252075,0.40912318229675293,0.19842292368412018,317.0,330.0,353.0,1000
71,8,0.2561221420764923,0.2465178519487381,0.014396462589502335,0.17100773906707764,0.885196328163147,0.8909090757369995,1.0,0.92600000667572,0.20413536596298218,0.3939504325389862,0.40813735127449036,0.19790174067020416,331.0,330.0,339.0,1000
72,8,0.22850719094276428,0.2327289879322052,0.01407776027917862,0.1606016845703125,0.8988763093948364,0.8940810561180115,1.0,0.9300000028610229,0.18781776785850524,0.39406776428222656,0.4085594117641449,0.19734182953834534,356.0,321.0,323.0,1000
73,8,0.21768072247505188,0.23866380751132965,0.014150435104966164,0.15501875734329223,0.905198872089386,0.8821752071380615,1.0,0.9300000042915344,0.18687142169475557,0.3945102393627167,0.4091372787952423,0.1963026225566864,327.0,331.0,342.0,1000
74,8,0.22645089030265808,0.2278880476951599,0.013889707624912262,0.1540051851272583,0.8985074758529663,0.9006210565567017,1.0,0.9340000042915344,0.1879014115333557,0.3949131667613983,0.40957218408584595,0.19546759128570557,335.0,322.0,343.0,1000
75,8,0.25016525387763977,0.22770093381404877,0.014774156734347343,0.16334709000587466,0.8584071397781372,0.8978328704833984,1.0,0.9190000033378601,0.19527151286602024,0.3964003920555115,0.4088905453681946,0.19465969502925873,339.0,323.0,338.0,1000
76,8,0.20872464776039124,0.23427945375442505,0.013060911558568478,0.15241859126091004,0.9082838892936707,0.9063444137573242,1.0,0.9380000019073486,0.18141423463821413,0.3966439962387085,0.4095642566680908,0.19381068646907806,338.0,331.0,331.0,1000
77,8,0.2163887917995453,0.2404043823480606,0.015953462570905685,0.15627029913663867,0.9074627161026001,0.8895705938339233,1.0,0.9330000047683714,0.18667548626661304,0.39678508043289185,0.40988996624946594,0.1933281570672989,335.0,326.0,339.0,1000
78,8,0.2664942443370819,0.2278599739074707,0.013749998062849045,0.1657931697368622,0.8745980262756348,0.9300292730331421,1.0,0.9370000019073487,0.20201905703544618,0.39796149730682373,0.4093891978263855,0.19266749918460846,311.0,343.0,346.0,1000
79,8,0.22117942571640015,0.23827512562274933,0.012969555333256721,0.15334920895099638,0.8901408314704895,0.891525387763977,1.0,0.92900000333786,0.19032484793663026,0.3985476493835449,0.40952640771865845,0.1919025182723999,355.0,295.0,350.0,1000
80,8,0.205812469124794,0.25001102685928345,0.013506426475942135,0.1543199551105499,0.9104477763175964,0.9133126735687256,1.0,0.9420000023841857,0.18903554964065553,0.3985498547554016,0.4106656014919281,0.19082677364349365,335.0,323.0,342.0,1000
81,8,0.27207958698272705,0.25293147563934326,0.014020371250808239,0.17866072392463683,0.874233067035675,0.8902077674865723,1.0,0.9220000019073485,0.21497046613693238,0.3994314670562744,0.4105784296989441,0.189991757273674,326.0,337.0,337.0,1000
82,8,0.19515350461006165,0.2436087280511856,0.015522196888923645,0.1546225098371506,0.9169055223464966,0.8776119351387024,1.0,0.9300000042915344,0.18114814877510071,0.399543821811676,0.4109759032726288,0.18947109580039978,349.0,335.0,316.0,1000
83,8,0.2776210606098175,0.22586922347545624,0.013397658243775368,0.17202811574935914,0.8567164540290833,0.8969697952270508,1.0,0.9180000052452086,0.2051025570631027,0.4005639851093292,0.4104240834712982,0.18898430466651917,335.0,330.0,335.0,1000
84,8,0.24113866686820984,0.25687044858932495,0.01399379875510931,0.17291516613960264,0.8999999761581421,0.8776758313179016,1.0,0.9250000057220458,0.20357327127456665,0.40158379077911377,0.40977248549461365,0.18861086666584015,350.0,327.0,323.0,1000
85,8,0.1946868747472763,0.23801806569099426,0.013658512383699417,0.14838500201702118,0.9191617965698242,0.8851964473724365,1.0,0.9350000066757203,0.17796885871887208,0.40100961923599243,0.4110054671764374,0.1879841685295105,334.0,331.0,335.0,1000
86,8,0.19941706955432892,0.2234022617340088,0.013598985970020294,0.14588647401332858,0.9122257232666016,0.9080460071563721,1.0,0.9400000057220459,0.17825111651420594,0.40043511986732483,0.41241544485092163,0.18720081448554993,319.0,348.0,333.0,1000
87,8,0.23389995098114014,0.25384944677352905,0.014392145909368992,0.16319672334194185,0.9096210598945618,0.8925081491470337,1.0,0.9360000028610229,0.20213479828834535,0.40094393491744995,0.41285401582717896,0.1861998587846756,343.0,307.0,350.0,1000
88,8,0.25821536779403687,0.24370108544826508,0.012248029001057148,0.16704835140705107,0.900602400302887,0.9050632119178772,1.0,0.9370000042915344,0.2081999504566193,0.4024466872215271,0.41196203231811523,0.1855102777481079,332.0,316.0,352.0,1000
89,8,0.23848015069961548,0.2370326668024063,0.014150968752801418,0.15928176367282867,0.8945783376693726,0.9053627848625183,1.0,0.9350000019073484,0.19546138048171996,0.4033903181552887,0.4124794900417328,0.1841411143541336,332.0,317.0,351.0,1000
90,8,0.21920473873615265,0.2617994248867035,0.013679660856723785,0.166287521481514,0.9014084339141846,0.8691588640213013,1.0,0.923000002861023,0.19705172538757323,0.4040600061416626,0.41219452023506165,0.1837177872657776,355.0,321.0,324.0,1000
91,8,0.23632682859897614,0.24209542572498322,0.014585103839635849,0.16568632161617278,0.8710601925849915,0.9043209552764893,1.0,0.9240000019073485,0.19905021226406094,0.40433719754219055,0.4125373065471649,0.18311041593551636,349.0,324.0,327.0,1000
92,8,0.2352391481399536,0.20380395650863647,0.014137154445052147,0.1479220577478409,0.8913043737411499,0.9272727370262146,1.0,0.9410000038146973,0.18238001132011417,0.405187726020813,0.41234129667282104,0.18246330320835114,322.0,330.0,348.0,1000
93,8,0.240614116191864,0.2112957388162613,0.014806478284299374,0.15744304931163788,0.8735631704330444,0.9171779155731201,1.0,0.9290000052452088,0.18904150819778442,0.40632733702659607,0.4116351306438446,0.1819889396429062,348.0,326.0,326.0,1000
94,8,0.20032799243927002,0.22402526438236237,0.01421749871224165,0.1440954449176788,0.9101449251174927,0.9297123551368713,1.0,0.9470000066757202,0.17610899436473848,0.4078545570373535,0.4115462601184845,0.18058183789253235,345.0,313.0,342.0,1000
95,8,0.27206534147262573,0.25610777735710144,0.014922251924872398,0.18133574426174162,0.8509933352470398,0.8885869979858398,1.0,0.9140000019073485,0.2194904409646988,0.4088774025440216,0.4120977222919464,0.1790625900030136,302.0,368.0,330.0,1000
96,8,0.21084865927696228,0.23416538536548615,0.014455955475568771,0.15260187435150144,0.9096384644508362,0.9096385836601257,1.0,0.94000000667572,0.1851863236427307,0.40948331356048584,0.4125026762485504,0.1780032068490982,332.0,332.0,336.0,1000
97,8,0.22928288578987122,0.23454472422599792,0.013820027932524681,0.1555704569816589,0.8929663896560669,0.891640841960907,1.0,0.9300000066757201,0.1918088629245758,0.4089782238006592,0.41341134905815125,0.17761217057704926,327.0,323.0,350.0,1000
98,8,0.19312244653701782,0.22867566347122192,0.012982245534658432,0.13889528036117554,0.9226006269454956,0.9076433181762695,1.0,0.9460000066757202,0.17602512383461,0.4094224274158478,0.4135732352733612,0.1769828349351883,323.0,314.0,363.0,1000
99,8,0.19757241010665894,0.23848921060562134,0.013333159498870373,0.14818742448091507,0.9108911156654358,0.8945868611335754,1.0,0.936000005722046,0.18225886797904972,0.4093047082424164,0.4145392179489136,0.17615771293640137,303.0,351.0,346.0,1000
100,8,0.2124222218990326,0.23208743333816528,0.011968286707997322,0.15450703740119937,0.9005681872367859,0.9082568883895874,1.0,0.9350000052452088,0.18585601985454558,0.4089511036872864,0.4157557785511017,0.1753210425376892,352.0,327.0,321.0,1000
101,8,0.1853703409433365,0.27465590834617615,0.01213871780782938,0.15796270298957826,0.9285714030265808,0.8833819627761841,1.0,0.9370000038146972,0.19273143506050108,0.40855538845062256,0.4169279932975769,0.17454254627227783,322.0,343.0,335.0,1000
102,8,0.2245405614376068,0.232134148478508,0.01270184013992548,0.1588199615478516,0.8816199898719788,0.9101125001907349,1.0,0.9300000028610229,0.18916294002532963,0.40824344754219055,0.4182073473930359,0.17357772588729858,321.0,356.0,323.0,1000
103,8,0.20613709092140198,0.25404953956604004,0.0134442038834095,0.15854910361766814,0.9049079418182373,0.8801169991493225,1.0,0.9280000042915344,0.19332078838348388,0.4087443947792053,0.41844430565834045,0.17277996242046356,326.0,342.0,332.0,1000
104,8,0.23988978564739227,0.25780466198921204,0.014276252128183842,0.16524309635162351,0.8709677457809448,0.8651314973831177,1.0,0.9150000014305114,0.20761373376846315,0.4088371694087982,0.41908174753189087,0.17205800116062164,341.0,304.0,355.0,1000
105,8,0.24905207753181458,0.25345396995544434,0.015132425352931023,0.17047776782512664,0.8712573647499084,0.9012345671653748,1.0,0.9250000019073485,0.2109660186767578,0.4093672037124634,0.4190673232078552,0.17156511545181274,334.0,324.0,342.0,1000
106,8,0.24106551706790924,0.2602975070476532,0.013448148965835571,0.16999977314472198,0.8808140158653259,0.8675078749656677,1.0,0.9170000042915345,0.2090383234024048,0.4095766842365265,0.41957518458366394,0.170853853225708,344.0,317.0,339.0,1000
107,8,0.21899522840976715,0.23459498584270477,0.012838104739785194,0.15656704545021058,0.8984615802764893,0.8988440036773682,1.0,0.932000002861023,0.19089950120449065,0.40982234477996826,0.42003166675567627,0.17014464735984802,325.0,346.0,329.0,1000
108,8,0.2627158761024475,0.22497235238552094,0.013052687048912048,0.17054835212230685,0.8551912903785706,0.9006410241127014,1.0,0.9160000066757201,0.2056987543106079,0.41065165400505066,0.41948333382606506,0.16981802880764008,366.0,312.0,322.0,1000
109,8,0.23198972642421722,0.23116345703601837,0.01338296290487051,0.15413231509923933,0.8882352709770203,0.8950819969177246,1.0,0.93000000333786,0.19487887573242188,0.4119338393211365,0.418760746717453,0.16933846473693848,340.0,305.0,355.0,1000
110,8,0.23518119752407074,0.24092744290828705,0.01306916493922472,0.16352590084075924,0.8786884546279907,0.9008264541625977,1.0,0.9270000038146974,0.1984499776363373,0.4123709201812744,0.41932570934295654,0.16831716895103455,305.0,363.0,332.0,1000
111,8,0.2549240291118622,0.2633667588233948,0.01521353330463171,0.1753121439218521,0.8821839094161987,0.8737863898277283,1.0,0.920000002861023,0.21781400489807132,0.41330406069755554,0.41918113827705383,0.16748996078968048,348.0,309.0,343.0,1000
112,8,0.19009004533290863,0.22452577948570251,0.013760427013039589,0.14104994809627533,0.9228487610816956,0.9037265777587891,1.0,0.9430000042915345,0.1752754843235016,0.4129617214202881,0.4201662540435791,0.1668349653482437,337.0,322.0,341.0,1000
113,8,0.21474234759807587,0.2426978498697281,0.01304183155298233,0.1584588953256607,0.8990825414657593,0.8930636048316956,1.0,0.930000002861023,0.19195707607269286,0.41344594955444336,0.42043179273605347,0.16611506044864655,327.0,346.0,327.0,1000
114,8,0.223502978682518,0.2175913155078888,0.013205566443502903,0.15497991132736205,0.8982036709785461,0.9114284515380859,1.0,0.9350000028610229,0.1857720215320587,0.41370049118995667,0.42071905732154846,0.16558058559894562,334.0,350.0,316.0,1000
115,8,0.24213942885398865,0.170474573969841,0.012109531089663506,0.14102306520938876,0.8818445205688477,0.9419354796409607,1.0,0.9410000057220459,0.1764587936401367,0.4155629277229309,0.4195236563682556,0.16493216156959534,347.0,310.0,343.0,1000
116,8,0.22399747371673584,0.24350319802761078,0.012066255323588848,0.15168820953369141,0.886435329914093,0.8977636098861694,1.0,0.9320000019073487,0.19793330430984502,0.4168364703655243,0.4187576472759247,0.16438554227352142,317.0,313.0,370.0,1000
117,8,0.20613068342208862,0.2075827717781067,0.011892127804458141,0.14523918461799623,0.9022987484931946,0.9196428656578064,1.0,0.9390000028610228,0.17418032026290897,0.41693830490112305,0.41932639479637146,0.1637212038040161,348.0,336.0,316.0,1000
118,8,0.24904748797416687,0.2499043345451355,0.012310812249779701,0.17738799107074738,0.8809524774551392,0.9000000953674316,1.0,0.9240000066757202,0.211442662358284,0.4174502193927765,0.4192432165145874,0.16330355405807495,336.0,360.0,304.0,1000
119,8,0.23273657262325287,0.23167797923088074,0.013131233863532543,0.16473717105388644,0.8774929046630859,0.9002932906150818,1.0,0.9230000057220459,0.19511039006710051,0.4183529317378998,0.41885310411453247,0.16282817721366882,351.0,341.0,308.0,1000
120,8,0.1788834184408188,0.24015459418296814,0.01324458234012127,0.14448519253730774,0.9300292134284973,0.9085366129875183,1.0,0.9460000057220459,0.17735647821426392,0.41818299889564514,0.41985392570495605,0.16193914413452148,343.0,328.0,329.0,1000
121,8,0.19888348877429962,0.26351261138916016,0.013800587505102158,0.15701558315753938,0.9053254723548889,0.8761609792709351,1.0,0.9280000052452089,0.19787609505653384,0.41725561022758484,0.42133474349975586,0.1613527089357376,338.0,323.0,339.0,1000
122,8,0.21574744582176208,0.2244146466255188,0.01304782647639513,0.15551603782176976,0.9095891118049622,0.9135801792144775,1.0,0.9390000019073486,0.1871627417802811,0.41703304648399353,0.4221581816673279,0.160807266831398,365.0,324.0,311.0,1000
123,8,0.2203303575515747,0.2673763036727905,0.012991059571504593,0.17007148373126985,0.8964498043060303,0.8918128609657288,1.0,0.9280000019073487,0.20907890212535854,0.4169955253601074,0.4227107763290405,0.16023492813110352,338.0,342.0,320.0,1000
124,8,0.21866849064826965,0.25800246000289917,0.012866110540926456,0.16979277646541596,0.8850574493408203,0.8793103098869324,1.0,0.918000002861023,0.20122494685649872,0.41669541597366333,0.42362576723098755,0.15968304872512817,348.0,348.0,304.0,1000
125,8,0.21584954857826233,0.23978514969348907,0.012195358984172344,0.15672254788875584,0.8947369456291199,0.8846153616905212,1.0,0.9260000019073484,0.19221037137508393,0.4163181781768799,0.424651175737381,0.15902742743492126,361.0,312.0,327.0,1000
126,8,0.22871634364128113,0.19124948978424072,0.013155205175280571,0.14086841213703155,0.8934170007705688,0.9546827673912048,1.0,0.95100000667572,0.17820706343650816,0.41723963618278503,0.4243829548358917,0.15836429595947266,319.0,331.0,350.0,1000
127,8,0.2366349846124649,0.23066675662994385,0.012816842645406723,0.15686628353595733,0.872403621673584,0.8984126448631287,1.0,0.92500000333786,0.1981157259941101,0.4185086190700531,0.42373165488243103,0.15775443613529205,337.0,315.0,348.0,1000
128,8,0.20623528957366943,0.24367563426494598,0.012088202871382236,0.1556591534614563,0.8975155353546143,0.891428530216217,1.0,0.929000002861023,0.1914433000087738,0.41839858889579773,0.4244893193244934,0.15709547698497772,322.0,350.0,328.0,1000
129,8,0.2203122079372406,0.27075421810150146,0.012705584987998009,0.17041722118854524,0.878962516784668,0.867469847202301,1.0,0.9140000057220459,0.20726089191436767,0.4175167679786682,0.42572951316833496,0.1567455679178238,347.0,332.0,321.0,1000
130,8,0.16690990328788757,0.19415509700775146,0.012445232830941677,0.12110233640670776,0.9388378858566284,0.9312499165534973,1.0,0.95800000333786,0.15458251285552976,0.417418509721756,0.42637062072753906,0.15620772540569305,327.0,320.0,353.0,1000
131,8,0.24841104447841644,0.2477690726518631,0.011321633122861385,0.16807389330863953,0.8968480825424194,0.884984016418457,1.0,0.9280000066757202,0.20953707623481752,0.41749921441078186,0.4267795979976654,0.15573902428150177,349.0,313.0,338.0,1000
132,8,0.21113082766532898,0.22919470071792603,0.01169238705188036,0.15597194337844852,0.9217391610145569,0.8991354703903198,1.0,0.9380000019073486,0.1880188077688217,0.4183644652366638,0.4262198507785797,0.15540491044521332,345.0,347.0,308.0,1000
133,8,0.1905936449766159,0.23872433602809906,0.01218373328447342,0.14875084125995633,0.920529842376709,0.8849314451217651,1.0,0.9340000057220459,0.18331669688224794,0.4174042046070099,0.42789238691329956,0.15469905734062195,302.0,365.0,333.0,1000
134,8,0.22630107402801514,0.23124189674854279,0.012737779878079891,0.15040806698799136,0.8925081491470337,0.9090908765792847,1.0,0.9370000066757201,0.19476783633232117,0.41786617040634155,0.4282059967517853,0.1539335697889328,307.0,330.0,363.0,1000
135,8,0.23007884621620178,0.23985342681407928,0.01270844042301178,0.15526848244667055,0.8842443227767944,0.8818181753158569,1.0,0.925000005722046,0.20211057817935943,0.4186100959777832,0.42800936102867126,0.15331979095935822,311.0,330.0,359.0,1000
136,8,0.24019941687583923,0.2519213557243347,0.013091262429952621,0.16971684849262236,0.8818181157112122,0.888888955116272,1.0,0.9230000028610229,0.21015325236320492,0.4189034700393677,0.42819809913635254,0.15288010239601135,330.0,342.0,328.0,1000
137,8,0.2329522669315338,0.23117737472057343,0.01226832065731287,0.16417521929740905,0.8947368264198303,0.9090909361839294,1.0,0.9320000042915344,0.20042971825599673,0.41924893856048584,0.42837581038475037,0.15236051380634308,361.0,330.0,309.0,1000
138,8,0.23602773249149323,0.22442281246185303,0.012536382302641869,0.15854180264472958,0.8696969151496887,0.9149559736251831,1.0,0.9280000066757201,0.19584564137458801,0.4198875427246094,0.42814287543296814,0.15200887620449066,330.0,341.0,329.0,1000
139,8,0.24618135392665863,0.21793128550052643,0.013020649552345276,0.15898317539691925,0.8869046568870544,0.9212121367454529,1.0,0.9360000019073486,0.20040339517593384,0.42061710357666016,0.42780277132987976,0.15156753361225128,336.0,330.0,334.0,1000
140,8,0.2377772033214569,0.25799795985221863,0.01216823235154152,0.1682516862154007,0.8958990573883057,0.8953487873077393,1.0,0.9310000066757201,0.21270658802986145,0.42190560698509216,0.4269363284111023,0.15116243064403534,317.0,344.0,339.0,1000
141,8,0.1756615936756134,0.2481067031621933,0.012670592404901981,0.14487596321105956,0.9099099636077881,0.8972809314727783,1.0,0.9360000014305114,0.1806632045507431,0.4212907552719116,0.42829859256744385,0.1505071520805359,333.0,331.0,336.0,1000
142,8,0.2567306160926819,0.22395868599414825,0.01317277830094099,0.16853002882003784,0.8531073927879333,0.9146342277526855,1.0,0.920000006198883,0.2053547043800354,0.4218832552433014,0.42851611971855164,0.14961031079292297,354.0,328.0,318.0,1000
143,8,0.233529195189476,0.25762349367141724,0.012344680726528168,0.1689954229593277,0.8871473073959351,0.8803418278694153,1.0,0.9220000028610229,0.21065285682678223,0.422499418258667,0.42834508419036865,0.14912265539169312,319.0,351.0,330.0,1000
144,8,0.1891242414712906,0.2614814043045044,0.01248766016215086,0.14956402063369753,0.9246987700462341,0.8761904835700989,1.0,0.9360000042915344,0.1953879818916321,0.42205896973609924,0.42980173230171204,0.14809675514698029,332.0,315.0,353.0,1000
145,8,0.22654978930950165,0.22292102873325348,0.014332772232592106,0.15409093809127808,0.893063485622406,0.9213836193084717,1.0,0.9380000033378599,0.1949151644706726,0.4222199022769928,0.4303291440010071,0.14743834733963013,346.0,318.0,336.0,1000
146,8,0.2085363119840622,0.2593902349472046,0.013489492237567902,0.16027481293678286,0.8925620317459106,0.8770226240158081,1.0,0.92300000333786,0.20082395386695864,0.4224576950073242,0.4304923117160797,0.14704754948616028,363.0,309.0,328.0,1000
147,8,0.24530136585235596,0.21690057218074799,0.013945968821644783,0.1647976977825165,0.895652174949646,0.8999998569488525,1.0,0.9290000057220458,0.1983860478401184,0.4229831397533417,0.4304540455341339,0.1466488093137741,345.0,350.0,305.0,1000
148,8,0.22688639163970947,0.2554565668106079,0.013964110985398293,0.16636447405815125,0.908814549446106,0.8973606824874878,1.0,0.9350000019073487,0.20733943152427672,0.4240638017654419,0.43002358078956604,0.1458514779806137,329.0,341.0,330.0,1000
149,8,0.2587176263332367,0.23002097010612488,0.013577510602772236,0.16487528276443483,0.8765060305595398,0.9009286761283875,1.0,0.9270000052452088,0.21091639351844788,0.42466408014297485,0.43014615774154663,0.1452171802520752,332.0,323.0,345.0,1000
150,8,0.19470815360546112,0.2317533791065216,0.013630187138915062,0.14586030781269074,0.9119318723678589,0.9076433181762695,1.0,0.9400000019073486,0.1849706950187683,0.4249376058578491,0.43028366565704346,0.1447746902704239,352.0,314.0,334.0,1000
151,8,0.26293185353279114,0.25305598974227905,0.013638158328831196,0.17515988922119144,0.8732393980026245,0.8885245323181152,1.0,0.9210000066757202,0.22467260599136354,0.4254910349845886,0.4301716983318329,0.14432145655155182,355.0,305.0,340.0,1000
152,8,0.22419708967208862,0.26400381326675415,0.013572560623288155,0.1659199925661087,0.8830769658088684,0.8567163944244385,1.0,0.9140000066757201,0.2105032579898834,0.4254697561264038,0.4305800199508667,0.1439705640077591,325.0,335.0,340.0,1000
153,8,0.2751273810863495,0.24437105655670166,0.013329335488379002,0.1749177917838097,0.8511236310005188,0.8885135650634766,1.0,0.9140000009536742,0.2217820395231247,0.42569008469581604,0.4307786226272583,0.14353573322296143,356.0,296.0,348.0,1000
154,8,0.2190210074186325,0.19280701875686646,0.012742391787469387,0.14199417567253117,0.891117513179779,0.9371069073677063,1.0,0.9420000057220459,0.1791811280250549,0.42790934443473816,0.4294506311416626,0.1426062434911728,349.0,318.0,333.0,1000
155,8,0.24616137146949768,0.23599432408809662,0.013496075756847858,0.16673368084430695,0.8819876909255981,0.9119318723678589,1.0,0.9310000019073486,0.20809511280059814,0.42922452092170715,0.428878515958786,0.14191612601280212,322.0,352.0,326.0,1000
156,8,0.18908777832984924,0.2360634207725525,0.013798289000988007,0.1512799714803696,0.913165271282196,0.9020772576332092,1.0,0.9360000042915343,0.18398802840709685,0.42990875244140625,0.42933037877082825,0.14077317714691162,357.0,337.0,306.0,1000
157,8,0.23002979159355164,0.23219364881515503,0.012958666309714317,0.16198641204833983,0.8963414430618286,0.9126760363578796,1.0,0.9350000042915344,0.20173129940032958,0.4300212562084198,0.42986753582954407,0.14010287821292877,328.0,355.0,317.0,1000
158,8,0.23500967025756836,0.24832667410373688,0.014182429760694504,0.1713073912858963,0.8738738894462585,0.9075629711151123,1.0,0.9250000028610229,0.21030195355415343,0.4305509626865387,0.4297376275062561,0.13971659541130066,333.0,357.0,310.0,1000
159,8,0.2064896523952484,0.21888722479343414,0.01240648701786995,0.14946944296360015,0.9008498191833496,0.9126505851745605,1.0,0.9360000033378602,0.18412448179721835,0.43082454800605774,0.4301719069480896,0.13901403546333313,353.0,332.0,315.0,1000
160,8,0.2391512542963028,0.22377216815948486,0.012532403692603111,0.16146585524082183,0.8895348906517029,0.9166667461395264,1.0,0.93400000333786,0.20209914815425872,0.43179547786712646,0.4300324320793152,0.1382165402173996,344.0,336.0,320.0,1000
161,8,0.21928150951862335,0.21234452724456787,0.011602269485592842,0.15153171586990358,0.8853868246078491,0.9196428656578064,1.0,0.93300000667572,0.1860856020450592,0.4328095018863678,0.42974573373794556,0.13744260370731354,349.0,336.0,315.0,1000
162,8,0.24255970120429993,0.20729444921016693,0.013114659115672112,0.15411032283306123,0.8866855502128601,0.9061489105224609,1.0,0.931000002861023,0.19536334693431856,0.43362224102020264,0.4293736219406128,0.13699966669082642,353.0,309.0,338.0,1000
163,8,0.21399791538715363,0.24215565621852875,0.013221579603850842,0.16041148704290395,0.8918128609657288,0.8862972855567932,1.0,0.9240000019073485,0.19652108407020571,0.43425849080085754,0.42924484610557556,0.13649891316890717,342.0,343.0,315.0,1000
164,8,0.23949360847473145,0.23403529822826385,0.013259897008538246,0.16005054676532743,0.8840124607086182,0.9023669362068176,1.0,0.9300000066757201,0.20454363250732424,0.4348665177822113,0.4290207326412201,0.1361008882522583,319.0,338.0,343.0,1000
165,8,0.22349150478839874,0.259130597114563,0.013086386024951935,0.16799404656887054,0.8965517282485962,0.8945782780647278,1.0,0.9290000066757201,0.2112853693962097,0.4347454309463501,0.42980000376701355,0.13545385003089905,348.0,332.0,320.0,1000
166,8,0.22085750102996826,0.2147763967514038,0.012967290356755257,0.14515308558940887,0.9006024599075317,0.9297124147415161,1.0,0.9450000042915343,0.188635311126709,0.43534740805625916,0.42976856231689453,0.13489004969596863,332.0,313.0,355.0,1000
167,8,0.2418958842754364,0.24345043301582336,0.01399180293083191,0.16580358678102494,0.8923512101173401,0.8906753063201904,1.0,0.9280000023841859,0.21093128991127016,0.4362054467201233,0.429453045129776,0.13434156775474548,353.0,311.0,336.0,1000
168,8,0.22055362164974213,0.24614880979061127,0.013438543304800987,0.1604122968912125,0.8977634906768799,0.8980170488357544,1.0,0.9320000052452089,0.20275230002403263,0.4365715980529785,0.4298593997955322,0.13357234001159668,313.0,353.0,334.0,1000
169,8,0.1964213252067566,0.2595578730106354,0.013254269026219845,0.15808092439174654,0.9098591208457947,0.8919753432273865,1.0,0.933000002861023,0.19759177160263064,0.4357758164405823,0.4312730133533478,0.13298597931861877,355.0,324.0,321.0,1000
170,8,0.22604359686374664,0.2550938129425049,0.013502838090062141,0.1643510580062866,0.8872832655906677,0.8687499761581421,1.0,0.919000002861023,0.21170468974113466,0.43583419919013977,0.43181899189949036,0.1323494017124176,346.0,320.0,334.0,1000
171,8,0.23748035728931427,0.2190651297569275,0.01317603513598442,0.15581277549266814,0.876876950263977,0.9303029179573059,1.0,0.9360000033378602,0.19976503264904025,0.43628066778182983,0.43169984221458435,0.13201074302196503,333.0,330.0,337.0,1000
172,8,0.2192220836877823,0.24959349632263184,0.011796602979302406,0.1606675808429718,0.8863637447357178,0.8902820944786072,1.0,0.9250000066757202,0.20537656688690184,0.4368845522403717,0.4317867159843445,0.1313222348690033,352.0,319.0,329.0,1000
173,8,0.21331463754177094,0.21568070352077484,0.011795212514698505,0.14534654951095582,0.9035087823867798,0.9116719365119934,1.0,0.9390000028610229,0.1870987000465393,0.437086820602417,0.4323997497558594,0.13051337003707886,342.0,317.0,341.0,1000
174,8,0.23228800296783447,0.2487153708934784,0.012628098018467426,0.16636275362968447,0.9054878354072571,0.8930635452270508,1.0,0.9320000033378602,0.21582112526893613,0.4376299977302551,0.43237292766571045,0.12997418642044067,328.0,346.0,326.0,1000
175,8,0.23889845609664917,0.28443533182144165,0.01328342780470848,0.17278286993503572,0.8779069185256958,0.8874172568321228,1.0,0.9240000042915344,0.22966126465797426,0.43747928738594055,0.4329844117164612,0.1294710338115692,344.0,302.0,354.0,1000
176,8,0.20275379717350006,0.2359340935945511,0.012702632695436478,0.1503347773551941,0.9049079418182373,0.9233037829399109,1.0,0.9430000066757201,0.1924132519960403,0.4367692470550537,0.43432945013046265,0.1288907676935196,326.0,339.0,335.0,1000
177,8,0.19927088916301727,0.2208988070487976,0.011116549372673035,0.14983638238906863,0.9050444960594177,0.9108635187149048,1.0,0.9360000009536743,0.18430828619003295,0.43694794178009033,0.43470755219459534,0.12833397090435028,337.0,359.0,304.0,1000
178,8,0.2052147090435028,0.27224788069725037,0.011790708638727665,0.16788182950019834,0.9099099636077881,0.8835227489471436,1.0,0.9290000042915346,0.21033633685112002,0.4363308250904083,0.43602418899536133,0.12764576077461243,333.0,352.0,315.0,1000
179,8,0.20957635343074799,0.22919312119483948,0.012703829444944859,0.1481688081026077,0.9191616773605347,0.9068323373794556,1.0,0.9430000042915345,0.19277655792236328,0.43609941005706787,0.4367941617965698,0.12713578343391418,334.0,322.0,344.0,1000
180,8,0.18655085563659668,0.22358091175556183,0.012891947291791439,0.14112494480609894,0.9301587343215942,0.9283667206764221,1.0,0.9530000033378602,0.18052464985847474,0.43583399057388306,0.4379236102104187,0.12627077102661133,315.0,349.0,336.0,1000
181,8,0.20013630390167236,0.20874127745628357,0.012979020364582539,0.13679756754636765,0.9212120771408081,0.9305994510650635,1.0,0.9520000019073486,0.17909312438964844,0.43626412749290466,0.4381820857524872,0.12557297945022583,330.0,317.0,353.0,1000
182,8,0.2179359495639801,0.2227121889591217,0.012746977619826794,0.15145623159408567,0.9012345671653748,0.9156975746154785,1.0,0.9390000019073484,0.19396213769912718,0.43646395206451416,0.43853068351745605,0.12499558925628662,324.0,344.0,332.0,1000
183,8,0.23169413208961487,0.22764535248279572,0.011800732463598251,0.15886433804035188,0.884615421295166,0.8991097807884216,1.0,0.9270000042915345,0.20178668069839478,0.43711617588996887,0.4384218454360962,0.12444577366113663,338.0,337.0,325.0,1000
184,8,0.18978466093540192,0.23597756028175354,0.011723816394805908,0.14402570605278017,0.9264706373214722,0.9062499403953552,1.0,0.9450000019073487,0.18591063129901886,0.43711864948272705,0.43905943632125854,0.12382671236991882,340.0,320.0,340.0,1000
185,8,0.20878252387046814,0.2256905734539032,0.01131676696240902,0.14620268261432648,0.9021406173706055,0.9085366129875183,1.0,0.9380000019073486,0.18938814890384675,0.4366079568862915,0.44031813740730286,0.12306185066699982,327.0,328.0,345.0,1000
186,8,0.23721943795681,0.24998389184474945,0.01256177481263876,0.16454517459869383,0.8813560009002686,0.8947368860244751,1.0,0.9270000057220459,0.21253469991683963,0.4377865493297577,0.43990325927734375,0.1223452091217041,295.0,361.0,344.0,1000
187,8,0.20971432328224182,0.21194849908351898,0.011356792412698269,0.14438738393783573,0.891812801361084,0.9107692241668701,1.0,0.9340000066757201,0.18838920855522157,0.43839144706726074,0.4403081238269806,0.12130970507860184,342.0,325.0,333.0,1000
188,8,0.2173466682434082,0.23551858961582184,0.012331604026257992,0.15631650793552399,0.8969696760177612,0.9152047038078308,1.0,0.9370000019073487,0.20140064311027525,0.43883925676345825,0.4401804208755493,0.12099234759807587,330.0,342.0,328.0,1000
189,8,0.25697121024131775,0.21622127294540405,0.012660927139222622,0.16501844954490663,0.8450291752815247,0.9171597957611084,1.0,0.9190000066757201,0.21147886061668397,0.4400586187839508,0.43921899795532227,0.12070958316326141,342.0,338.0,320.0,1000
190,8,0.225558340549469,0.22830522060394287,0.011226002126932144,0.16068126952648162,0.8879551291465759,0.8988094329833984,1.0,0.92600000667572,0.2005313549041748,0.4409695267677307,0.4389878809452057,0.12007082998752594,357.0,336.0,307.0,1000
191,8,0.21542492508888245,0.23694008588790894,0.012272084131836891,0.15713122421503065,0.9048992395401001,0.888217568397522,1.0,0.9300000009536744,0.19707444453239442,0.44085583090782166,0.43970203399658203,0.1194528341293335,347.0,331.0,322.0,1000
192,8,0.1885269731283188,0.25926658511161804,0.01249363087117672,0.1539906122684479,0.9273254871368408,0.8871951699256897,1.0,0.9380000066757201,0.19827411520481109,0.4404085874557495,0.4408628046512604,0.11865817755460739,344.0,328.0,328.0,1000
193,8,0.24809733033180237,0.2269381731748581,0.012328227050602436,0.1590067039132118,0.8802587985992432,0.9127907156944275,1.0,0.933000005722046,0.20979145967960355,0.4410667419433594,0.44089531898498535,0.11806203424930573,309.0,344.0,347.0,1000
194,8,0.2086968719959259,0.23814862966537476,0.012163213454186916,0.15357910001277925,0.8981481790542603,0.9040697813034058,1.0,0.9340000019073487,0.19902926898002624,0.44160836935043335,0.44084954261779785,0.1175457239151001,324.0,344.0,332.0,1000
195,8,0.1716587245464325,0.23537948727607727,0.012187417596578598,0.139422149002552,0.9269841313362122,0.8985506296157837,1.0,0.9420000047683715,0.18158731663227082,0.4411695897579193,0.441721647977829,0.11719713360071182,315.0,345.0,340.0,1000
196,8,0.23114491999149323,0.23386649787425995,0.011525706388056278,0.1567000447511673,0.876505970954895,0.9076923131942749,1.0,0.92900000333786,0.20860906958580017,0.44079217314720154,0.4426734149456024,0.11654314398765564,332.0,325.0,343.0,1000
197,8,0.247908353805542,0.21471768617630005,0.012218516319990158,0.16035287368297577,0.8660968542098999,0.9195046424865723,1.0,0.9270000019073484,0.20635357785224914,0.44128865003585815,0.442690372467041,0.11600655317306519,351.0,323.0,326.0,1000
198,8,0.19660329818725586,0.25014644861221313,0.01237860880792141,0.14830105614662167,0.9174041152000427,0.893203854560852,1.0,0.9390000019073484,0.19805413532257082,0.44191592931747437,0.44240492582321167,0.11564460396766663,339.0,309.0,352.0,1000
199,8,0.2167440801858902,0.21126914024353027,0.01107085682451725,0.14740534996986385,0.9057751297950745,0.9329445958137512,1.0,0.9460000009536743,0.18982418823242186,0.441840261220932,0.4429278075695038,0.1152615174651146,329.0,343.0,328.0,1000
200,8,0.20270906388759613,0.21290867030620575,0.011989370919764042,0.14323634910583496,0.8999999761581421,0.9221184849739075,1.0,0.9400000066757201,0.18341533374786376,0.4422715902328491,0.4432438015937805,0.1145155057311058,350.0,321.0,329.0,1000
201,8,0.21018408238887787,0.23335140943527222,0.011857602745294571,0.1522425491809845,0.9017341136932373,0.9320986866950989,1.0,0.9440000042915344,0.19769518947601322,0.44257110357284546,0.44329866766929626,0.11413046717643738,346.0,324.0,330.0,1000
202,8,0.21440845727920532,0.23886017501354218,0.01265706866979599,0.15833889830112455,0.8976608514785767,0.9115044474601746,1.0,0.9350000019073486,0.20176592469215393,0.4427773952484131,0.44384434819221497,0.1133771762251854,342.0,339.0,319.0,1000
203,8,0.2175440639257431,0.20651592314243317,0.012321915477514267,0.14472716081142423,0.896848201751709,0.920127809047699,1.0,0.939000006198883,0.1897949290275574,0.443013072013855,0.44433629512786865,0.11263243108987808,349.0,313.0,338.0,1000
204,8,0.24761135876178741,0.24825836718082428,0.013031313195824623,0.1666491700410843,0.873900294303894,0.8977636098861694,1.0,0.925000002861023,0.22271382236480713,0.44395869970321655,0.4440491795539856,0.11196482181549072,341.0,313.0,346.0,1000
205,8,0.20701074600219727,0.2488870471715927,0.012623030692338943,0.15762704336643218,0.8999999761581421,0.9071855545043945,1.0,0.9350000066757204,0.20311412584781646,0.44381654262542725,0.444674551486969,0.11149296164512634,340.0,334.0,326.0,1000
206,8,0.20767360925674438,0.26535165309906006,0.011556475423276424,0.16656852686405182,0.906344473361969,0.8845071196556091,1.0,0.9280000023841857,0.20964966559410092,0.44328171014785767,0.4456992745399475,0.11107289791107178,331.0,355.0,314.0,1000
207,8,0.20699378848075867,0.23133161664009094,0.01241382397711277,0.14480600702762603,0.907975435256958,0.9079365730285645,1.0,0.9410000057220459,0.1960532956123352,0.4429823160171509,0.4464856684207916,0.11051836609840393,326.0,315.0,359.0,1000
208,8,0.23433060944080353,0.23717816174030304,0.012402940541505814,0.16792387998104097,0.8796296119689941,0.8924731016159058,1.0,0.9210000061988829,0.21137818026542665,0.44318610429763794,0.4468004107475281,0.10999517887830734,324.0,372.0,304.0,1000
209,8,0.2595219016075134,0.2436673641204834,0.012955063953995705,0.17743321907520293,0.8563218116760254,0.8797653317451477,1.0,0.9090000019073486,0.22353638243675233,0.4439775049686432,0.4463789463043213,0.10964711010456085,348.0,341.0,311.0,1000
210,8,0.21297945082187653,0.21753865480422974,0.010939421132206917,0.14873747825622557,0.8993712067604065,0.9241572022438049,1.0,0.9410000028610229,0.1923181915283203,0.44461435079574585,0.4462534487247467,0.10913296043872833,318.0,356.0,326.0,1000
211,8,0.1651126742362976,0.20916235446929932,0.011562465690076351,0.126564740896225,0.9349846243858337,0.9063444137573242,1.0,0.9480000057220459,0.1691141650676727,0.44452574849128723,0.44664472341537476,0.10883307456970215,323.0,331.0,346.0,1000
212,8,0.22365909814834595,0.26899880170822144,0.013500669971108437,0.16736952447891237,0.9075908660888672,0.8838526606559753,1.0,0.931000002861023,0.22039120984077457,0.4439244866371155,0.44797876477241516,0.10810266435146332,303.0,353.0,344.0,1000
213,8,0.21104171872138977,0.27871978282928467,0.011453638784587383,0.166655708193779,0.8892307877540588,0.8609466552734375,1.0,0.9170000042915344,0.22007994532585146,0.44284114241600037,0.449415922164917,0.10770513117313385,325.0,338.0,337.0,1000
214,8,0.21628867089748383,0.2024567723274231,0.011357919313013554,0.14212813246250153,0.8819876313209534,0.9233038425445557,1.0,0.9360000066757203,0.1868631870746613,0.44314277172088623,0.44972938299179077,0.107166588306427,322.0,339.0,339.0,1000
215,8,0.23681598901748657,0.20648857951164246,0.012948894873261452,0.15957998526096343,0.8845070600509644,0.9164264798164368,1.0,0.9300000019073487,0.19713873541355134,0.4438886046409607,0.4494698941707611,0.10669942945241928,355.0,347.0,298.0,1000
216,8,0.265407532453537,0.20884916186332703,0.012730318121612072,0.1616703692674637,0.8518519401550293,0.9181287884712219,1.0,0.9240000038146972,0.21327946329116823,0.44628140330314636,0.4476723074913025,0.10601838678121567,324.0,342.0,334.0,1000
217,8,0.20853351056575775,0.2343900501728058,0.01270660012960434,0.15284978234767915,0.9028570652008057,0.8885449171066284,1.0,0.9300000033378601,0.20119313454627993,0.4475257992744446,0.44719967246055603,0.10530370473861694,350.0,323.0,327.0,1000
218,8,0.2265738993883133,0.2281227856874466,0.012859011068940163,0.1546759610176086,0.8950818777084351,0.9073033928871155,1.0,0.935000006198883,0.2053734269142151,0.44780394434928894,0.4474250078201294,0.10472078621387482,305.0,356.0,339.0,1000
219,8,0.24436338245868683,0.2612907588481903,0.01171583216637373,0.172380561709404,0.8749999403953552,0.875739574432373,1.0,0.9170000042915344,0.22802556729316714,0.44833382964134216,0.4473794400691986,0.10428702086210251,328.0,338.0,334.0,1000
220,8,0.19943374395370483,0.23663392663002014,0.011967780068516731,0.14486471736431122,0.9104477763175964,0.8878206014633179,1.0,0.9350000042915345,0.19708703088760376,0.4483610987663269,0.44758671522140503,0.10405239462852478,335.0,312.0,353.0,1000
221,8,0.23511801660060883,0.24117696285247803,0.0125206857919693,0.1585284969806671,0.8934169411659241,0.8841463923454285,1.0,0.9280000052452086,0.21375179028511046,0.4483334720134735,0.44802114367485046,0.10366719961166382,319.0,328.0,353.0,1000
222,8,0.2048765867948532,0.2275470793247223,0.013114229775965214,0.14839991402626035,0.9006024599075317,0.910179615020752,1.0,0.9370000019073487,0.19537032818794253,0.44877180457115173,0.4481261372566223,0.1031082421541214,332.0,334.0,334.0,1000
223,8,0.23742085695266724,0.2517687976360321,0.012772011570632458,0.16858562946319583,0.8802395462989807,0.8994083404541016,1.0,0.9260000066757201,0.2225055522918701,0.4487425684928894,0.4485374987125397,0.10273581743240356,334.0,338.0,328.0,1000
224,8,0.20656776428222656,0.20829398930072784,0.011677312664687634,0.1347778254747391,0.9003021121025085,0.9194630980491638,1.0,0.9430000028610229,0.18790899777412415,0.449256956577301,0.44834136962890625,0.10240931063890457,331.0,298.0,371.0,1000
225,8,0.19999969005584717,0.23490500450134277,0.012461514212191105,0.1459847903251648,0.9116718173027039,0.8948949575424194,1.0,0.9370000061988831,0.19534033298492434,0.4491540193557739,0.44914525747299194,0.10170349478721619,317.0,333.0,350.0,1000
226,8,0.2054615020751953,0.22939082980155945,0.011760998517274857,0.14297536373138428,0.9184952974319458,0.9028212428092957,1.0,0.94300000667572,0.19823120212554934,0.4484797418117523,0.4502218961715698,0.10126320272684097,319.0,319.0,362.0,1000
227,8,0.28642067313194275,0.24412362277507782,0.012871765531599522,0.18492423725128176,0.8436578512191772,0.8833820223808289,1.0,0.9070000019073485,0.24149881839752196,0.4496724009513855,0.4492946267127991,0.10104138404130936,339.0,343.0,318.0,1000
228,8,0.2427065521478653,0.2125171273946762,0.01238796953111887,0.15630844509601594,0.8702065348625183,0.914893627166748,1.0,0.9280000052452086,0.20399100255966188,0.4507322907447815,0.4486401677131653,0.10059981793165207,339.0,329.0,332.0,1000
229,8,0.21542957425117493,0.2654176950454712,0.01208006963133812,0.1663199454545975,0.8838709592819214,0.875,1.0,0.9190000061988831,0.21632283949851994,0.45143118500709534,0.44830283522605896,0.10029096156358719,310.0,360.0,330.0,1000
230,8,0.21461911499500275,0.27086761593818665,0.013721226714551449,0.16707766890525821,0.8945783972740173,0.8545993566513062,1.0,0.91600000333786,0.21948376083374022,0.4499361217021942,0.45023733377456665,0.09985736757516861,332.0,337.0,331.0,1000
231,8,0.19575928151607513,0.21849119663238525,0.011658519506454468,0.1451281864643097,0.909621000289917,0.8999999761581421,1.0,0.9350000019073486,0.18582000136375432,0.4500642418861389,0.4506475627422333,0.09932195395231247,343.0,340.0,317.0,1000
232,8,0.21718478202819824,0.2531622350215912,0.01159924827516079,0.16002683901786804,0.8773006796836853,0.8842730522155762,1.0,0.921000002861023,0.21568429493904112,0.44916319847106934,0.4518159031867981,0.09899094700813293,326.0,337.0,337.0,1000
233,8,0.21985593438148499,0.2343921959400177,0.011916026473045349,0.15059278428554532,0.9102991223335266,0.9093567728996277,1.0,0.9420000014305114,0.20599758541584015,0.4497051537036896,0.4516450762748718,0.09867382049560547,301.0,342.0,357.0,1000
234,8,0.22308319807052612,0.22730499505996704,0.013241205364465714,0.15268088769912722,0.8925372958183289,0.9102166891098022,1.0,0.9350000019073484,0.2068569748401642,0.450104683637619,0.45166635513305664,0.09820929169654846,335.0,323.0,342.0,1000
235,8,0.22938720881938934,0.27413731813430786,0.012433784082531929,0.17586597573757173,0.8850575089454651,0.8690476417541504,1.0,0.9160000028610229,0.2294989519119263,0.4500632882118225,0.452080100774765,0.09783071279525757,348.0,336.0,316.0,1000
236,8,0.23515348136425018,0.25126224756240845,0.012663090601563454,0.1699238022565842,0.9067796468734741,0.8784195184707642,1.0,0.92700000333786,0.21914092886447906,0.4495126008987427,0.4529624283313751,0.09752111881971359,354.0,329.0,317.0,1000
237,8,0.22999189794063568,0.22841235995292664,0.012348681688308716,0.15439796483516693,0.9071855545043945,0.8878505229949951,1.0,0.9330000042915343,0.20509457588195798,0.4504334330558777,0.45228099822998047,0.09725077450275421,334.0,321.0,345.0,1000
238,8,0.23724669218063354,0.2689054608345032,0.01250381674617529,0.17567514061927797,0.8842729926109314,0.8768327832221985,1.0,0.9190000028610229,0.2276184380054474,0.45036715269088745,0.4525734782218933,0.09710724651813507,337.0,341.0,322.0,1000
239,8,0.21871353685855865,0.21362479031085968,0.012511632405221462,0.15023502373695372,0.8994252681732178,0.9115853905677795,1.0,0.9360000042915344,0.19823060154914854,0.4508374333381653,0.45231619477272034,0.0968623161315918,348.0,328.0,324.0,1000
240,8,0.2388891577720642,0.2507287561893463,0.013816955499351025,0.1714127068519592,0.8928571343421936,0.8786126971244812,1.0,0.9220000066757201,0.22282236123085022,0.45099085569381714,0.4525279402732849,0.09646125137805939,336.0,346.0,318.0,1000
241,8,0.21708153188228607,0.23061484098434448,0.01299003604799509,0.15733990132808687,0.8997135162353516,0.9047619104385376,1.0,0.9330000057220459,0.20108960139751436,0.4515605568885803,0.4521710276603699,0.09630245715379715,349.0,336.0,315.0,1000
242,8,0.2255816012620926,0.21353580057621002,0.01121833547949791,0.14768728888034818,0.9085366129875183,0.9143731594085693,1.0,0.9420000014305115,0.2020544724464417,0.4526147246360779,0.45154547691345215,0.09583089500665665,328.0,327.0,345.0,1000
243,8,0.21850572526454926,0.2364020198583603,0.011523449793457985,0.1544258186817169,0.9017339944839478,0.9022082090377808,1.0,0.9350000038146973,0.20625072407722472,0.4529297351837158,0.45175671577453613,0.09532520920038223,346.0,317.0,337.0,1000
244,8,0.23863454163074493,0.21123521029949188,0.012724866159260273,0.15333146405220033,0.8714286088943481,0.9064515829086304,1.0,0.9260000042915345,0.20397496700286866,0.45416852831840515,0.451023131608963,0.09479449689388275,350.0,310.0,340.0,1000
245,8,0.23145945370197296,0.2658306956291199,0.011337332427501678,0.16832537519931792,0.8767908215522766,0.8730159401893616,1.0,0.9170000014305115,0.22795097970962522,0.45468780398368835,0.45086783170700073,0.09445527195930481,349.0,315.0,336.0,1000
246,8,0.24378274381160736,0.2559714615345001,0.011691673658788204,0.17396300053596497,0.8925373554229736,0.8815028667449951,1.0,0.9230000042915345,0.2265078204870224,0.4550732374191284,0.45092499256134033,0.09399965405464172,335.0,346.0,319.0,1000
247,8,0.25413835048675537,0.2265082448720932,0.012449165806174278,0.16862598109245297,0.8781163692474365,0.9192546606063843,1.0,0.930000002861023,0.21800110816955567,0.4556429386138916,0.4507029056549072,0.09367591142654419,361.0,322.0,317.0,1000
248,8,0.21685917675495148,0.2211635261774063,0.013447522185742855,0.15329548513889313,0.9076923727989197,0.8957746624946594,1.0,0.9330000066757201,0.200451278090477,0.4566267132759094,0.44991475343704224,0.09345147013664246,325.0,355.0,320.0,1000
249,8,0.18793590366840363,0.29175621271133423,0.010963722132146358,0.16194110095500946,0.9156250357627869,0.87202388048172,1.0,0.9300000019073486,0.2213457112312317,0.4556710720062256,0.4513896405696869,0.09291999787092209,320.0,336.0,344.0,1000
250,8,0.26013457775115967,0.25001779198646545,0.012481939047574997,0.17047654485702515,0.8644577860832214,0.8871474266052246,1.0,0.9190000014305113,0.23354732823371888,0.45483168959617615,0.4527686834335327,0.09241664409637451,332.0,319.0,349.0,1000
251,8,0.1881217211484909,0.2617667019367218,0.012585300020873547,0.15902820122241976,0.9136905074119568,0.8774927854537964,1.0,0.9280000028610228,0.20386539721488953,0.45453059673309326,0.45340457558631897,0.09204656630754471,336.0,351.0,313.0,1000
252,8,0.19774623215198517,0.23371149599552155,0.012563923373818398,0.15100381886959074,0.9126506447792053,0.9109195470809937,1.0,0.9400000052452089,0.19749314343929292,0.45426928997039795,0.4541850984096527,0.09154049307107925,332.0,348.0,320.0,1000
253,8,0.21929384768009186,0.2452017366886139,0.012669866904616356,0.15945281064510342,0.8814102411270142,0.887005627155304,1.0,0.9230000066757201,0.2123162727355957,0.45403599739074707,0.4546414911746979,0.09132853150367737,312.0,354.0,334.0,1000
254,8,0.21808172762393951,0.2706622779369354,0.01250342559069395,0.16418383276462556,0.9061583280563354,0.8892405033111572,1.0,0.9330000019073487,0.22405955398082733,0.4534798860549927,0.4554149806499481,0.09115339815616608,341.0,316.0,343.0,1000
255,8,0.24342888593673706,0.21963004767894745,0.013882504776120186,0.15661131680011747,0.8803681135177612,0.912121057510376,1.0,0.9320000038146973,0.21012370014190673,0.4533025026321411,0.4561433792114258,0.09057950228452682,326.0,330.0,344.0,1000
256,8,0.2238800823688507,0.24254772067070007,0.012969299219548702,0.16026626861095433,0.9020771384239197,0.8915663361549377,1.0,0.9310000019073486,0.21798693430423738,0.4538413882255554,0.4559500813484192,0.09016823768615723,337.0,332.0,331.0,1000
257,8,0.24125486612319946,0.22058819234371185,0.012774604372680187,0.15953468358516693,0.8866279125213623,0.8963415026664734,1.0,0.92700000667572,0.21069724321365355,0.45502936840057373,0.4553469121456146,0.08966609835624695,344.0,328.0,328.0,1000
258,8,0.23283931612968445,0.27303099632263184,0.014120282605290413,0.1756750636100769,0.8879310488700867,0.896969735622406,1.0,0.9270000052452088,0.23229572248458863,0.4549732804298401,0.45580095052719116,0.08921398967504501,348.0,330.0,322.0,1000
259,8,0.22455567121505737,0.2111910879611969,0.01273861899971962,0.151369628071785,0.89552241563797,0.9120234251022339,1.0,0.9350000052452085,0.19839442646503447,0.45572131872177124,0.45530927181243896,0.08897962421178818,335.0,341.0,324.0,1000
260,8,0.23442845046520233,0.23051518201828003,0.01281905360519886,0.160833713054657,0.8875378966331482,0.9275362491607666,1.0,0.9380000052452089,0.2110668451786041,0.4569168984889984,0.45484161376953125,0.08830322325229645,329.0,345.0,326.0,1000
261,8,0.22789525985717773,0.23498624563217163,0.011785205453634262,0.15210610020160673,0.8892307281494141,0.9140127897262573,1.0,0.9370000042915344,0.21287087523937226,0.45687541365623474,0.45554324984550476,0.08765280991792679,325.0,314.0,361.0,1000
262,8,0.19450950622558594,0.2601338326931,0.011919284239411354,0.1539678934812546,0.9115853905677795,0.8791540861129761,1.0,0.9310000066757201,0.20649627351760866,0.45683103799819946,0.45606234669685364,0.08715350180864334,328.0,331.0,341.0,1000
263,8,0.23477715253829956,0.23801162838935852,0.01248586643487215,0.15975623470544817,0.8850573301315308,0.8774193525314331,1.0,0.9220000057220459,0.21442650723457338,0.4562567472457886,0.45725178718566895,0.08652283996343613,348.0,310.0,342.0,1000
264,8,0.24898171424865723,0.236762136220932,0.011954637244343758,0.16995579540729525,0.8475610017776489,0.9103641510009766,1.0,0.9180000052452089,0.2219600808620453,0.4575023651123047,0.4563450515270233,0.08615868538618088,328.0,357.0,315.0,1000
265,8,0.21029402315616608,0.2285817712545395,0.011677653528749943,0.15519426000118258,0.8936781883239746,0.9008746147155762,1.0,0.9290000066757201,0.20182422113418577,0.4579717218875885,0.4561888873577118,0.08583799749612808,348.0,343.0,309.0,1000
266,8,0.17754918336868286,0.2472807765007019,0.012328959070146084,0.14007933270931247,0.943925142288208,0.8805031776428223,1.0,0.944000005722046,0.19576583766937253,0.45724397897720337,0.4573729634284973,0.08534512668848038,321.0,318.0,361.0,1000
267,8,0.2122282236814499,0.22842082381248474,0.011914116330444813,0.15226337158679965,0.885196328163147,0.9152047038078308,1.0,0.93300000667572,0.20456112325191494,0.45711660385131836,0.45823225378990173,0.08466482162475586,331.0,342.0,327.0,1000
268,8,0.22956837713718414,0.2267494797706604,0.012222952209413052,0.15599684429168703,0.8934170007705688,0.9135447144508362,1.0,0.93600000333786,0.20752002310752868,0.45758944749832153,0.45821040868759155,0.0842079147696495,319.0,347.0,334.0,1000
269,8,0.23033712804317474,0.239685520529747,0.014237163588404655,0.1619397404193878,0.9071856141090393,0.8805969953536987,1.0,0.9290000052452088,0.21812066507339475,0.4579911530017853,0.45804068446159363,0.08395527303218842,334.0,335.0,331.0,1000
270,8,0.2025313526391983,0.2023826539516449,0.013602111488580704,0.14296868526935574,0.916905403137207,0.9196428060531616,1.0,0.9440000038146973,0.18573429691791535,0.45829132199287415,0.4584245979785919,0.08331193774938583,349.0,336.0,315.0,1000
271,8,0.2395274043083191,0.23522093892097473,0.012935487553477287,0.16196708565950396,0.8828829526901245,0.9003021717071533,1.0,0.9280000019073485,0.2193334801197052,0.45922887325286865,0.4578608572483063,0.0829421654343605,333.0,331.0,336.0,1000
272,8,0.23113474249839783,0.2653336226940155,0.012269832193851471,0.16980509901046756,0.8895348310470581,0.8553845286369324,1.0,0.9150000038146973,0.22812316942214966,0.4591546356678009,0.4581538438796997,0.08268006891012192,344.0,325.0,331.0,1000
273,8,0.23884525895118713,0.19624677300453186,0.011409813538193703,0.1441326438188553,0.8818182349205017,0.9358973503112793,1.0,0.9410000028610229,0.20137920236587523,0.45988044142723083,0.4575749635696411,0.08246669918298721,330.0,312.0,358.0,1000
274,8,0.20219095051288605,0.23719635605812073,0.012469768524169922,0.15112566387653348,0.9127727150917053,0.8959537744522095,1.0,0.9360000066757201,0.20394378757476803,0.45993027091026306,0.4579000473022461,0.08217976242303848,321.0,346.0,333.0,1000
275,8,0.21719755232334137,0.25076204538345337,0.012555279769003391,0.15890986609458924,0.90625,0.8878204822540283,1.0,0.9320000014305115,0.21463753747940065,0.4596755802631378,0.45860719680786133,0.08171951025724411,352.0,312.0,336.0,1000
276,8,0.2431095987558365,0.22923268377780914,0.013123276643455029,0.16163154065608978,0.8878787159919739,0.9285714030265808,1.0,0.9390000019073487,0.22126993179321292,0.46031731367111206,0.4582768380641937,0.08139029145240784,330.0,336.0,334.0,1000
277,8,0.21752838790416718,0.22588402032852173,0.012891953811049461,0.14951905715465544,0.8985506892204285,0.9193549156188965,1.0,0.9400000038146973,0.20680831122398374,0.46070748567581177,0.4582928419113159,0.08100108057260513,345.0,310.0,345.0,1000
278,8,0.25136423110961914,0.23601986467838287,0.012175864540040493,0.15961330878734592,0.8797469139099121,0.9034268856048584,1.0,0.9310000066757202,0.22649507355690002,0.4620375633239746,0.4572972357273102,0.08068770170211792,316.0,321.0,363.0,1000
279,8,0.2044985145330429,0.2316913902759552,0.01321438979357481,0.1451556020975113,0.9150326251983643,0.9107142686843872,1.0,0.9440000019073486,0.2029850947856903,0.4621132016181946,0.45741724967956543,0.08045607805252075,306.0,336.0,358.0,1000
280,8,0.20990560948848724,0.24546629190444946,0.011374101974070072,0.15941737151145935,0.9069069623947144,0.8885714411735535,1.0,0.93000000667572,0.20974734067916873,0.4616566002368927,0.4581793546676636,0.08018689602613449,333.0,350.0,317.0,1000
281,8,0.1737244725227356,0.24004368484020233,0.011673010885715485,0.14529368102550505,0.9233226776123047,0.8953167796134949,1.0,0.93800000333786,0.19096340346336366,0.46135997772216797,0.4592384397983551,0.07948807626962662,313.0,363.0,324.0,1000
282,8,0.24772633612155914,0.236354798078537,0.012772245332598686,0.1651769835948944,0.8933717608451843,0.8990536332130432,1.0,0.9310000019073486,0.22155961942672728,0.4606781303882599,0.46040773391723633,0.07892149686813354,347.0,317.0,336.0,1000
283,8,0.228226900100708,0.1904369294643402,0.012300325557589531,0.14121830129623414,0.8754097819328308,0.9152542352676392,1.0,0.9320000019073486,0.1960596069097519,0.46229663491249084,0.4590306580066681,0.07864958047866821,305.0,354.0,341.0,1000
284,8,0.2241257280111313,0.211023211479187,0.012758624739944935,0.14746021783351898,0.8938052654266357,0.9088050127029419,1.0,0.93500000667572,0.20511555886268615,0.4639955759048462,0.4577291011810303,0.07824663817882538,339.0,318.0,343.0,1000
285,8,0.22707599401474,0.22265362739562988,0.012356502003967762,0.15652559691667559,0.9108635783195496,0.9090909361839294,1.0,0.9390000057220459,0.20474660587310792,0.4640910029411316,0.4580878019332886,0.07783827930688858,359.0,319.0,322.0,1000
286,8,0.25585025548934937,0.22755783796310425,0.012058256193995476,0.16732709395885467,0.8731563687324524,0.9139466285705566,1.0,0.928000005722046,0.2234793426990509,0.46554768085479736,0.4571031630039215,0.077375628054142,339.0,337.0,324.0,1000
287,8,0.24029254913330078,0.2560715079307556,0.011052167043089867,0.16769990050792694,0.8847352266311646,0.8879055976867676,1.0,0.9250000014305115,0.2283014073371887,0.4661628305912018,0.4567859470844269,0.07703098654747009,321.0,339.0,340.0,1000
288,8,0.1974116563796997,0.2387179583311081,0.012404017150402069,0.14740012365579608,0.9233128428459167,0.9090908169746399,1.0,0.9450000009536742,0.2025715630054474,0.46600428223609924,0.45724236965179443,0.07676556706428528,326.0,330.0,344.0,1000
289,8,0.19476839900016785,0.24168528616428375,0.012377563863992691,0.15256326913833618,0.9083333611488342,0.8923077583312988,1.0,0.9320000052452089,0.20392937231063846,0.46547025442123413,0.4581941068172455,0.07632261514663696,360.0,325.0,315.0,1000
290,8,0.19260132312774658,0.2284485250711441,0.011469920165836811,0.14308957219123838,0.9130434989929199,0.9215686321258545,1.0,0.9460000057220459,0.1941587886810303,0.4649282395839691,0.4591056704521179,0.07595750689506531,299.0,357.0,344.0,1000
291,8,0.2366597056388855,0.21818360686302185,0.012283163145184517,0.15748440766334537,0.8837838172912598,0.9139072895050049,1.0,0.9310000057220458,0.21244152092933652,0.46509987115859985,0.45921310782432556,0.07565006613731384,370.0,302.0,328.0,1000
292,8,0.2173093557357788,0.22051425278186798,0.012130498886108398,0.14471417486667634,0.8834950923919678,0.9096384644508362,1.0,0.934000005722046,0.20609717988967896,0.4658231735229492,0.4588486850261688,0.07533324509859085,309.0,332.0,359.0,1000
293,8,0.21142593026161194,0.2269502431154251,0.01195418182760477,0.1491740792989731,0.8875380754470825,0.9099099636077881,1.0,0.9330000019073486,0.20239901506900787,0.46648213267326355,0.45850861072540283,0.07499650120735168,329.0,333.0,338.0,1000
294,8,0.2259618043899536,0.2641172707080841,0.012052547186613083,0.16592340302467345,0.8862276077270508,0.871559739112854,1.0,0.9200000038146973,0.22987351441383358,0.46581485867500305,0.45968928933143616,0.074460469186306,334.0,327.0,339.0,1000
295,8,0.19316580891609192,0.23822025954723358,0.011966484598815441,0.1524016638994217,0.9125364422798157,0.8988439440727234,1.0,0.9350000066757203,0.20001787209510805,0.4650766849517822,0.4608180522918701,0.07411607354879379,343.0,346.0,311.0,1000
296,8,0.20073609054088593,0.2403448224067688,0.011635095812380314,0.14478000080585476,0.9041916728019714,0.8921568989753723,1.0,0.9350000019073486,0.20342192792892455,0.4642864763736725,0.4618663787841797,0.0738098993897438,334.0,306.0,360.0,1000
297,8,0.2457893192768097,0.2177400290966034,0.012157258577644825,0.1609388853907585,0.886567234992981,0.8950437307357788,1.0,0.9260000033378601,0.21437868201732638,0.465028315782547,0.46169430017471313,0.07328823208808899,335.0,343.0,322.0,1000
298,8,0.20780086517333984,0.26990675926208496,0.011861941777169704,0.16124182546138763,0.922848641872406,0.8730649948120117,1.0,0.9330000033378602,0.22251251363754274,0.4651482105255127,0.46199700236320496,0.07282410562038422,337.0,323.0,340.0,1000
299,8,0.21254536509513855,0.24869534373283386,0.01235599908977747,0.15890176141262055,0.8918920159339905,0.8905326128005981,1.0,0.9270000052452088,0.21521300232410429,0.464050829410553,0.4632911682128906,0.07264260947704315,333.0,338.0,329.0,1000
300,8,0.2244439572095871,0.22816716134548187,0.01280030608177185,0.1549985380768776,0.909638524055481,0.8892214894294739,1.0,0.9330000019073486,0.21384195947647094,0.4636574685573578,0.46406885981559753,0.07220396399497986,332.0,334.0,334.0,1000
301,8,0.19434186816215515,0.23072822391986847,0.01222927588969469,0.14679892098903657,0.9070422053337097,0.9000000357627869,1.0,0.9350000038146973,0.19799817276000975,0.4645242393016815,0.46391478180885315,0.07154136896133423,355.0,320.0,325.0,1000
302,8,0.22126471996307373,0.2395915389060974,0.011893064714968204,0.15297507512569428,0.8993902206420898,0.8993710279464722,1.0,0.9350000066757201,0.21668674790859224,0.46419015526771545,0.464677095413208,0.07113885879516602,328.0,318.0,354.0,1000
303,8,0.24011237919330597,0.23274774849414825,0.0129457488656044,0.1636625534296036,0.8825215101242065,0.895384669303894,1.0,0.9250000042915344,0.22040816068649294,0.4649283289909363,0.46413132548332214,0.07098884880542755,349.0,325.0,326.0,1000
304,8,0.2042827606201172,0.21934175491333008,0.011454959399998188,0.14131366926431654,0.913690447807312,0.8881789445877075,1.0,0.9360000033378602,0.19862919116020206,0.46574196219444275,0.4635165333747864,0.07072684168815613,336.0,313.0,351.0,1000
305,8,0.24036206305027008,0.2185792177915573,0.012179002165794373,0.16114251327514648,0.9027355909347534,0.9134078025817871,1.0,0.9370000066757201,0.21422056603431705,0.4655402898788452,0.4642167389392853,0.07026743143796921,329.0,358.0,313.0,1000
306,8,0.2269258201122284,0.2255762666463852,0.01107508223503828,0.15306826984882357,0.9041533470153809,0.9164265990257263,1.0,0.9410000047683716,0.21348735642433164,0.4673507809638977,0.4628235399723053,0.06988891214132309,313.0,347.0,340.0,1000
307,8,0.2222706377506256,0.2216193526983261,0.011786173097789288,0.15071451354026794,0.8917379379272461,0.9032257795333862,1.0,0.9320000019073486,0.2074125673770905,0.46742376685142517,0.4629981517791748,0.06956345587968826,351.0,310.0,339.0,1000
308,8,0.1912945657968521,0.24548958241939545,0.01182426605373621,0.15079333198070527,0.9275766611099243,0.9028212428092957,1.0,0.9430000042915345,0.20432885479927065,0.4673442840576172,0.4634212553501129,0.06920687109231949,359.0,319.0,322.0,1000
309,8,0.22668349742889404,0.23055832087993622,0.011582965031266212,0.15548105663061146,0.8972809314727783,0.9066265821456909,1.0,0.935000005722046,0.21426723241806025,0.4672658145427704,0.4639098346233368,0.06882181763648987,331.0,332.0,337.0,1000
310,8,0.2582608163356781,0.21983374655246735,0.011226625181734562,0.16724259877204897,0.8839285969734192,0.9028570652008057,1.0,0.9270000042915344,0.22704504799842834,0.46908751130104065,0.4624778926372528,0.06845938414335251,336.0,350.0,314.0,1000
311,8,0.24255399405956268,0.23395124077796936,0.01191512681543827,0.15961622881889345,0.8973607420921326,0.8971061110496521,1.0,0.9330000042915344,0.2246671943664551,0.47001969814300537,0.4617941379547119,0.0681907907128334,341.0,311.0,348.0,1000
312,8,0.22122177481651306,0.25526127219200134,0.013131020590662956,0.1638336707353592,0.8877887725830078,0.8839778900146484,1.0,0.9240000019073487,0.22217582929134366,0.47015807032585144,0.4618971049785614,0.06793991476297379,303.0,362.0,335.0,1000
313,8,0.2266041487455368,0.20856419205665588,0.01306336373090744,0.1453553890585899,0.89000004529953,0.9197707772254944,1.0,0.9390000057220459,0.20414166831970212,0.4715833067893982,0.4610285758972168,0.06736236810684204,300.0,349.0,351.0,1000
314,8,0.21195292472839355,0.2106972187757492,0.012951393611729145,0.14607584297657014,0.9137930274009705,0.9287924766540527,1.0,0.94700000333786,0.1958257389068603,0.47243690490722656,0.4605429470539093,0.06701715290546417,348.0,323.0,329.0,1000
315,8,0.21817852556705475,0.2569933235645294,0.012197591364383698,0.16716022050380708,0.9093484282493591,0.8720238208770752,1.0,0.9250000066757204,0.22090122151374816,0.47188234329223633,0.4613081216812134,0.0668485090136528,353.0,336.0,311.0,1000
316,8,0.21001172065734863,0.21781767904758453,0.011912714689970016,0.14888568031787872,0.8961424231529236,0.9120234251022339,1.0,0.9350000019073487,0.20104779887199403,0.47270724177360535,0.460735559463501,0.0665145069360733,337.0,341.0,322.0,1000
317,8,0.19623693823814392,0.24048665165901184,0.012381373904645443,0.15028604853153227,0.9082568883895874,0.8826979994773865,1.0,0.9300000066757201,0.2035814428329468,0.47208958864212036,0.46175894141197205,0.06616879999637604,327.0,341.0,332.0,1000
318,8,0.21869757771492004,0.2510754466056824,0.013108186423778534,0.15983962762355805,0.8944281339645386,0.8819875717163086,1.0,0.9260000033378601,0.21990049493312833,0.47137901186943054,0.4627220630645752,0.06589922308921814,341.0,322.0,337.0,1000
319,8,0.20410659909248352,0.21332156658172607,0.013424793258309364,0.14458830118179322,0.9316771030426025,0.9197707772254944,1.0,0.9500000028610229,0.19532952499389647,0.4721747934818268,0.4622313380241394,0.06557830423116684,322.0,349.0,329.0,1000
320,8,0.22606611251831055,0.22309021651744843,0.012349254451692104,0.15198695194721223,0.9110429286956787,0.9126505851745605,1.0,0.9420000052452087,0.21174412798881528,0.4732300639152527,0.46143168210983276,0.06532394886016846,326.0,332.0,342.0,1000
321,8,0.22447742521762848,0.23398327827453613,0.012352090328931808,0.1546717722415924,0.8823529481887817,0.912912905216217,1.0,0.9330000028610229,0.2137638082504273,0.47309303283691406,0.46182188391685486,0.06509490311145782,323.0,333.0,344.0,1000
322,8,0.2094740867614746,0.2717250883579254,0.012765571475028992,0.1627824231386185,0.9011628031730652,0.8553459644317627,1.0,0.9200000019073487,0.22319992542266845,0.4733031690120697,0.46199801564216614,0.06473265588283539,344.0,318.0,338.0,1000
323,8,0.23275475203990936,0.23850953578948975,0.011871330440044403,0.15855483269691467,0.8930636048316956,0.8838709592819214,1.0,0.9270000042915344,0.22249906754493717,0.4723210334777832,0.46332722902297974,0.06432534754276276,346.0,310.0,344.0,1000
324,8,0.24292542040348053,0.2520143687725067,0.011540955863893032,0.16516251230239867,0.888198733329773,0.8784193992614746,1.0,0.9240000066757201,0.233876549243927,0.4730900228023529,0.4629862904548645,0.06389358639717102,322.0,329.0,349.0,1000
325,8,0.1918443888425827,0.21517068147659302,0.01278771087527275,0.1366238555908203,0.91379314661026,0.9243420362472534,1.0,0.9470000057220459,0.18742686069011688,0.4723377525806427,0.4645155668258667,0.06315679103136063,348.0,304.0,348.0,1000
326,8,0.2324221283197403,0.23791590332984924,0.01251007430255413,0.1599377510547638,0.8865031003952026,0.9047620296478271,1.0,0.9310000052452088,0.22034034252166748,0.47282421588897705,0.4644831418991089,0.062688909471035,326.0,336.0,338.0,1000
327,8,0.2532810568809509,0.2636443078517914,0.010422816500067711,0.1754722822904587,0.8760806322097778,0.8777429461479187,1.0,0.9180000066757202,0.2414702682495117,0.4731998145580292,0.46437835693359375,0.06240741163492203,347.0,319.0,334.0,1000
328,8,0.22871613502502441,0.24430346488952637,0.012616625055670738,0.1639216467142105,0.8885630965232849,0.8925372958183289,1.0,0.9260000042915344,0.22178747606277466,0.47296854853630066,0.46478793025016785,0.06225995346903801,341.0,335.0,324.0,1000
329,8,0.23803366720676422,0.23239383101463318,0.011477907188236713,0.15931372570991517,0.8847351670265198,0.9058823585510254,1.0,0.93100000333786,0.22337181389331817,0.4734833240509033,0.46445709466934204,0.06202303618192673,321.0,340.0,339.0,1000
330,8,0.21476267278194427,0.24915549159049988,0.011862717568874359,0.15784166634082797,0.9102168083190918,0.8879057168960571,1.0,0.9330000028610229,0.21899912071228028,0.4740680754184723,0.46416470408439636,0.06175805255770683,323.0,339.0,338.0,1000
331,8,0.229231059551239,0.2524956166744232,0.012176968157291412,0.16410218918323516,0.8938053250312805,0.8957054615020752,1.0,0.9300000019073486,0.22605066585540773,0.47420138120651245,0.46426403522491455,0.061550408601760864,339.0,326.0,335.0,1000
332,8,0.2465837299823761,0.22242896258831024,0.011707209050655365,0.1649138972759247,0.8795180320739746,0.913165271282196,1.0,0.9290000042915345,0.22197909617424008,0.4746539890766144,0.46393099427223206,0.06136469542980194,332.0,357.0,311.0,1000
333,8,0.2386419028043747,0.22960153222084045,0.012343183159828186,0.1605180708169937,0.886426568031311,0.9052287936210632,1.0,0.9300000019073486,0.21833963799476622,0.47580474615097046,0.46299269795417786,0.06116211786866188,361.0,306.0,333.0,1000
334,8,0.2201845347881317,0.2296357899904251,0.011683770455420017,0.15159867000579832,0.8962535262107849,0.9096773862838745,1.0,0.9360000066757201,0.20910204553604128,0.47605687379837036,0.4631418287754059,0.060857828706502914,347.0,310.0,343.0,1000
335,8,0.2273949682712555,0.24743656814098358,0.012230291962623596,0.16109850054979324,0.8790848851203918,0.9036827683448792,1.0,0.9290000033378599,0.2207159376144409,0.476839542388916,0.4625619649887085,0.06062168627977371,306.0,353.0,341.0,1000
336,8,0.21197839081287384,0.2207934409379959,0.012663960456848145,0.15028647482395172,0.9046154022216797,0.9114285111427307,1.0,0.9380000028610229,0.2048412948846817,0.476362407207489,0.4634704291820526,0.06017114222049713,325.0,350.0,325.0,1000
337,8,0.1949622482061386,0.22844906151294708,0.013049053028225899,0.14462217009067538,0.9122806787490845,0.9037266969680786,1.0,0.9390000047683715,0.1981811079978943,0.4764783978462219,0.4636552631855011,0.05989845097064972,342.0,322.0,336.0,1000
338,8,0.21178187429904938,0.2373824417591095,0.011995524168014526,0.15605245959758762,0.8947368264198303,0.8958332538604736,1.0,0.9290000042915345,0.21235679459571838,0.475862592458725,0.4645874798297882,0.05954943597316742,342.0,336.0,322.0,1000
339,8,0.23754838109016418,0.2367018461227417,0.012275380082428455,0.16854636693000793,0.8850574493408203,0.8876081109046936,1.0,0.9210000052452088,0.2222741775512695,0.47640344500541687,0.46434226632118225,0.059287168085575104,348.0,347.0,305.0,1000
340,8,0.22349807620048523,0.20613928139209747,0.011884123086929321,0.14752789628505705,0.8914286494255066,0.9116718769073486,1.0,0.9340000038146974,0.20355826497077945,0.4773639440536499,0.46381694078445435,0.058827321976423264,350.0,317.0,333.0,1000
341,8,0.24643704295158386,0.23700064420700073,0.0119608324021101,0.17181577575206758,0.8830410242080688,0.8926554322242737,1.0,0.9220000028610229,0.2288216071128845,0.47749850153923035,0.463896781206131,0.058616410940885544,342.0,354.0,304.0,1000
342,8,0.2670641541481018,0.259761780500412,0.012791280634701252,0.1797710598707199,0.8654971122741699,0.8796295523643494,1.0,0.9150000047683715,0.24958040022850037,0.4792264401912689,0.46261078119277954,0.05817817896604538,342.0,324.0,334.0,1000
343,8,0.21343925595283508,0.2361639440059662,0.012129552662372589,0.14971701020002365,0.9074074029922485,0.8916409015655518,1.0,0.935000005722046,0.20945700836181635,0.478755384683609,0.46329420804977417,0.05797174572944641,324.0,323.0,353.0,1000
344,8,0.2253798395395279,0.22344054281711578,0.01230502687394619,0.14911382704973222,0.8947368860244751,0.900621235370636,1.0,0.9340000019073487,0.20809045553207398,0.47960445284843445,0.46269491314888,0.057733044028282166,323.0,322.0,355.0,1000
345,8,0.22481070458889008,0.21828104555606842,0.012521517463028431,0.14861921584606175,0.8936170935630798,0.9285714030265808,1.0,0.942000005722046,0.20895487475395202,0.48084014654159546,0.4616580605506897,0.05750611051917076,329.0,322.0,349.0,1000
346,8,0.23063643276691437,0.24321456253528595,0.013465715572237968,0.16516345596313475,0.8771930932998657,0.9020771384239197,1.0,0.9250000042915345,0.2234291639328003,0.48115116357803345,0.4615706503391266,0.0573006346821785,342.0,337.0,321.0,1000
347,8,0.19863934814929962,0.21176321804523468,0.011977162212133408,0.13969173634052276,0.9033233523368835,0.9151515364646912,1.0,0.94000000333786,0.19542212665081024,0.48172399401664734,0.46125438809394836,0.05703502520918846,331.0,330.0,339.0,1000
348,8,0.19138950109481812,0.23226666450500488,0.012385779060423374,0.1443292200565338,0.9369086027145386,0.9122807383537292,1.0,0.9500000023841858,0.19952972567081453,0.481100857257843,0.462130069732666,0.05676545202732086,317.0,342.0,341.0,1000
349,8,0.23419299721717834,0.2663976550102234,0.012759219855070114,0.17264112925529482,0.8871951699256897,0.8779069185256958,1.0,0.9210000066757202,0.23517026376724243,0.48082631826400757,0.4627766013145447,0.05640212446451187,328.0,344.0,328.0,1000
350,8,0.2206510454416275,0.25830844044685364,0.012583618983626366,0.16817690920829775,0.8964497447013855,0.8876081109046936,1.0,0.9260000057220459,0.22658648014068605,0.4802791476249695,0.46356916427612305,0.05616191774606705,338.0,347.0,315.0,1000
351,8,0.21455465257167816,0.2522890865802765,0.014139068312942982,0.15485489892959597,0.8936170339584351,0.894904375076294,1.0,0.9320000033378602,0.220091144323349,0.47975367307662964,0.4643985629081726,0.05583896487951279,329.0,314.0,357.0,1000
352,8,0.2567526698112488,0.2317926436662674,0.012321836315095425,0.1704873280525207,0.8764705657958984,0.9122806787490845,1.0,0.9280000042915345,0.23052664422988892,0.4802319407463074,0.4641105532646179,0.055638279765844345,340.0,342.0,318.0,1000
353,8,0.16099223494529724,0.25463539361953735,0.0120344003662467,0.14103625535964967,0.9425676465034485,0.8799999952316284,1.0,0.9410000019073486,0.19580796909332276,0.4793875813484192,0.46551045775413513,0.055164482444524765,296.0,350.0,354.0,1000
354,8,0.2176727056503296,0.2321578413248062,0.012957858853042126,0.15050033748149874,0.9044943451881409,0.8847458362579346,1.0,0.93200000333786,0.2144530782699585,0.47811105847358704,0.46705761551856995,0.054833002388477325,356.0,295.0,349.0,1000
355,8,0.24842706322669983,0.24522875249385834,0.012208951637148857,0.16823215425014496,0.8738738298416138,0.8855422735214233,1.0,0.920000002861023,0.23382544267177585,0.47836852073669434,0.4669116735458374,0.05470480024814606,333.0,332.0,335.0,1000
356,8,0.228724867105484,0.2672562003135681,0.012830573134124279,0.16828262770175936,0.8895899057388306,0.8859649300575256,1.0,0.9260000042915344,0.23493288135528564,0.4784570336341858,0.4670756459236145,0.05445754528045654,317.0,342.0,341.0,1000
357,8,0.21592369675636292,0.25261402130126953,0.01253452617675066,0.16124326944351197,0.9123867750167847,0.8849557042121887,1.0,0.9320000042915344,0.22140417838096615,0.4778539538383484,0.4679516851902008,0.05417558550834656,331.0,339.0,330.0,1000
358,8,0.23964150249958038,0.23632857203483582,0.011765124276280403,0.16473947942256928,0.8838526010513306,0.8947368264198303,1.0,0.925000002861023,0.2268626333475113,0.4779549539089203,0.4682067930698395,0.053839921951293945,353.0,323.0,324.0,1000
359,8,0.20235392451286316,0.23937813937664032,0.012578886933624744,0.15110836029052738,0.909638524055481,0.8948949575424194,1.0,0.9350000047683715,0.2100698096752167,0.47806623578071594,0.4683617949485779,0.053552381694316864,332.0,333.0,335.0,1000
360,8,0.24863766133785248,0.2278287410736084,0.01300906203687191,0.164539626121521,0.8734567761421204,0.9057142734527588,1.0,0.9260000066757201,0.22630107498168947,0.47895634174346924,0.46762406826019287,0.05332541465759277,324.0,350.0,326.0,1000
361,8,0.22045262157917023,0.25026485323905945,0.012300638481974602,0.1635659853219986,0.8921568989753723,0.9103260636329651,1.0,0.934000002861023,0.2227315504550934,0.47911396622657776,0.46781107783317566,0.053093016147613525,306.0,368.0,326.0,1000
362,8,0.21997563540935516,0.21561241149902344,0.012174772098660469,0.14443377321958542,0.8885542154312134,0.9292603731155396,1.0,0.9410000009536743,0.20622539985179905,0.47965237498283386,0.46749311685562134,0.05284880846738815,332.0,311.0,357.0,1000
363,8,0.1920592188835144,0.21332697570323944,0.012191570363938808,0.13992419826984406,0.9252336621284485,0.8936781883239746,1.0,0.939000002861023,0.1924916470050812,0.4801845848560333,0.4673583507537842,0.05246701091527939,321.0,348.0,331.0,1000
364,8,0.22503966093063354,0.21721072494983673,0.012391339056193829,0.15228216862678529,0.9000000357627869,0.9181818962097168,1.0,0.9390000042915345,0.2109101321697235,0.48049092292785645,0.4672759473323822,0.05223770812153816,340.0,330.0,330.0,1000
365,8,0.2509353756904602,0.22612157464027405,0.012558105401694775,0.1675835477113724,0.8749999403953552,0.9009009003639221,1.0,0.9230000042915345,0.22779869246482848,0.4811031222343445,0.4667702615261078,0.05209244415163994,352.0,333.0,315.0,1000
366,8,0.1991332471370697,0.2400691658258438,0.01145085133612156,0.14999018484354018,0.904321014881134,0.8882352709770203,1.0,0.9310000033378601,0.2103363982439041,0.48143503069877625,0.4666983187198639,0.05183350667357445,324.0,340.0,336.0,1000
367,8,0.21531569957733154,0.2274990975856781,0.012580624781548977,0.14786381101608276,0.8868501782417297,0.9034268260002136,1.0,0.9320000052452087,0.21233054256439213,0.4811581075191498,0.46738845109939575,0.05146980285644531,327.0,321.0,352.0,1000
368,8,0.2235231250524521,0.23772844672203064,0.012075117789208889,0.1544422973394394,0.8925372958183289,0.9053627848625183,1.0,0.9340000057220459,0.21847927975654602,0.48135507106781006,0.46739083528518677,0.05125245451927185,335.0,317.0,348.0,1000
369,8,0.2277902513742447,0.25397989153862,0.011199806816875935,0.1619327795505524,0.874626874923706,0.9099379777908325,1.0,0.9290000042915344,0.2292783155441284,0.4824250638484955,0.4665299355983734,0.05105932056903839,335.0,322.0,343.0,1000
370,8,0.2030663639307022,0.2663417458534241,0.010958293452858925,0.16336991715431212,0.9129213094711304,0.8784194588661194,1.0,0.9290000057220459,0.21983490800857544,0.48104721307754517,0.4682864546775818,0.050673287361860275,356.0,329.0,315.0,1000
371,8,0.17935708165168762,0.2142728716135025,0.01259623747318983,0.1356851029396057,0.9198894500732422,0.9067524075508118,1.0,0.9420000042915344,0.18898433661460876,0.4808712601661682,0.4688195288181305,0.05033010616898537,362.0,311.0,327.0,1000
372,8,0.25167399644851685,0.24855831265449524,0.01242177002131939,0.17327701818943025,0.8710693120956421,0.885793924331665,1.0,0.9180000028610229,0.2372963773012161,0.4803979694843292,0.46957269310951233,0.05002512037754059,318.0,359.0,323.0,1000
373,8,0.22565507888793945,0.2604277431964874,0.012128596194088459,0.17031636619567872,0.8895521759986877,0.8710601329803467,1.0,0.9180000052452086,0.2340178558826446,0.4806327223777771,0.46965938806533813,0.049710843712091446,335.0,349.0,316.0,1000
374,8,0.24905796349048615,0.2668903172016144,0.012099928222596645,0.17638713061809538,0.8646864295005798,0.8677686452865601,1.0,0.9110000019073485,0.24236457109451293,0.4802916646003723,0.4701704978942871,0.04956647381186485,303.0,363.0,334.0,1000
375,8,0.19515402615070343,0.25469881296157837,0.0130327632650733,0.14974440824985502,0.9251497387886047,0.8662420511245728,1.0,0.9330000066757201,0.21291919112205504,0.47980746626853943,0.4708746671676636,0.0493631437420845,334.0,314.0,352.0,1000
376,8,0.22932802140712738,0.19268718361854553,0.013105827383697033,0.1419437110424042,0.8888888955116272,0.9369627833366394,1.0,0.94400000333786,0.1964245023727417,0.4803091287612915,0.4706442356109619,0.049053020775318146,306.0,349.0,345.0,1000
377,8,0.21618971228599548,0.26005661487579346,0.013856999576091766,0.16289147377014163,0.9056604504585266,0.895348846912384,1.0,0.9340000019073487,0.22612984585762025,0.4799019694328308,0.47133415937423706,0.0487615242600441,318.0,344.0,338.0,1000
378,8,0.21272119879722595,0.24545502662658691,0.01314522698521614,0.1607255882024765,0.8944444060325623,0.8987729549407959,1.0,0.9290000014305114,0.21461769413948056,0.4795006215572357,0.4719414710998535,0.048599373549222946,360.0,326.0,314.0,1000
379,8,0.1880630999803543,0.22553806006908417,0.012727786786854267,0.1427713042497635,0.9256199598312378,0.8878205418586731,1.0,0.938000002861023,0.19627056169509888,0.47846436500549316,0.47323837876319885,0.04833030328154564,363.0,312.0,325.0,1000
380,8,0.2233394831418991,0.23809482157230377,0.011992611922323704,0.15306734299659727,0.8994083404541016,0.8961038589477539,1.0,0.9340000042915344,0.21880967891216282,0.47875866293907166,0.4730891287326813,0.0481581874191761,338.0,308.0,354.0,1000
381,8,0.17787976562976837,0.22782203555107117,0.012406254187226295,0.14556467616558078,0.9316940307617188,0.9139466285705566,1.0,0.946000005722046,0.19291235041618343,0.4780213236808777,0.4741327464580536,0.047854986041784286,366.0,337.0,297.0,1000
382,8,0.252315491437912,0.2354779690504074,0.012715714052319527,0.17045238602161406,0.8855422735214233,0.9259259700775146,1.0,0.9360000066757201,0.2316743676662445,0.47798508405685425,0.4744652509689331,0.0475635789334774,332.0,351.0,317.0,1000
383,8,0.19670434296131134,0.21646751463413239,0.012089034542441368,0.14014705646038056,0.9323076605796814,0.9099098443984985,1.0,0.9480000042915344,0.19803585076332092,0.47829633951187134,0.47450101375579834,0.04720095545053482,325.0,333.0,342.0,1000
384,8,0.30719879269599915,0.20894509553909302,0.013124541379511356,0.17626157855987554,0.8318583369255066,0.9320988059043884,1.0,0.9210000014305114,0.2450177445411682,0.4804864823818207,0.47251394391059875,0.0469919852912426,339.0,324.0,337.0,1000
385,8,0.23904632031917572,0.23712104558944702,0.011880312114953995,0.16120726704597474,0.8731988668441772,0.9009584188461304,1.0,0.9250000014305114,0.22739826321601866,0.4828839600086212,0.47029709815979004,0.04681926593184471,347.0,313.0,340.0,1000
386,8,0.2099463790655136,0.23907464742660522,0.011772630736231804,0.15184725689888,0.9119496941566467,0.8997050523757935,1.0,0.9380000019073486,0.21447775650024414,0.4827998876571655,0.47055378556251526,0.04665060713887215,318.0,339.0,343.0,1000
387,8,0.1840502917766571,0.18995293974876404,0.013515683822333813,0.12996246480941773,0.9192200303077698,0.9361022114753723,1.0,0.9510000042915344,0.17917681908607483,0.4830138087272644,0.4705159068107605,0.04644634947180748,359.0,313.0,328.0,1000
388,8,0.23790191113948822,0.24188637733459473,0.012066829018294811,0.1649011025428772,0.8695652484893799,0.8834354877471924,1.0,0.917000002861023,0.23147296702861786,0.4829331040382385,0.4708740711212158,0.046194106340408325,345.0,326.0,329.0,1000
389,8,0.20613189041614532,0.23609191179275513,0.013038555160164833,0.14656172943115237,0.891640841960907,0.890282154083252,1.0,0.9300000052452089,0.209405566573143,0.48288729786872864,0.47115209698677063,0.04594235494732857,323.0,319.0,358.0,1000
390,8,0.23405712842941284,0.22770458459854126,0.011653725989162922,0.15765901219844816,0.8708708882331848,0.9039039015769958,1.0,0.9250000038146973,0.2196143045425415,0.48338085412979126,0.4709368646144867,0.04564769193530083,333.0,333.0,334.0,1000
391,8,0.19715344905853271,0.24675127863883972,0.011703609488904476,0.15541456544399262,0.8982557654380798,0.89705890417099,1.0,0.9300000066757201,0.21212938761711123,0.48289069533348083,0.4716741144657135,0.04546668380498886,344.0,340.0,316.0,1000
392,8,0.2635389268398285,0.24036365747451782,0.011852636933326721,0.1710399149060249,0.8576158881187439,0.9093407392501831,1.0,0.92400000333786,0.24107014179229738,0.4828251600265503,0.4719071388244629,0.04526878520846367,302.0,364.0,334.0,1000
393,8,0.20330587029457092,0.22878965735435486,0.01168933603912592,0.14914659011363982,0.9080460071563721,0.9171779751777649,1.0,0.9410000019073486,0.20783624827861785,0.48350095748901367,0.4714222550392151,0.04506288468837738,348.0,326.0,326.0,1000
394,8,0.22665975987911224,0.21542668342590332,0.012413110584020615,0.1495777646303177,0.8873239755630493,0.9102990031242371,1.0,0.933000005722046,0.21290651297569274,0.48372912406921387,0.4714600145816803,0.04480448365211487,355.0,301.0,344.0,1000
395,8,0.20267538726329803,0.22061687707901,0.012465309351682663,0.1409709860086441,0.8932039737701416,0.9104477167129517,1.0,0.9370000042915345,0.20374502396583555,0.48474758863449097,0.4705899953842163,0.04466870799660683,309.0,335.0,356.0,1000
396,8,0.2242075800895691,0.2685096561908722,0.012935714796185493,0.1685964154005051,0.8911765217781067,0.8841462135314941,1.0,0.9250000019073485,0.23470233583450315,0.48385369777679443,0.47169941663742065,0.0444275438785553,340.0,328.0,332.0,1000
397,8,0.22343654930591583,0.26498502492904663,0.011878532357513905,0.17146622610092166,0.8964496850967407,0.8821839690208435,1.0,0.9240000057220459,0.2343417983055115,0.4829573333263397,0.47282135486602783,0.044209107756614685,338.0,348.0,314.0,1000
398,8,0.21103091537952423,0.264205664396286,0.011562058702111244,0.16617104232311247,0.9054878354072571,0.8810198903083801,1.0,0.9270000052452088,0.23073075485229494,0.482034832239151,0.4739012122154236,0.044009532779455185,328.0,353.0,319.0,1000
399,8,0.20379389822483063,0.2370753139257431,0.012984774075448513,0.15066712963581086,0.9185667634010315,0.9008499383926392,1.0,0.9400000052452087,0.21195405387878422,0.4814673066139221,0.474882036447525,0.043624334037303925,307.0,353.0,340.0,1000
