epoch,batch,loss_group:0,loss_group:1,loss_avg,acc_group:0,acc_group:1,acc_avg,objective,weight_group:0,weight_group:1,count_group:0,count_group:1,count
0,50,0.45939287543296814,0.4722013473510742,0.4658852341771124,0.7934092879295349,0.7644882202148438,0.77875,0.4610961839556693,0.49682530760765076,0.5031704902648926,789.0,811.0,1600
0,100,0.16706086695194244,0.1474030613899231,0.1571459555625915,0.9508196711540222,0.9578686356544495,0.9543750000000003,0.156133793592453,0.49842607975006104,0.5016198754310608,793.0,807.0,1600
0,150,0.12018828839063644,0.09562509506940842,0.10827515266835688,0.9648058414459229,0.978092610836029,0.9712500000000001,0.10899777062237258,0.5014612674713135,0.49848589301109314,824.0,776.0,1600
0,200,0.06672202795743942,0.06574232131242752,0.06622971490025518,0.977387011051178,0.9875622391700745,0.9824999999999998,0.06481282941997048,0.503335177898407,0.4966634511947632,796.0,804.0,1600
0,250,0.059472717344760895,0.04424804821610451,0.05159395292401315,0.9792745113372803,0.9915459156036377,0.9856249999999999,0.05315905336290596,0.5042207837104797,0.4957442283630371,772.0,828.0,1600
0,300,0.05053311958909035,0.04154444858431816,0.04608372379094363,0.9801979064941406,0.9911616444587708,0.9856250000000001,0.04542010115459562,0.5057935118675232,0.4942055642604828,808.0,792.0,1600
0,350,0.037799425423145294,0.03040517121553421,0.03422245322726667,0.9903147220611572,0.9935400485992432,0.991875,0.03428916312754155,0.5069238543510437,0.49306532740592957,826.0,774.0,1600
0,400,0.0415787547826767,0.029350945726037025,0.03515914442017675,0.9907895922660828,0.9940476417541504,0.9925,0.03467472666874526,0.5085991024971008,0.491403192281723,760.0,840.0,1600
0,450,0.042090341448783875,0.02989780716598034,0.035849281083792435,0.9871960878372192,0.9975579977035522,0.9925,0.03599378429353236,0.5099744200706482,0.49002084136009216,781.0,819.0,1600
0,500,0.02920154668390751,0.023897875100374222,0.026490049352869388,0.9923273324966431,1.0,0.9962500000000001,0.02613121240399778,0.5108059644699097,0.48919135332107544,782.0,818.0,1600
0,550,0.03457562252879143,0.022187717258930206,0.028234560331329702,0.9935979843139648,1.0,0.9968750000000001,0.028639914197847244,0.5115067362785339,0.4884635806083679,781.0,819.0,1600
0,600,0.021684708073735237,0.019773710519075394,0.02071965346112847,0.9974747896194458,1.0,0.99875,0.020607850365340706,0.5124732851982117,0.48752933740615845,792.0,808.0,1600
0,650,0.02985898219048977,0.027819599956274033,0.028860959447920317,0.9951039552688599,1.0,0.9975000000000002,0.02929434327408671,0.5128306150436401,0.48716825246810913,817.0,783.0,1600
0,700,0.03109331801533699,0.021950839087367058,0.026459220210090277,0.9923954010009766,0.9987670183181763,0.995625,0.027282400652766214,0.5134512782096863,0.48656174540519714,789.0,811.0,1600
0,750,0.033346742391586304,0.028199898079037666,0.03061569614335895,0.992010772228241,0.9976443648338318,0.995,0.03221201710402964,0.5139206051826477,0.4860471785068512,751.0,849.0,1600
0,800,0.02417638897895813,0.02608061581850052,0.02514873649924993,0.9936141967773438,0.9963279366493225,0.995,0.02512656340375543,0.5142418146133423,0.4857594668865204,783.0,817.0,1600
0,850,0.03227890282869339,0.02092907764017582,0.02653305150568485,0.9911391735076904,1.0,0.995625,0.02625755554065107,0.5146666169166565,0.48537543416023254,790.0,810.0,1600
0,900,0.02905482053756714,0.021667080000042915,0.025480999816209073,0.9951573610305786,0.9987080097198486,0.9968750000000002,0.02437824890017509,0.5155986547470093,0.4844018220901489,826.0,774.0,1600
0,950,0.022471364587545395,0.019240854308009148,0.020807651197537778,0.9974228143692017,1.0,0.9987499999999998,0.021773187918588517,0.5161391496658325,0.4838448464870453,776.0,824.0,1600
0,1000,0.025061439722776413,0.024410104379057884,0.024744729250669478,0.9963504076004028,1.0,0.9981249999999999,0.02467915061861276,0.5164985060691833,0.4835018217563629,822.0,778.0,1600
0,1050,0.021834155544638634,0.024106062948703766,0.022985727172344924,0.9949301481246948,0.9987669587135315,0.9968749999999997,0.022752570956945408,0.5165694355964661,0.4834383726119995,789.0,811.0,1600
0,1100,0.03300836309790611,0.027569903060793877,0.030193959902971988,0.9909327030181885,0.9963769316673279,0.9937499999999998,0.030664561223238705,0.51705402135849,0.4829277992248535,772.0,828.0,1600
0,1150,0.028636671602725983,0.02613070420920849,0.02733826557174325,0.9961090683937073,0.9975873827934265,0.996875,0.02717739835381507,0.5172139406204224,0.4827819764614105,771.0,829.0,1600
0,1200,0.030253145843744278,0.025937717407941818,0.028119707442820073,0.9925835132598877,0.998735785484314,0.9956249999999998,0.027885372657328836,0.517469584941864,0.4825374484062195,809.0,791.0,1600
0,1250,0.030216414481401443,0.02911837212741375,0.02968386834487319,0.9951457381248474,0.9961340427398682,0.995625,0.029551318679004908,0.5177122950553894,0.48228996992111206,824.0,776.0,1600
0,1300,0.02614735998213291,0.024585198611021042,0.025372139252722258,0.99751877784729,1.0,0.9987499999999997,0.025307165402919062,0.5179538130760193,0.4820467233657837,806.0,794.0,1600
0,1350,0.041664548218250275,0.03455043211579323,0.03791629239916799,0.9920740127563477,0.9988137483596802,0.995625,0.038212094269692874,0.5186528563499451,0.4813191890716553,757.0,843.0,1600
0,1400,0.03764575719833374,0.032512255012989044,0.03496670449152587,0.9934640526771545,0.9988023638725281,0.9962500000000002,0.03467114515602587,0.5190837979316711,0.4809052348136902,765.0,835.0,1600
0,1450,0.034128718078136444,0.037100255489349365,0.035608914047479616,0.9937735795974731,0.998745322227478,0.9962499999999997,0.03554158866405488,0.5198078751564026,0.48019272089004517,803.0,797.0,1600
0,1500,0.04959799721837044,0.041533470153808594,0.045727024860680095,0.989182710647583,0.9947916269302368,0.991875,0.046638704203069224,0.5198542475700378,0.4801362454891205,832.0,768.0,1600
0,1550,0.038909077644348145,0.03214734047651291,0.03551553633064031,0.9949812293052673,0.998754620552063,0.996875,0.036647573821246615,0.5206457376480103,0.4793582856655121,797.0,803.0,1600
0,1563,0.041138872504234314,0.038108330219984055,0.0396577814888013,0.9950979948043823,0.9948717355728149,0.9949874686716791,0.03921531858319477,0.5208542346954346,0.4791516661643982,204.0,195.0,399
1,50,0.026735056191682816,0.028670957311987877,0.027725993916392327,1.0,0.9987789988517761,0.999375,0.027556396462023257,0.5210431218147278,0.4789397120475769,781.0,819.0,1600
1,100,0.0425824373960495,0.03788089379668236,0.04022872705012561,0.9937421083450317,0.9975031018257141,0.9956249999999999,0.041534996926784494,0.5213392972946167,0.47865256667137146,799.0,801.0,1600
1,150,0.034265149384737015,0.0375029481947422,0.03587797880172727,0.9962639808654785,0.9962359070777893,0.99625,0.036149971634149555,0.5212786197662354,0.47870850563049316,803.0,797.0,1600
1,200,0.044786401093006134,0.039464522153139114,0.04215539466589689,0.9913474321365356,0.998735785484314,0.9949999999999999,0.04247613858431578,0.5213834047317505,0.47862473130226135,809.0,791.0,1600
1,250,0.0456390306353569,0.040343109518289566,0.042938109152019024,0.9936224818229675,1.0,0.9968749999999997,0.04359949879348278,0.5220996737480164,0.4779009521007538,784.0,816.0,1600
1,300,0.03923607990145683,0.04302341863512993,0.04115815289318561,0.9961929321289062,0.9987685084342957,0.9974999999999999,0.04060331027954817,0.5222150683403015,0.47777053713798523,788.0,812.0,1600
1,350,0.04354303702712059,0.04301818832755089,0.043274375386536126,0.9974393248558044,1.0,0.9987499999999999,0.04362001735717059,0.521787703037262,0.4782138466835022,781.0,819.0,1600
1,400,0.04916081577539444,0.04645562171936035,0.04781836576759813,0.9937965273857117,0.9987404942512512,0.9962499999999996,0.04760239351540803,0.521979033946991,0.4780198931694031,806.0,794.0,1600
1,450,0.06388014554977417,0.05746946856379509,0.060754929259419416,0.9865854382514954,0.9948719143867493,0.9906250000000001,0.05974983491003514,0.5220966935157776,0.47791603207588196,820.0,780.0,1600
1,500,0.04870428144931793,0.05068190023303032,0.04973140046000479,0.9973991513252258,1.0,0.99875,0.04949955098330974,0.5221726894378662,0.4778222441673279,769.0,831.0,1600
1,550,0.06353703886270523,0.06561089307069778,0.06457526363432405,0.987484335899353,0.9962547421455383,0.991875,0.06393271990120408,0.5218976736068726,0.47808897495269775,799.0,801.0,1600
1,600,0.06482581794261932,0.06620504707098007,0.06550938837230205,0.9888477325439453,0.9924338459968567,0.9906249999999999,0.06569106332957746,0.5224354267120361,0.47757506370544434,807.0,793.0,1600
1,650,0.07031825184822083,0.06871649622917175,0.06950635425746439,0.9873255491256714,0.990135669708252,0.9887499999999999,0.0697560839354992,0.5219225287437439,0.4780556857585907,789.0,811.0,1600
1,700,0.07685494422912598,0.0668468326330185,0.07183839641511441,0.9912281036376953,1.0,0.9956249999999996,0.07110246568918223,0.5221779942512512,0.4778532385826111,798.0,802.0,1600
1,750,0.06839713454246521,0.05935253947973251,0.06385222278535364,0.9924622774124146,1.0,0.9962499999999999,0.06407197333872316,0.522983968257904,0.47701922059059143,796.0,804.0,1600
1,800,0.06836534291505814,0.07065354287624359,0.06955091275274752,0.99481201171875,0.9963812232017517,0.995625,0.06948092050850387,0.523112952709198,0.4768844246864319,771.0,829.0,1600
1,850,0.0766778439283371,0.06860695779323578,0.07283913917839524,0.9904647469520569,0.9973719120025635,0.9937500000000001,0.07242713384330268,0.5234099626541138,0.47657299041748047,839.0,761.0,1600
1,900,0.08359476178884506,0.08387888222932816,0.08374019742012023,0.9884764552116394,0.9963371753692627,0.9924999999999999,0.08298215508460997,0.5240844488143921,0.47590214014053345,781.0,819.0,1600
1,950,0.07776372879743576,0.07557280361652374,0.0766504746675491,0.9949175715446472,0.9975398778915405,0.9962500000000001,0.0763950964063406,0.524316668510437,0.47568124532699585,787.0,813.0,1600
1,1000,0.06926864385604858,0.08076784014701843,0.07506137572228909,0.9962215423583984,1.0,0.9981249999999999,0.07502584971487522,0.5236656665802002,0.47632279992103577,794.0,806.0,1600
1,1050,0.0986051857471466,0.09448237717151642,0.09652059167623518,0.9860935211181641,0.9901112914085388,0.988125,0.09650206148624417,0.5231282711029053,0.47689390182495117,791.0,809.0,1600
1,1100,0.08414305001497269,0.0849335640668869,0.0845249584317207,0.9939541816711426,0.99611896276474,0.995,0.08466643974184988,0.5230744481086731,0.4769130051136017,827.0,773.0,1600
1,1150,0.10248015075922012,0.0967244952917099,0.09970305666327477,0.979468584060669,0.9935232996940613,0.98625,0.10016338944435123,0.523367702960968,0.4766305088996887,828.0,772.0,1600
1,1200,0.11442695558071136,0.10973736643791199,0.11205576241016386,0.9759798049926758,0.9901111125946045,0.9831249999999996,0.11324626788496972,0.5244043469429016,0.47556576132774353,791.0,809.0,1600
1,1250,0.10325632244348526,0.10448923707008362,0.10386892721056931,0.9875776767730713,0.9911948442459106,0.9893749999999999,0.10386585026979446,0.5241925716400146,0.4758014380931854,805.0,795.0,1600
1,1300,0.10367800295352936,0.10279350727796555,0.10323907688260076,0.9913150668144226,0.9962218403816223,0.99375,0.1043638078868389,0.524236798286438,0.4757518470287323,806.0,794.0,1600
1,1350,0.09802570194005966,0.09799832105636597,0.09801235035061832,0.9938951134681702,0.9974393248558044,0.9956250000000001,0.09773120269179346,0.5245530605316162,0.47543030977249146,819.0,781.0,1600
1,1400,0.11294519901275635,0.10678460448980331,0.1099188069999218,0.9828009009361267,0.9923664331436157,0.9875,0.1099893635511398,0.5246413946151733,0.4753555953502655,814.0,786.0,1600
1,1450,0.10936599224805832,0.10755963623523712,0.10847411051392553,0.992592453956604,0.9949367046356201,0.9937499999999999,0.1094337373971939,0.5249106884002686,0.4750797152519226,810.0,790.0,1600
1,1500,0.1085769310593605,0.10310511291027069,0.10593675211071964,0.9927536249160767,1.0,0.9962499999999999,0.10582818657159809,0.5256975293159485,0.4743029475212097,828.0,772.0,1600
1,1550,0.11014249920845032,0.11686696857213974,0.11349211990833281,0.9900373220443726,0.9949811100959778,0.9924999999999997,0.1134873616695404,0.5253018736839294,0.4747089743614197,803.0,797.0,1600
1,1563,0.12093016505241394,0.14585727453231812,0.13411217763609154,0.9840425252914429,0.9810426235198975,0.9824561403508771,0.13242586072823753,0.5245742201805115,0.475398451089859,188.0,211.0,399
2,50,0.1437208205461502,0.12977968156337738,0.13652370348572726,0.9793282151222229,0.9891042709350586,0.9843749999999999,0.1365767587721347,0.5252423286437988,0.4747861921787262,774.0,826.0,1600
2,100,0.1255483329296112,0.11428923904895782,0.11992582067847254,0.985018789768219,0.9962453246116638,0.9906249999999998,0.11988589644432064,0.5269073843955994,0.4730638861656189,801.0,799.0,1600
2,150,0.1459369659423828,0.13984929025173187,0.14291975036263466,0.9764561653137207,0.9861285090446472,0.9812499999999998,0.14384753152728075,0.5270571112632751,0.47292497754096985,807.0,793.0,1600
2,200,0.12899166345596313,0.1265508234500885,0.12777887091040613,0.9875776171684265,0.9949684739112854,0.9912500000000002,0.1276815246045589,0.5275851488113403,0.47241759300231934,805.0,795.0,1600
2,250,0.129700168967247,0.13206280767917633,0.13084457367658614,0.9830302000045776,0.9858065247535706,0.9843750000000003,0.13084780603647225,0.5282094478607178,0.4718031585216522,825.0,775.0,1600
2,300,0.11992710083723068,0.12245431542396545,0.12122387081384661,0.9897305369377136,0.9963458776473999,0.9931250000000001,0.12100789383053777,0.5278403759002686,0.4721681773662567,779.0,821.0,1600
2,350,0.13332822918891907,0.12928764522075653,0.13131806328892703,0.9838308691978455,0.9924624562263489,0.988125,0.12973646953701973,0.5276846289634705,0.4723219871520996,804.0,796.0,1600
2,400,0.12171397358179092,0.1250721514225006,0.12344552531838415,0.9896775484085083,0.996363639831543,0.9931249999999999,0.12283788427710533,0.5276886224746704,0.47231829166412354,775.0,825.0,1600
2,450,0.12904766201972961,0.1255471110343933,0.1272908018529415,0.9899623394012451,0.99128258228302,0.9906249999999996,0.1275707134604454,0.5278682708740234,0.47212278842926025,797.0,803.0,1600
2,500,0.14079372584819794,0.13595545291900635,0.1384138670563697,0.9803199172019958,0.9911054968833923,0.9856249999999999,0.13868288695812225,0.5288733839988708,0.4711330533027649,813.0,787.0,1600
2,550,0.14322121441364288,0.1414928436279297,0.14237214550375937,0.9778866767883301,0.9898219704627991,0.9837500000000001,0.14334126368165004,0.5291846990585327,0.4708290100097656,814.0,786.0,1600
2,600,0.14080597460269928,0.1311166137456894,0.13585832312703125,0.982120156288147,0.9914321899414062,0.986875,0.13642663538455962,0.5301174521446228,0.46988651156425476,783.0,817.0,1600
2,650,0.12542486190795898,0.12100527435541153,0.1232122939825058,0.9912388920783997,0.9987515211105347,0.9949999999999998,0.12269347980618477,0.5304205417633057,0.4695820212364197,799.0,801.0,1600
2,700,0.13432638347148895,0.13373926281929016,0.13404821410775183,0.9857481122016907,0.9854879975318909,0.985625,0.13385841324925432,0.5302669405937195,0.46975401043891907,842.0,758.0,1600
2,750,0.1521674543619156,0.12985199689865112,0.14095389708876604,0.9723619222640991,0.9937809109687805,0.9831249999999999,0.14276294723153107,0.5319558382034302,0.46799880266189575,796.0,804.0,1600
2,800,0.12954109907150269,0.13173609972000122,0.13065640836954112,0.9923760294914246,0.9963098764419556,0.9943749999999998,0.13075993180274956,0.5331288576126099,0.46686503291130066,787.0,813.0,1600
2,850,0.1333920955657959,0.12540863454341888,0.12931056424975398,0.9872121214866638,0.998777449131012,0.9931249999999996,0.12973348885774613,0.5337370038032532,0.4662798345088959,782.0,818.0,1600
2,900,0.13764142990112305,0.14092500507831573,0.13934888422489158,0.983072817325592,0.9855769276618958,0.9843749999999997,0.13954097956418982,0.5339422225952148,0.46605992317199707,768.0,832.0,1600
2,950,0.1406077891588211,0.145376518368721,0.14301303252577777,0.9798235297203064,0.9863691926002502,0.9831250000000001,0.14303867071866988,0.5333619117736816,0.46661871671676636,793.0,807.0,1600
2,1000,0.13422827422618866,0.12551948428153992,0.12973778828978536,0.9883870482444763,0.9975757598876953,0.9931249999999997,0.1313654170930385,0.5336884260177612,0.4663124680519104,775.0,825.0,1600
2,1050,0.1445801854133606,0.14117103815078735,0.1428649398684501,0.9798743724822998,0.9863353371620178,0.9831249999999999,0.1425601431727409,0.5346269011497498,0.46538615226745605,795.0,805.0,1600
2,1100,0.1267537921667099,0.12968799471855164,0.12824106380343436,0.9885931611061096,0.993834912776947,0.99125,0.12834020480513564,0.5349395275115967,0.4650394320487976,789.0,811.0,1600
2,1150,0.1364888846874237,0.1335805505514145,0.13497290074825288,0.9882506728172302,0.9940046072006226,0.99125,0.13667524710297585,0.534321129322052,0.4656694531440735,766.0,834.0,1600
2,1200,0.13907837867736816,0.1331114023923874,0.1362329056859016,0.9808842539787292,0.9908256530761719,0.9856250000000003,0.13602977409958836,0.5357887744903564,0.46426162123680115,837.0,763.0,1600
2,1250,0.14359204471111298,0.13294799625873566,0.1382567092776299,0.981203019618988,0.9950123429298401,0.9881249999999999,0.13812735542654989,0.5364929437637329,0.46355167031288147,798.0,802.0,1600
2,1300,0.13390891253948212,0.1342664211988449,0.13408899679780018,0.984886646270752,0.9950371384620667,0.9900000000000001,0.13342485502362253,0.53752201795578,0.4625033438205719,794.0,806.0,1600
2,1350,0.1304118037223816,0.12701937556266785,0.12874524205923082,0.9877150654792786,0.9961832165718079,0.9918749999999997,0.1282377691566944,0.5379936695098877,0.4620125889778137,814.0,786.0,1600
2,1400,0.13305754959583282,0.13027837872505188,0.1316471369564533,0.9873096346855164,0.9963053464889526,0.9918749999999997,0.1321715267002582,0.5375384092330933,0.46245279908180237,788.0,812.0,1600
2,1450,0.1418338119983673,0.1361694484949112,0.13904766663908957,0.9840098023414612,0.9872936010360718,0.9856250000000001,0.14022135466337207,0.5383962988853455,0.46159788966178894,813.0,787.0,1600
2,1500,0.1406395435333252,0.13888733088970184,0.13980722814798358,0.9833333492279053,0.9907897114753723,0.9868749999999998,0.13884232416748993,0.5387681126594543,0.4612373113632202,840.0,760.0,1600
2,1550,0.12579047679901123,0.1251341849565506,0.12544837757945063,0.994778037071228,0.9964028000831604,0.9956250000000001,0.1257077325880527,0.5390358567237854,0.4609561860561371,766.0,834.0,1600
2,1563,0.14709435403347015,0.14576052129268646,0.14644249937588108,0.9803920388221741,0.9846152663230896,0.9824561403508771,0.14965590771128956,0.5391553640365601,0.4608156383037567,204.0,195.0,399
3,50,0.14265206456184387,0.1403263360261917,0.14142810598015781,0.9802109599113464,0.9881235361099243,0.9843749999999999,0.14231710910797116,0.5390040278434753,0.46098586916923523,758.0,842.0,1600
3,100,0.13252763450145721,0.128626748919487,0.13052602484822276,0.9897303581237793,0.9914737939834595,0.9906249999999998,0.1309844750165939,0.5394381880760193,0.46057188510894775,779.0,821.0,1600
3,150,0.13259713351726532,0.13336101174354553,0.13297475591301913,0.9876390695571899,0.9898861646652222,0.9887499999999998,0.13245361804962147,0.5397714376449585,0.46023181080818176,809.0,791.0,1600
3,200,0.1275961846113205,0.12558314204216003,0.12656072929501533,0.9871299266815186,0.9939244985580444,0.9906249999999998,0.1265046656131744,0.539341390132904,0.4606509208679199,777.0,823.0,1600
3,250,0.14616018533706665,0.13678164780139923,0.14172883406281475,0.9834123849868774,0.9894180297851562,0.9862500000000001,0.1409393326938152,0.5397753119468689,0.4602154791355133,844.0,756.0,1600
3,300,0.15105493366718292,0.1575067937374115,0.15446635141968723,0.9734747409820557,0.978723406791687,0.97625,0.15441158756613726,0.5403027534484863,0.45968517661094666,754.0,846.0,1600
3,350,0.14496499300003052,0.13649483025074005,0.1406875498592854,0.979797899723053,0.9863861799240112,0.983125,0.14003543540835378,0.5400447845458984,0.4599667489528656,792.0,808.0,1600
3,400,0.1494552344083786,0.15070053935050964,0.1501067028939724,0.9803406596183777,0.9868578910827637,0.9837500000000001,0.14972255721688266,0.5403504371643066,0.45964306592941284,763.0,837.0,1600
3,450,0.14932838082313538,0.1395639032125473,0.14449498131871222,0.9764851927757263,0.9873737096786499,0.9818750000000003,0.14420336991548538,0.5412679314613342,0.45876267552375793,808.0,792.0,1600
3,500,0.12827129662036896,0.12310083210468292,0.1256569916009903,0.9898863434791565,0.9987638592720032,0.9943750000000001,0.12616446286439892,0.5417408347129822,0.4582749605178833,791.0,809.0,1600
3,550,0.13825131952762604,0.12943251430988312,0.1338254295289516,0.9874529838562012,0.992527961730957,0.9899999999999998,0.1356347469985485,0.5433152914047241,0.45668068528175354,797.0,803.0,1600
3,600,0.1549372375011444,0.15629655122756958,0.1556271047890187,0.9708120226860046,0.9815269708633423,0.9762499999999997,0.15563832387328147,0.5430294275283813,0.45693838596343994,788.0,812.0,1600
3,650,0.15218770503997803,0.1484074890613556,0.15030941665172573,0.9739129543304443,0.9823898077011108,0.9781250000000005,0.1492771537601947,0.5438171625137329,0.4561966061592102,805.0,795.0,1600
3,700,0.13976657390594482,0.12962663173675537,0.13446211040019987,0.9842724800109863,0.9928316473960876,0.9887499999999999,0.13488206863403318,0.5448405742645264,0.4551542103290558,763.0,837.0,1600
3,750,0.13560201227664948,0.1370048075914383,0.13631304830312715,0.9873258471488953,0.9913687705993652,0.9893750000000001,0.13562843367457383,0.5447967052459717,0.4552018344402313,789.0,811.0,1600
3,800,0.12672309577465057,0.12183330208063126,0.12431792214512823,0.9926199913024902,0.9974587559700012,0.9950000000000002,0.12437198281288142,0.5448753833770752,0.4551233947277069,813.0,787.0,1600
3,850,0.13774466514587402,0.13848821818828583,0.13811316072940824,0.9838908910751343,0.989911675453186,0.9868750000000001,0.13777475818991664,0.5458714962005615,0.45413193106651306,807.0,793.0,1600
3,900,0.13390062749385834,0.13746219873428345,0.13575040504336358,0.9830949306488037,0.9879663586616516,0.9856250000000001,0.13457333102822303,0.5457561016082764,0.4542555510997772,769.0,831.0,1600
3,950,0.13934844732284546,0.14023028314113617,0.13980150341987618,0.9820050597190857,0.9927008748054504,0.9875,0.13957966148853299,0.5455335378646851,0.45445090532302856,778.0,822.0,1600
3,1000,0.13686498999595642,0.13105258345603943,0.13393700614571577,0.9811083674430847,0.9975184798240662,0.9893749999999998,0.1345320922136307,0.5462473034858704,0.4537384808063507,794.0,806.0,1600
3,1050,0.1426517516374588,0.14341235160827637,0.1430273082852364,0.9814814925193787,0.9835443496704102,0.9825000000000002,0.14254588782787322,0.5463515520095825,0.4536517560482025,810.0,790.0,1600
3,1100,0.14626246690750122,0.13790179789066315,0.14214485138654703,0.9741378426551819,0.9911168217658997,0.9825,0.1430844666063785,0.5467783212661743,0.4531829357147217,812.0,788.0,1600
3,1150,0.14056728780269623,0.1524624526500702,0.14623978987336153,0.9832736253738403,0.9816514253616333,0.9824999999999998,0.146846579015255,0.5461431741714478,0.45386576652526855,837.0,763.0,1600
3,1200,0.15315330028533936,0.1520618200302124,0.15260825634002684,0.9675405025482178,0.9774718284606934,0.9724999999999997,0.15114688545465477,0.5458320379257202,0.45417866110801697,801.0,799.0,1600
3,1250,0.1334129273891449,0.13911770284175873,0.1362581722438335,0.9862842559814453,0.9924812912940979,0.989375,0.1357222138345241,0.5458707213401794,0.45411980152130127,802.0,798.0,1600
3,1300,0.13896194100379944,0.1315186768770218,0.1351798389852047,0.980940043926239,0.9926198124885559,0.986875,0.13473908856511113,0.5454903841018677,0.45449894666671753,787.0,813.0,1600
3,1350,0.13110993802547455,0.14002077281475067,0.13574361681938166,0.9830729961395264,0.9867789149284363,0.985,0.13600874572992333,0.5448089838027954,0.45518216490745544,768.0,832.0,1600
3,1400,0.1452685445547104,0.14960074424743652,0.14748608693480492,0.9807940125465393,0.9841271638870239,0.9824999999999998,0.14645611464977262,0.5446486473083496,0.45539161562919617,781.0,819.0,1600
3,1450,0.14260058104991913,0.13378886878490448,0.13816166624426843,0.9785893559455872,0.9900743365287781,0.9843749999999997,0.13996093034744259,0.5450605750083923,0.4548957645893097,794.0,806.0,1600
3,1500,0.1364879012107849,0.1308915764093399,0.1336897279322147,0.9825000762939453,0.9925001859664917,0.9874999999999999,0.13396800279617319,0.5453717112541199,0.4546393156051636,800.0,800.0,1600
3,1550,0.1370306760072708,0.13201405107975006,0.1345505782961845,0.9802224636077881,0.9962074160575867,0.988125,0.13494395181536664,0.545702338218689,0.4542822539806366,809.0,791.0,1600
3,1563,0.1398066133260727,0.17001640796661377,0.15510079806161697,0.989847719669342,0.9702969789505005,0.9799498746867168,0.15361895851025303,0.545997142791748,0.45400866866111755,197.0,202.0,399
4,50,0.16363610327243805,0.1382722109556198,0.1507639037072659,0.9657359719276428,0.9864533543586731,0.9762500000000002,0.15171638548374178,0.5475308895111084,0.45247915387153625,788.0,812.0,1600
4,100,0.1318005621433258,0.12837934494018555,0.1300835207104683,0.9824342131614685,0.9962639212608337,0.989375,0.12920837447047226,0.5481632947921753,0.45183834433555603,797.0,803.0,1600
4,150,0.13331559300422668,0.1272295117378235,0.13033719912171357,0.9828640818595886,0.9948915243148804,0.9887499999999998,0.13071271821856503,0.5489731431007385,0.45099738240242004,817.0,783.0,1600
4,200,0.133247971534729,0.12919026613235474,0.13114556163549418,0.9870296716690063,0.9939686059951782,0.9906249999999999,0.13091219857335096,0.5491544008255005,0.45085445046424866,771.0,829.0,1600
4,250,0.13231579959392548,0.12671028077602386,0.12950253516435628,0.9861982464790344,0.9962639808654785,0.99125,0.13063018783926958,0.5497473478317261,0.45025530457496643,797.0,803.0,1600
4,300,0.13000328838825226,0.12499964982271194,0.12742326676845553,0.9845159649848938,0.9915152192115784,0.988125,0.1260135798156262,0.5504231452941895,0.4495827555656433,775.0,825.0,1600
4,350,0.12806570529937744,0.12689253687858582,0.1274615280330181,0.9871134757995605,0.9915047287940979,0.989375,0.12856441512703895,0.5503225922584534,0.4496685862541199,776.0,824.0,1600
4,400,0.14509838819503784,0.14107146859169006,0.14310502365231514,0.9764850735664368,0.9835858345031738,0.9800000000000002,0.14364959821104997,0.5503748059272766,0.4496127665042877,808.0,792.0,1600
4,450,0.14310866594314575,0.14519309997558594,0.1441808640956878,0.9794079065322876,0.9817739725112915,0.980625,0.144222165197134,0.5507479906082153,0.449283629655838,777.0,823.0,1600
4,500,0.1490274965763092,0.1390041708946228,0.14369634792208666,0.9759679436683655,0.9905993342399597,0.9837499999999999,0.14677136063575744,0.5513153076171875,0.448636531829834,749.0,851.0,1600
4,550,0.14002853631973267,0.1437399983406067,0.14190976083278653,0.9784536957740784,0.9876694679260254,0.983125,0.1414060948789119,0.5516906380653381,0.44832468032836914,789.0,811.0,1600
4,600,0.13002201914787292,0.1302119940519333,0.1301146233081818,0.9829268455505371,0.9897435307502747,0.9862500000000002,0.13231853649020187,0.5520601868629456,0.4479432702064514,820.0,780.0,1600
4,650,0.12253877520561218,0.1229076012969017,0.1227264042198658,0.991094172000885,0.9963144063949585,0.9937499999999997,0.12327144354581829,0.5518983602523804,0.44810089468955994,786.0,814.0,1600
4,700,0.13267232477664948,0.13892479240894318,0.13588063061237335,0.980744481086731,0.9890377521514893,0.985,0.1344428388774395,0.551658570766449,0.44833996891975403,779.0,821.0,1600
4,750,0.1257161945104599,0.1217428520321846,0.12357558846473696,0.9850947260856628,0.9953596591949463,0.9906249999999998,0.12419714868068693,0.5514033436775208,0.44861364364624023,738.0,862.0,1600
4,800,0.14419473707675934,0.1368105262517929,0.14049340322613713,0.9761905670166016,0.9887780547142029,0.9824999999999996,0.14313007220625878,0.5522426962852478,0.4477510154247284,798.0,802.0,1600
4,850,0.13438980281352997,0.1345650553703308,0.13447908252477644,0.9821655750274658,0.9889570474624634,0.985625,0.1342416249215603,0.5522632002830505,0.4477289319038391,785.0,815.0,1600
4,900,0.14529383182525635,0.14554710686206818,0.14541840314865112,0.9704797863960266,0.9822108745574951,0.9762500000000002,0.14451911374926574,0.552173912525177,0.447815865278244,813.0,787.0,1600
4,950,0.12706337869167328,0.12713226675987244,0.12709709838032718,0.987760066986084,0.9974458813667297,0.9924999999999999,0.12683297619223596,0.5526331663131714,0.4473571479320526,817.0,783.0,1600
4,1000,0.12622515857219696,0.13655924797058105,0.1311726042628288,0.986810564994812,0.9869450926780701,0.9868750000000001,0.13039221763610837,0.551796555519104,0.4482191503047943,834.0,766.0,1600
4,1050,0.12542226910591125,0.1236962154507637,0.12459807693958282,0.9904307126998901,0.990837574005127,0.990625,0.12361065149307243,0.5518543124198914,0.4480738639831543,836.0,764.0,1600
4,1100,0.14064621925354004,0.13882018625736237,0.13975262314081194,0.9767442345619202,0.982120156288147,0.9793750000000001,0.14104709789156913,0.5515568852424622,0.44847571849823,817.0,783.0,1600
4,1150,0.1325317770242691,0.12870991230010986,0.13057785347104067,0.980818510055542,0.9902200698852539,0.9856250000000001,0.13026059448719024,0.5521717071533203,0.447837233543396,782.0,818.0,1600
4,1200,0.15064682066440582,0.14218862354755402,0.1462749753892422,0.9663648009300232,0.9854896664619446,0.9762499999999996,0.14598060965538023,0.5533996820449829,0.446603924036026,773.0,827.0,1600
4,1250,0.15259823203086853,0.13223938643932343,0.14221522688865662,0.973214328289032,0.9914215803146362,0.9825,0.14287260100245472,0.5541935563087463,0.4457995891571045,784.0,816.0,1600
4,1300,0.14388512074947357,0.14541475474834442,0.14465285003185266,0.9786700010299683,0.9813199043273926,0.9800000000000003,0.14525718703866006,0.555143415927887,0.44485124945640564,797.0,803.0,1600
4,1350,0.1275521069765091,0.12852708995342255,0.12802558586001397,0.9829890131950378,0.9909910559654236,0.9868750000000001,0.1285353530943394,0.5553215146064758,0.4446467161178589,823.0,777.0,1600
4,1400,0.13054394721984863,0.13681979477405548,0.13376817300915717,0.9858611822128296,0.9866180419921875,0.9862500000000001,0.13335570514202116,0.5546104907989502,0.44540929794311523,778.0,822.0,1600
4,1450,0.12231949716806412,0.11952852457761765,0.12088390290737147,0.9884169697761536,0.9963547587394714,0.9925000000000002,0.1211233086884022,0.5553529262542725,0.44462791085243225,777.0,823.0,1600
4,1500,0.12796826660633087,0.11944662034511566,0.12365418985486029,0.9822785258293152,0.9962963461875916,0.9893749999999999,0.12275134384632107,0.5555747747421265,0.44442397356033325,790.0,810.0,1600
4,1550,0.13978330790996552,0.13271649181842804,0.13618808522820472,0.979643702507019,0.9864864349365234,0.983125,0.13864914357662192,0.5566218495368958,0.44336530566215515,786.0,814.0,1600
4,1563,0.1628764569759369,0.1624852865934372,0.162686249852778,0.9804878234863281,0.9742267727851868,0.9774436114127173,0.16142765651071875,0.5569024085998535,0.4431000053882599,205.0,194.0,399
5,50,0.13514037430286407,0.13815663754940033,0.136593817025423,0.9794934391975403,0.9870298504829407,0.983125,0.13631519660353658,0.5564625263214111,0.4435344934463501,829.0,771.0,1600
5,100,0.11856294423341751,0.12243185192346573,0.12043694257736205,0.9903029799461365,0.9948387742042542,0.9924999999999999,0.11971582457423208,0.555917501449585,0.44409406185150146,825.0,775.0,1600
5,150,0.12125351279973984,0.11779956519603729,0.11957620084285732,0.9902793765068054,0.998712956905365,0.9943750000000001,0.12234594866633414,0.5559359192848206,0.44405481219291687,823.0,777.0,1600
5,200,0.12381860613822937,0.12005305290222168,0.12191228076815602,0.9822784066200256,0.9925926327705383,0.9874999999999999,0.12363087579607963,0.5564611554145813,0.4435274600982666,790.0,810.0,1600
5,250,0.14501367509365082,0.14090174436569214,0.14299884214997294,0.9754903316497803,0.9885204434394836,0.9818749999999999,0.1459553034603595,0.5564612746238708,0.4435481131076813,816.0,784.0,1600
5,300,0.12824498116970062,0.13207116723060608,0.1301867206394672,0.9885786175727844,0.9889161586761475,0.9887499999999999,0.1301450803875923,0.5565274953842163,0.4434551000595093,788.0,812.0,1600
5,350,0.14150002598762512,0.14103761315345764,0.14127288237214095,0.9803441762924194,0.9809160232543945,0.9806249999999997,0.1404674549400806,0.5561518669128418,0.44384628534317017,814.0,786.0,1600
5,400,0.14126229286193848,0.12132247537374496,0.13169117316603662,0.9795672297477722,0.9947916865348816,0.9868750000000003,0.13136332169175147,0.5573506951332092,0.44267550110816956,832.0,768.0,1600
5,450,0.1336507350206375,0.128584623336792,0.13118418350815772,0.9792935848236084,0.9897304177284241,0.984375,0.13122906178236007,0.5584918260574341,0.4415106177330017,821.0,779.0,1600
5,500,0.13319458067417145,0.13220904767513275,0.13270056217908857,0.9749373197555542,0.9887781143188477,0.9818749999999995,0.133464057892561,0.5592121481895447,0.4408058822154999,798.0,802.0,1600
5,550,0.14003431797027588,0.1497107446193695,0.14493302077054968,0.9810127019882202,0.9839506149291992,0.9824999999999999,0.14417288377881043,0.5585810542106628,0.4414530098438263,790.0,810.0,1600
5,600,0.12622219324111938,0.12416188418865204,0.1252010457217693,0.985130250453949,0.9911727905273438,0.9881250000000001,0.12543005734682078,0.5580914616584778,0.4419066905975342,807.0,793.0,1600
5,650,0.1258651465177536,0.12333088368177414,0.12459009736776357,0.9811322093009949,0.9962732195854187,0.9887499999999999,0.12442093029618269,0.5585486888885498,0.44144609570503235,795.0,805.0,1600
5,700,0.11648032814264297,0.11875931173563004,0.11757851168513296,0.9855247139930725,0.9961090087890625,0.9906249999999999,0.1165371473133564,0.558288037776947,0.4416806697845459,829.0,771.0,1600
5,750,0.11917674541473389,0.12994615733623505,0.12456818312406538,0.9849811792373657,0.9912609457969666,0.9881249999999999,0.12427707985043521,0.5575336813926697,0.44247180223464966,799.0,801.0,1600
5,800,0.12172805517911911,0.12081753462553024,0.12126595169305805,0.9885785579681396,0.9926108121871948,0.9906249999999999,0.11998841643333431,0.5566247701644897,0.44336700439453125,788.0,812.0,1600
5,850,0.12507231533527374,0.1253589689731598,0.1252265372872352,0.9810555577278137,0.9918698668479919,0.9868750000000002,0.12385327413678163,0.556251585483551,0.4437522292137146,739.0,861.0,1600
5,900,0.11579300463199615,0.11359034478664398,0.11470820844173428,0.988916277885437,0.9936547875404358,0.9912500000000002,0.11587966144084932,0.5562111139297485,0.44380122423171997,812.0,788.0,1600
5,950,0.12432672828435898,0.1172289028763771,0.1206181137263775,0.9751309156417847,0.9940192103385925,0.985,0.11992780432105062,0.5567426085472107,0.44322124123573303,764.0,836.0,1600
5,1000,0.1277342438697815,0.11923251301050186,0.12349932730197903,0.9813200235366821,0.9912170767784119,0.9862500000000002,0.12478493005037303,0.5573630332946777,0.4426369369029999,803.0,797.0,1600
5,1050,0.12306731939315796,0.1314975768327713,0.12724031835794453,0.9876237511634827,0.9823232293128967,0.9850000000000001,0.1267886094748974,0.5571831464767456,0.442855566740036,808.0,792.0,1600
5,1100,0.12198211997747421,0.11829906702041626,0.12011527478694915,0.986058235168457,0.9913686513900757,0.9887499999999997,0.1210463961958885,0.5574881434440613,0.44248756766319275,789.0,811.0,1600
5,1150,0.12540413439273834,0.11436133831739426,0.11972398057579994,0.9819819331169128,0.9951398372650146,0.98875,0.11999954134225843,0.5578025579452515,0.44218602776527405,777.0,823.0,1600
5,1200,0.1307458132505417,0.12419285625219345,0.1274038112163544,0.9821428060531616,0.9901960492134094,0.9862500000000001,0.1277094531059265,0.5590360760688782,0.44098013639450073,784.0,816.0,1600
5,1250,0.1271664798259735,0.13016727566719055,0.12868753805756564,0.9809885621070862,0.9889026284217834,0.9850000000000002,0.12806763336062424,0.5591684579849243,0.44083166122436523,789.0,811.0,1600
5,1300,0.11789868026971817,0.12279702723026276,0.12036011368036266,0.9849246740341187,0.9937810897827148,0.989375,0.11963033273816107,0.5588294267654419,0.44118136167526245,796.0,804.0,1600
5,1350,0.11025295406579971,0.11682678759098053,0.11356041669845582,0.9899371266365051,0.9962733387947083,0.993125,0.11309538230299947,0.5580700635910034,0.44192519783973694,795.0,805.0,1600
5,1400,0.1122097596526146,0.1252192109823227,0.11868196994066235,0.9912934899330139,0.9861807227134705,0.9887499999999999,0.11766245245933533,0.5571779012680054,0.4428493082523346,804.0,796.0,1600
5,1450,0.13155753910541534,0.120448537170887,0.12578086495399474,0.9830729961395264,0.993990421295166,0.9887499999999998,0.12670894458889959,0.5568723678588867,0.4431098401546478,768.0,832.0,1600
5,1500,0.1286279708147049,0.12515661120414734,0.12692702233791356,0.9791668057441711,0.9872448444366455,0.983125,0.1275541421771049,0.5571413636207581,0.44284552335739136,816.0,784.0,1600
5,1550,0.1426468789577484,0.1335706114768982,0.13820518299937243,0.9755201935768127,0.9897830486297607,0.9825,0.13798855096101756,0.5579422116279602,0.44207367300987244,817.0,783.0,1600
5,1563,0.15530048310756683,0.19121712446212769,0.1720435911028606,0.9624413251876831,0.9408601522445679,0.9523809523809523,0.17285238628399402,0.5580849051475525,0.4418598413467407,213.0,186.0,399
6,50,0.12111100554466248,0.1381242871284485,0.12939434915781017,0.9878198504447937,0.984595775604248,0.9862500000000001,0.12733799457550046,0.5561100840568542,0.4439168870449066,821.0,779.0,1600
6,100,0.12469038367271423,0.1208149641752243,0.12267271742224693,0.9804432988166809,0.9939977526664734,0.9874999999999999,0.12226590529084204,0.5561941266059875,0.4437747299671173,767.0,833.0,1600
6,150,0.11621378362178802,0.11171896755695343,0.11396075114607812,0.991227924823761,0.9950125217437744,0.9931249999999999,0.11326605468988415,0.5558508634567261,0.4441540837287903,798.0,802.0,1600
6,200,0.11177574098110199,0.12513533234596252,0.1185056479275226,0.9911839962005615,0.9900745153427124,0.9906249999999996,0.11919300928711886,0.5553956627845764,0.4445951282978058,794.0,806.0,1600
6,250,0.11932678520679474,0.1181478202342987,0.11876233756542202,0.9856115579605103,0.990861713886261,0.9881250000000001,0.11849185824394223,0.5545303225517273,0.44547438621520996,834.0,766.0,1600
6,300,0.12295885384082794,0.12348329275846481,0.12321582838892933,0.9901959896087646,0.9910715222358704,0.9906249999999999,0.12505547508597373,0.5541450381278992,0.4458734393119812,816.0,784.0,1600
6,350,0.13245703279972076,0.12718844413757324,0.12993141666054725,0.9759904146194458,0.9882659912109375,0.9818749999999998,0.1318903687596321,0.5550866723060608,0.444881409406662,833.0,767.0,1600
6,400,0.13489021360874176,0.12843240797519684,0.13181068494915962,0.9761052131652832,0.9868938326835632,0.9812500000000003,0.13272340223193166,0.55600506067276,0.4439876973628998,837.0,763.0,1600
6,450,0.1317552626132965,0.13510653376579285,0.13346649244427677,0.9833971261978149,0.9865362048149109,0.9849999999999999,0.13418817326426505,0.555422306060791,0.44456717371940613,783.0,817.0,1600
6,500,0.12443900853395462,0.1362534761428833,0.13050130382180206,0.9820281267166138,0.9878197312355042,0.985,0.12993538185954093,0.5546155571937561,0.44536927342414856,779.0,821.0,1600
6,550,0.11972634494304657,0.11957719922065735,0.11964954793453214,0.9858247637748718,0.9915047287940979,0.98875,0.12040571600198743,0.5535823702812195,0.4464073181152344,776.0,824.0,1600
6,600,0.1310414969921112,0.12120375782251358,0.1262640444934368,0.9756986498832703,0.9884170293807983,0.9818749999999998,0.12609332740306847,0.5540410876274109,0.4459868371486664,823.0,777.0,1600
6,650,0.14168627560138702,0.13233987987041473,0.13702474623918537,0.9725686311721802,0.9862154126167297,0.9793750000000001,0.13736413270235054,0.5554986596107483,0.4444303810596466,802.0,798.0,1600
6,700,0.13153822720050812,0.12815138697624207,0.12991467714309687,0.9747900366783142,0.9921773076057434,0.9831249999999996,0.13171808689832687,0.5567529797554016,0.4432443380355835,833.0,767.0,1600
6,750,0.1221298798918724,0.12199363857507706,0.12206090062856671,0.9860761165618896,0.9938270449638367,0.9899999999999998,0.12201762035489082,0.5571666955947876,0.44285640120506287,790.0,810.0,1600
6,800,0.14019736647605896,0.11855297535657883,0.12998389542102814,0.9822484254837036,0.9947020411491394,0.988125,0.13004362866282462,0.5583838820457458,0.4415895342826843,845.0,755.0,1600
6,850,0.11351048946380615,0.12154877930879593,0.11756981417536734,0.9911616444587708,0.9950494766235352,0.9931249999999996,0.11838013902306557,0.5594850182533264,0.44048812985420227,792.0,808.0,1600
6,900,0.11497171968221664,0.11542581021785736,0.11519932702183724,0.9824561476707458,0.9950125813484192,0.9887499999999999,0.11392181709408761,0.5592932105064392,0.4406948685646057,798.0,802.0,1600
6,950,0.11184554547071457,0.11166573315858841,0.11175619930028916,0.9925464987754822,0.9937106966972351,0.993125,0.11310871481895446,0.5586362481117249,0.44136881828308105,805.0,795.0,1600
6,1000,0.13389064371585846,0.1395617127418518,0.13671197891235345,0.9738805890083313,0.9748743772506714,0.9743749999999997,0.13625253826379777,0.55910724401474,0.4408642053604126,804.0,796.0,1600
6,1050,0.1250012367963791,0.13353273272514343,0.12928830906748776,0.9874371886253357,0.9863183498382568,0.9868750000000003,0.13010767623782157,0.558367908000946,0.4416496753692627,796.0,804.0,1600
6,1100,0.13604037463665009,0.12622138857841492,0.1310633832216263,0.9759190082550049,0.9901356101036072,0.9831250000000001,0.13105825245380404,0.5585189461708069,0.44146955013275146,789.0,811.0,1600
6,1150,0.10544731467962265,0.11215951293706894,0.10863979056477546,0.9904648065567017,0.9947437644004822,0.9924999999999999,0.10869068950414658,0.5583959221839905,0.44159311056137085,839.0,761.0,1600
6,1200,0.10730529576539993,0.11068130284547806,0.1089637519419193,0.9914005398750305,0.9974555373191833,0.9943749999999999,0.10853849962353704,0.5580346584320068,0.44196975231170654,814.0,786.0,1600
6,1250,0.13162828981876373,0.13138790428638458,0.13150825083255765,0.9812735319137573,0.9849810600280762,0.9831249999999999,0.13166349917650227,0.5568523406982422,0.44317570328712463,801.0,799.0,1600
6,1300,0.1376350373029709,0.14647319912910461,0.1421701370179653,0.9756097793579102,0.9768575429916382,0.97625,0.14239634409546842,0.5570136308670044,0.44300350546836853,779.0,821.0,1600
6,1350,0.11716817319393158,0.11158238351345062,0.11438922286033633,0.9912934303283691,0.9962311387062073,0.9937500000000001,0.11505189180374145,0.5566869378089905,0.4432818293571472,804.0,796.0,1600
6,1400,0.12770649790763855,0.1140797957777977,0.12109755873680111,0.9842233061790466,0.9935567378997803,0.9887499999999999,0.12152623891830443,0.5573359727859497,0.44264063239097595,824.0,776.0,1600
6,1450,0.13563032448291779,0.13588660955429077,0.1357574999332427,0.9764266014099121,0.98740553855896,0.9818749999999998,0.1348836494982242,0.5582888126373291,0.4417267143726349,806.0,794.0,1600
6,1500,0.12097913026809692,0.11600420624017715,0.11857872799038885,0.9842996001243591,0.9961140751838684,0.9899999999999999,0.1188525742292404,0.5577514171600342,0.44224661588668823,828.0,772.0,1600
6,1550,0.12368670105934143,0.12738412618637085,0.12552387297153472,0.9788820147514343,0.991195023059845,0.9849999999999999,0.1256559635698795,0.5582534670829773,0.44176536798477173,805.0,795.0,1600
6,1563,0.12162593007087708,0.12339001893997192,0.12252787058066603,0.9794871211051941,0.9950980544090271,0.987468674069359,0.12316131091356874,0.5581637620925903,0.4418441355228424,195.0,204.0,399
7,50,0.12539364397525787,0.12149582803249359,0.12345690980553621,0.9801242351531982,0.9937107563018799,0.9868750000000001,0.12356051340699196,0.558555006980896,0.4414711594581604,805.0,795.0,1600
7,100,0.13241608440876007,0.13144290447235107,0.13191914364695553,0.9719029664993286,0.9853121638298035,0.9787499999999998,0.13244175657629967,0.5587000250816345,0.44128498435020447,783.0,817.0,1600
7,150,0.1256755292415619,0.1311701089143753,0.12834040850400927,0.980582594871521,0.9884021878242493,0.9843750000000001,0.12825863748788835,0.5581750273704529,0.44184213876724243,824.0,776.0,1600
7,200,0.11046819388866425,0.11931850016117096,0.11479930415749548,0.9902079105377197,0.9936143755912781,0.991875,0.1142273513972759,0.5569588541984558,0.4430215358734131,817.0,783.0,1600
7,250,0.11688858270645142,0.11443254351615906,0.11564828187227248,0.987373948097229,0.9950494766235352,0.9912500000000002,0.11553749576210977,0.5567439794540405,0.4432724714279175,792.0,808.0,1600
7,300,0.1190783753991127,0.11999284476041794,0.11953732848167421,0.9836887717247009,0.9925279021263123,0.9881250000000001,0.11977860137820244,0.5569506883621216,0.44303950667381287,797.0,803.0,1600
7,350,0.1260875165462494,0.11983732879161835,0.12313431873917573,0.9810425639152527,0.9920633435249329,0.9862500000000001,0.12343238130211835,0.556924045085907,0.4430927634239197,844.0,756.0,1600
7,400,0.13013751804828644,0.13323090970516205,0.13173061504960049,0.9793813228607178,0.9842231869697571,0.9818750000000002,0.13279439330101014,0.5568421483039856,0.4431752860546112,776.0,824.0,1600
7,450,0.12297296524047852,0.13022764027118683,0.12659575298428538,0.9787765145301819,0.9824780225753784,0.9806249999999999,0.1259654429554939,0.5559885501861572,0.44401729106903076,801.0,799.0,1600
7,500,0.1294209063053131,0.1183432936668396,0.12370902076363559,0.9806451201438904,0.9915152788162231,0.9862500000000001,0.12448778346180912,0.5570223331451416,0.44297516345977783,775.0,825.0,1600
7,550,0.11440030485391617,0.12585946917533875,0.12015138879418369,0.9899622201919556,0.9900373220443726,0.9899999999999999,0.1205539071559906,0.5563490986824036,0.44362807273864746,797.0,803.0,1600
7,600,0.11806070804595947,0.12442909181118011,0.12145586296916007,0.9892905950546265,0.9917937517166138,0.990625,0.12182175442576405,0.5561197400093079,0.4438782036304474,747.0,853.0,1600
7,650,0.13341177999973297,0.11855821311473846,0.12610567778348916,0.9766297340393066,0.9961881041526794,0.9862499999999998,0.1270566827058792,0.5573616027832031,0.4426094591617584,813.0,787.0,1600
7,700,0.11536765098571777,0.12567038834095,0.12056408777832989,0.9836066365242004,0.9900867342948914,0.9868750000000001,0.12004781410098075,0.557145893573761,0.4428444802761078,793.0,807.0,1600
7,750,0.11848814785480499,0.11630752682685852,0.11739647820591924,0.9862328767776489,0.9900122284889221,0.9881250000000001,0.11842366486787795,0.5569175481796265,0.4430771768093109,799.0,801.0,1600
7,800,0.11572200059890747,0.11998901516199112,0.11789818748831746,0.9859693646430969,0.9914215803146362,0.9887499999999999,0.11749419897794722,0.5568734407424927,0.44311216473579407,784.0,816.0,1600
7,850,0.11088775843381882,0.12003260105848312,0.1155859383940697,0.9871466159820557,0.9914841651916504,0.9893749999999999,0.11492072716355324,0.5564030408859253,0.44360387325286865,778.0,822.0,1600
7,900,0.12137576937675476,0.1210726872086525,0.12122346118092532,0.9811559319496155,0.9900497198104858,0.9856250000000001,0.12048213332891461,0.5555762052536011,0.4444241523742676,796.0,804.0,1600
7,950,0.10831920057535172,0.11742589622735977,0.11291808173060412,0.9873737096786499,0.993811845779419,0.9906249999999999,0.1118660336732864,0.554700493812561,0.4453006684780121,792.0,808.0,1600
7,1000,0.11652366816997528,0.1280824989080429,0.12244756400585174,0.9846152663230896,0.9865853190422058,0.9856250000000001,0.12078428417444229,0.5536838173866272,0.4463171064853668,780.0,820.0,1600
7,1050,0.1370237022638321,0.11879576742649078,0.1283312879502774,0.9725210070610046,0.9934470057487488,0.9824999999999999,0.13077897846698755,0.554172933101654,0.4458509683609009,837.0,763.0,1600
7,1100,0.13287974894046783,0.11880422383546829,0.12587716817855826,0.9788557887077332,0.9937185049057007,0.9862499999999997,0.1270922261476516,0.5561630129814148,0.44383394718170166,804.0,796.0,1600
7,1150,0.12688493728637695,0.13941211998462677,0.13307805925607688,0.9888752698898315,0.9823008179664612,0.985625,0.13143036603927608,0.5563942193984985,0.4435938596725464,809.0,791.0,1600
7,1200,0.10931447893381119,0.10986626148223877,0.10958451882004736,0.9877601861953735,0.9961686730384827,0.991875,0.10848900303244592,0.5561318397521973,0.44386231899261475,817.0,783.0,1600
7,1250,0.12770621478557587,0.12736068665981293,0.1275371222198009,0.9791920781135559,0.984674334526062,0.9818749999999996,0.12748084843158716,0.555962860584259,0.444016695022583,817.0,783.0,1600
7,1300,0.12227718532085419,0.13114497065544128,0.12662795126438145,0.9840490221977234,0.989808976650238,0.986875,0.1260824038088321,0.5551202893257141,0.44488444924354553,815.0,785.0,1600
7,1350,0.12099543958902359,0.1207687109708786,0.1208815015852451,0.9836683869361877,0.9900497794151306,0.986875,0.12069267079234121,0.5553979873657227,0.44460055232048035,796.0,804.0,1600
7,1400,0.13499446213245392,0.14502820372581482,0.13999252766370773,0.9800747632980347,0.973651111125946,0.976875,0.14094529300928116,0.5550107955932617,0.4449617564678192,803.0,797.0,1600
7,1450,0.14058580994606018,0.1302938461303711,0.1353626208007335,0.972081184387207,0.9913793802261353,0.9818750000000003,0.1359783683717251,0.554805338382721,0.4452234208583832,788.0,812.0,1600
7,1500,0.11102188378572464,0.11514338105916977,0.11302598744630814,0.9902676343917847,0.9935732483863831,0.9918750000000001,0.11315930664539335,0.5549551248550415,0.4450492560863495,822.0,778.0,1600
7,1550,0.11248745769262314,0.12058400362730026,0.11651549354195595,0.9888060092926025,0.9874372482299805,0.9881250000000001,0.11858164265751836,0.5545992851257324,0.445370078086853,804.0,796.0,1600
7,1563,0.16254954040050507,0.11600381135940552,0.1391016757279111,0.9696969389915466,1.0,0.9849624084051989,0.14235817489767436,0.5544252991676331,0.4455052316188812,198.0,201.0,399
8,50,0.1245727688074112,0.12394743412733078,0.12425695464015006,0.9848484396934509,0.9900989532470703,0.9874999999999998,0.12435221806168556,0.5552461743354797,0.444754421710968,792.0,808.0,1600
8,100,0.12288188189268112,0.12258333712816238,0.12272738710045814,0.9844561219215393,0.990338146686554,0.9875,0.12263108506798744,0.5549330115318298,0.44507673382759094,772.0,828.0,1600
8,150,0.12395776063203812,0.1261087954044342,0.12501179277896876,0.9828430414199829,0.9885202646255493,0.9856249999999999,0.12430276110768321,0.5548076033592224,0.4451937973499298,816.0,784.0,1600
8,200,0.11867474764585495,0.12228582054376602,0.12043741121888162,0.9877899885177612,0.9897567629814148,0.9887499999999999,0.120548206269741,0.5549341440200806,0.44506099820137024,819.0,781.0,1600
8,250,0.11693485826253891,0.11771395057439804,0.11732001423835749,0.983930766582489,0.992414653301239,0.9881250000000001,0.11666143655776975,0.5542590022087097,0.44573667645454407,809.0,791.0,1600
8,300,0.1134582906961441,0.10998840630054474,0.11171250149607657,0.9911949038505554,0.9975154399871826,0.9943750000000001,0.11091125011444088,0.5544691681861877,0.44552290439605713,795.0,805.0,1600
8,350,0.11001671850681305,0.11338163167238235,0.11165712326765058,0.9878048896789551,0.9961538910865784,0.9918749999999998,0.11133453801274303,0.5546936988830566,0.4453078806400299,820.0,780.0,1600
8,400,0.10601948201656342,0.11076339334249496,0.10839441105723378,0.9874842762947083,0.9962546825408936,0.9918750000000001,0.10791694357991218,0.553808331489563,0.44621071219444275,799.0,801.0,1600
8,450,0.14696495234966278,0.13937389850616455,0.14300335213541981,0.97124183177948,0.9832335114479065,0.9775,0.14110137552022925,0.5538182854652405,0.4462088346481323,765.0,835.0,1600
8,500,0.12375741451978683,0.11401084810495377,0.11905469268560409,0.9818840622901917,0.9948188662528992,0.9881249999999998,0.12033008113503454,0.5550589561462402,0.4449388086795807,828.0,772.0,1600
8,550,0.1429995745420456,0.1207774206995964,0.13176350101828574,0.9772440195083618,0.9888749122619629,0.9831250000000001,0.1322785006463527,0.555553674697876,0.4444405436515808,791.0,809.0,1600
8,600,0.13655626773834229,0.1259121596813202,0.13138059660792345,0.9708028435707092,0.9922879338264465,0.9812499999999996,0.133313488215208,0.5576637387275696,0.4423007369041443,822.0,778.0,1600
8,650,0.11509494483470917,0.11609363555908203,0.11559553921222682,0.9887218475341797,0.9975062608718872,0.9931249999999998,0.11609314948320387,0.5585984587669373,0.44139325618743896,798.0,802.0,1600
8,700,0.1073632761836052,0.10910368710756302,0.1082432672381401,0.9860936999320984,0.9962918758392334,0.9912500000000002,0.10829974979162213,0.5582647323608398,0.4417419135570526,791.0,809.0,1600
8,750,0.13039854168891907,0.12118056416511536,0.12577803209424013,0.9761903882026672,0.9925186634063721,0.9843750000000001,0.12472122326493257,0.5589407682418823,0.44106680154800415,798.0,802.0,1600
8,800,0.11245572566986084,0.1222095638513565,0.11738142043352126,0.9886363744735718,0.9900990128517151,0.989375,0.11715696230530732,0.5584357380867004,0.44158852100372314,792.0,808.0,1600
8,850,0.1425948292016983,0.1382463425397873,0.14043142765760425,0.9763681888580322,0.9824123978614807,0.9793750000000001,0.14053906098008148,0.5576857328414917,0.442314475774765,804.0,796.0,1600
8,900,0.12384365499019623,0.12234494835138321,0.12309241175651547,0.9862155914306641,0.9912717938423157,0.9887499999999999,0.12300080403685568,0.5576631426811218,0.44234251976013184,798.0,802.0,1600
8,950,0.11604519188404083,0.11523104459047318,0.11563506871461864,0.9911837577819824,0.9913150072097778,0.9912499999999996,0.1159714731574058,0.5574308037757874,0.44257065653800964,794.0,806.0,1600
8,1000,0.12127204984426498,0.12240858376026154,0.12183889836072921,0.9862842559814453,0.9912280440330505,0.9887500000000001,0.12103462100028994,0.5571687817573547,0.44281283020973206,802.0,798.0,1600
8,1050,0.11489327251911163,0.1184639036655426,0.11666297107934953,0.9863691926002502,0.991172730922699,0.9887499999999999,0.11633927896618844,0.5572537183761597,0.44273078441619873,807.0,793.0,1600
8,1100,0.14340117573738098,0.13855767250061035,0.14088863670825955,0.9688311815261841,0.979517936706543,0.9743749999999999,0.1408056236803531,0.5571161508560181,0.442862868309021,770.0,830.0,1600
8,1150,0.14478135108947754,0.14084845781326294,0.14276081189513204,0.9717224836349487,0.9805352687835693,0.97625,0.141557494699955,0.5575121641159058,0.44250673055648804,778.0,822.0,1600
8,1200,0.13077794015407562,0.11584930121898651,0.12327629402279848,0.9786431193351746,0.9950247406959534,0.9868750000000002,0.1257126665115356,0.5584155917167664,0.4415363371372223,796.0,804.0,1600
8,1250,0.11350137740373611,0.1194789931178093,0.11647150486707686,0.9838510155677795,0.9949686527252197,0.989375,0.11500706449151044,0.5591472387313843,0.4408722221851349,805.0,795.0,1600
8,1300,0.12204842269420624,0.12234357744455338,0.12219802066683762,0.9835233688354492,0.9876695871353149,0.9856250000000002,0.12140366524457931,0.5573825836181641,0.4426037669181824,789.0,811.0,1600
8,1350,0.11146406829357147,0.10620350390672684,0.10889956936240194,0.9914633631706238,0.9961539506912231,0.9937499999999996,0.10931756898760796,0.558081865310669,0.4419223368167877,820.0,780.0,1600
8,1400,0.12011592090129852,0.11771242320537567,0.1189502291381359,0.981796145439148,0.9922679662704468,0.9868750000000003,0.1187758588790894,0.5583257675170898,0.4416901469230652,824.0,776.0,1600
8,1450,0.12094812095165253,0.12204980105161667,0.12149276092648506,0.983930766582489,0.9974715113639832,0.990625,0.12158538386225701,0.558576762676239,0.44142085313796997,809.0,791.0,1600
8,1500,0.10820341855287552,0.1198873370885849,0.11402347847819325,0.9887920022010803,0.9924718737602234,0.990625,0.11453402161598204,0.5579986572265625,0.442004919052124,803.0,797.0,1600
8,1550,0.13413429260253906,0.13039034605026245,0.13225529000163083,0.9761605262756348,0.9838107228279114,0.9800000000000001,0.13213091209530825,0.5572066903114319,0.4427867829799652,797.0,803.0,1600
8,1563,0.1252892017364502,0.15462689101696014,0.1399948084003346,0.9899497628211975,0.9749999642372131,0.9824561403508771,0.1380156793615274,0.5566575527191162,0.4433264434337616,199.0,200.0,399
9,50,0.12484032660722733,0.11947423219680786,0.1221740525960922,0.9801241755485535,0.9949685335159302,0.9875000000000002,0.12157048642635347,0.5565800070762634,0.44339486956596375,805.0,795.0,1600
9,100,0.10627882182598114,0.1264018714427948,0.11630259811878203,0.9912828207015991,0.987453043460846,0.9893749999999998,0.11573468223214146,0.5560042858123779,0.444004625082016,803.0,797.0,1600
9,150,0.1274116188287735,0.10669402778148651,0.11731180697679519,0.9829269647598267,0.9961539506912231,0.9893750000000001,0.118166442066431,0.5559065937995911,0.4440971910953522,820.0,780.0,1600
9,200,0.1303253173828125,0.116815485060215,0.12340996369719509,0.9756721258163452,0.9877899885177612,0.9818749999999997,0.12401669189333914,0.5581483840942383,0.4418036937713623,781.0,819.0,1600
9,250,0.13071583211421967,0.12677951157093048,0.1287845526635647,0.9815951585769653,0.9872609972953796,0.9843750000000001,0.1288480466604233,0.5595706105232239,0.4404224157333374,815.0,785.0,1600
9,300,0.11210928112268448,0.11527356505393982,0.11364990472793575,0.9902555346488953,0.9910141825675964,0.9906250000000002,0.11197789981961248,0.5595725774765015,0.44042152166366577,821.0,779.0,1600
9,350,0.12532654404640198,0.1221112534403801,0.12368072852492328,0.9795135259628296,0.9902320504188538,0.985,0.12407246872782703,0.5595086216926575,0.44047629833221436,781.0,819.0,1600
9,400,0.13713695108890533,0.14054881036281586,0.138870612680912,0.974587082862854,0.9840099811553955,0.9793749999999999,0.14032622352242466,0.55995774269104,0.4399954676628113,787.0,813.0,1600
9,450,0.12674997746944427,0.132535919547081,0.12961402952671053,0.9826733469963074,0.9898988604545593,0.9862499999999997,0.129640612155199,0.5597654581069946,0.4402194023132324,808.0,792.0,1600
9,500,0.12518058717250824,0.11918912827968597,0.12212871789932243,0.9783439040184021,0.9975458979606628,0.9881250000000001,0.12255740940570826,0.5595763325691223,0.4404090344905853,785.0,815.0,1600
9,550,0.1252909004688263,0.12627126276493073,0.12576761737465855,0.9793186783790588,0.9858613014221191,0.9825000000000002,0.1254274578392506,0.5589419007301331,0.44107577204704285,822.0,778.0,1600
9,600,0.11286542564630508,0.11625763773918152,0.11452550247311587,0.9840880632400513,0.9910598993301392,0.9874999999999999,0.11491582572460171,0.5594900846481323,0.44051697850227356,817.0,783.0,1600
9,650,0.10800307989120483,0.11501047760248184,0.11158561542630194,0.9897698163986206,0.9938874244689941,0.991875,0.11234607249498366,0.5586675405502319,0.4413298964500427,782.0,818.0,1600
9,700,0.11714182794094086,0.11360567808151245,0.11535606086254119,0.9886363744735718,0.9925743341445923,0.990625,0.11548957079648974,0.5583100914955139,0.44169366359710693,792.0,808.0,1600
9,750,0.13422171771526337,0.12707597017288208,0.13072029218077663,0.9754900932312012,0.9859694838523865,0.9806250000000003,0.1314545874297618,0.5584998726844788,0.4414573013782501,816.0,784.0,1600
9,800,0.1206694170832634,0.12247329205274582,0.12155330538749697,0.9865196347236633,0.9885203838348389,0.9874999999999999,0.12083980649709702,0.5590424537658691,0.4409720301628113,816.0,784.0,1600
9,850,0.10418815910816193,0.10895699262619019,0.10655170440673829,0.9913259744644165,0.9949559569358826,0.9931249999999997,0.10530854657292367,0.5588725209236145,0.44116687774658203,807.0,793.0,1600
9,900,0.1199880912899971,0.11107747256755829,0.1157276928424835,0.9832335710525513,0.9986929297447205,0.9906249999999999,0.11608245909214016,0.5595526695251465,0.44037842750549316,835.0,765.0,1600
9,950,0.10793458670377731,0.10779843479394913,0.10786336645483971,0.9895150065422058,0.9916368126869202,0.9906250000000002,0.10824498251080511,0.5596967339515686,0.4403148591518402,763.0,837.0,1600
9,1000,0.12478774785995483,0.12539257109165192,0.12509582385420792,0.9808918833732605,0.9914111495018005,0.9862500000000001,0.12543016985058777,0.5593934059143066,0.4406098425388336,785.0,815.0,1600
9,1050,0.12767118215560913,0.1219111979007721,0.12491358190774918,0.9832135438919067,0.9934725165367126,0.9881250000000001,0.12409186273813244,0.5599328279495239,0.4400921165943146,834.0,766.0,1600
9,1100,0.11716172844171524,0.1338920146226883,0.12570464015007016,0.982120156288147,0.9840880036354065,0.9831250000000001,0.1227162769436836,0.5590907335281372,0.44091254472732544,783.0,817.0,1600
9,1150,0.1179826408624649,0.11320370435714722,0.11563498482108113,0.9815725684165955,0.9987277984619141,0.9899999999999995,0.11503770500421522,0.5585099458694458,0.4414782226085663,814.0,786.0,1600
9,1200,0.1166820079088211,0.13228470087051392,0.12495145410299299,0.988031804561615,0.9870283007621765,0.9875000000000002,0.12282395675778382,0.5580030083656311,0.44199639558792114,752.0,848.0,1600
9,1250,0.12108676135540009,0.1255091279745102,0.1232702894508838,0.9814814925193787,0.9886075854301453,0.9849999999999999,0.1241395083069801,0.5572319030761719,0.44279342889785767,810.0,790.0,1600
9,1300,0.12599755823612213,0.11981114000082016,0.12291208773851393,0.981296718120575,0.9937343001365662,0.9875,0.12398060873150825,0.5569692850112915,0.4430305063724518,802.0,798.0,1600
9,1350,0.09678609669208527,0.10612792521715164,0.10145118132233619,0.9987515807151794,0.9949936270713806,0.9968750000000002,0.100489276945591,0.5561922788619995,0.4438041150569916,801.0,799.0,1600
9,1400,0.1380091905593872,0.13809211552143097,0.13805016711354254,0.9740420579910278,0.9810368418693542,0.9775,0.13788229197263716,0.5557637810707092,0.4442383348941803,809.0,791.0,1600
9,1450,0.12506842613220215,0.12315300107002258,0.12409874409437176,0.9873417615890503,0.9876543879508972,0.9875000000000002,0.12368239670991893,0.5559374094009399,0.444080114364624,790.0,810.0,1600
9,1500,0.1279572695493698,0.11652591824531555,0.12210584402084347,0.9846349954605103,0.9926740527153015,0.9887499999999999,0.12001144319772716,0.556787371635437,0.44320735335350037,781.0,819.0,1600
9,1550,0.1218988299369812,0.12253738194704056,0.12222128510475154,0.9835858345031738,0.9900990724563599,0.986875,0.12249494224786754,0.5570338368415833,0.4429536461830139,792.0,808.0,1600
9,1563,0.11342506110668182,0.10403935611248016,0.10857931229479631,0.9948186874389648,1.0,0.9974937343358394,0.11035155691673285,0.5574775338172913,0.44251978397369385,193.0,206.0,399
