epoch,batch,loss_group:0,loss_group:1,loss_avg,acc_group:0,acc_group:1,acc_avg,objective,alpha_group:0,alpha_group:1,count_group:0,count_group:1,count
0,50,0.4592152237892151,0.4806934893131256,0.4701020812988281,0.7743977904319763,0.753390908241272,0.7637499999999998,0.46560381352901437,0.49838629364967346,0.5016177296638489,789.0,811.0,1600
0,100,0.15773525834083557,0.14035047590732574,0.14896681167185308,0.9495585560798645,0.9727386236190796,0.96125,0.14782709151506415,0.4985896050930023,0.5014241337776184,793.0,807.0,1600
0,150,0.11013930290937424,0.09272590279579163,0.10169379752129312,0.961165189743042,0.9793815016746521,0.9700000000000001,0.1019140265882015,0.5001826286315918,0.4997956454753876,824.0,776.0,1600
0,200,0.07415539771318436,0.0664389356970787,0.07027786284685134,0.9711055159568787,0.9863184094429016,0.9787500000000001,0.06859775938093662,0.5011483430862427,0.4988504946231842,796.0,804.0,1600
0,250,0.05685778707265854,0.04165128991007805,0.04898842487484215,0.9805699586868286,0.9951691031455994,0.9881249999999998,0.05037629475817085,0.5016645193099976,0.4983178973197937,772.0,828.0,1600
0,300,0.055469196289777756,0.04485979676246643,0.050217537451535454,0.9789602756500244,0.9886364340782166,0.98375,0.04935320613905785,0.5024491548538208,0.49755120277404785,808.0,792.0,1600
0,350,0.04183811694383621,0.035202302038669586,0.03862804235890508,0.9878934025764465,0.9961240887641907,0.991875,0.03861332514323293,0.5030316710472107,0.4969671070575714,826.0,774.0,1600
0,400,0.045544661581516266,0.03507833182811737,0.04004983220249414,0.985526442527771,0.9892856478691101,0.9874999999999999,0.039719038158655164,0.5037627220153809,0.4962383508682251,760.0,840.0,1600
0,450,0.04869686812162399,0.0350506566464901,0.04171170778572559,0.9820743799209595,0.9926739931106567,0.9875,0.04155680678784847,0.5042831301689148,0.49571549892425537,781.0,819.0,1600
0,500,0.028888434171676636,0.024277498945593834,0.026531091332435603,0.9923273324966431,1.0,0.9962500000000001,0.026408980851992947,0.504724383354187,0.49527379870414734,782.0,818.0,1600
0,550,0.03621536120772362,0.022880593314766884,0.029389625303447228,0.9923176169395447,1.0,0.99625,0.029761230284348125,0.5051078200340271,0.49488428235054016,781.0,819.0,1600
0,600,0.028707804158329964,0.023501593619585037,0.026078668255358928,0.993686854839325,0.998762309551239,0.9962499999999999,0.02575771636329591,0.5057854056358337,0.49421370029449463,792.0,808.0,1600
0,650,0.032231297343969345,0.026363950222730637,0.029359962772578005,0.990208089351654,0.9987228512763977,0.9943749999999997,0.029838283788412794,0.5061542987823486,0.4938478171825409,817.0,783.0,1600
0,700,0.03465583547949791,0.02017960138618946,0.0273181914538145,0.9898606538772583,1.0,0.995,0.02772425448521971,0.5066987872123718,0.49331584572792053,789.0,811.0,1600
0,750,0.0388319194316864,0.03264793008565903,0.03555053703486919,0.9880159497261047,0.992932915687561,0.990625,0.03767687531188129,0.5071706771850586,0.49281588196754456,751.0,849.0,1600
0,800,0.02927747555077076,0.028605477884411812,0.02893433643504978,0.9936141967773438,0.9975519180297852,0.995625,0.02855558540672064,0.507337212562561,0.4926547408103943,783.0,817.0,1600
0,850,0.038307011127471924,0.025488173589110374,0.0318174741230905,0.9898735284805298,0.9962961077690125,0.9931250000000001,0.031685513500124204,0.5076990127563477,0.49232855439186096,790.0,810.0,1600
0,900,0.027155883610248566,0.021510520949959755,0.024424938606098293,0.9963679313659668,1.0,0.9981249999999999,0.02341354500502349,0.5082486867904663,0.491749107837677,826.0,774.0,1600
0,950,0.024379312992095947,0.018868181854486465,0.021541082095354786,0.9922682046890259,1.0,0.99625,0.02256331636570393,0.5085387825965881,0.49145233631134033,776.0,824.0,1600
0,1000,0.027623232454061508,0.024797597900032997,0.02624927192926407,0.9975669384002686,1.0,0.9987499999999999,0.025924030430614947,0.5088506937026978,0.4911480247974396,822.0,778.0,1600
0,1050,0.021483466029167175,0.022180140018463135,0.021836591977626083,0.9987324476242065,0.9987669587135315,0.9987499999999997,0.02163304215297102,0.5089827179908752,0.49102190136909485,789.0,811.0,1600
0,1100,0.0297106746584177,0.028548045083880424,0.029109017960727214,0.9922279119491577,0.9975845813751221,0.9949999999999998,0.030030169840902086,0.5091962814331055,0.49079906940460205,772.0,828.0,1600
0,1150,0.033686671406030655,0.024881964549422264,0.029124731812626117,0.99481201171875,0.9975873827934265,0.9962499999999999,0.028689087610691777,0.5094382166862488,0.49056172370910645,771.0,829.0,1600
0,1200,0.034734390676021576,0.028220435604453087,0.03151405192911625,0.9913473725318909,0.998735785484314,0.9949999999999994,0.031016962584108104,0.5097164511680603,0.49029088020324707,809.0,791.0,1600
0,1250,0.03174364194273949,0.029261352494359016,0.030539730377495283,0.9939321279525757,0.9948453903198242,0.9943749999999999,0.03057832729071378,0.5099843740463257,0.4900171160697937,824.0,776.0,1600
0,1300,0.02946021966636181,0.025788934901356697,0.027638343814760442,0.9962780475616455,1.0,0.9981249999999998,0.0272579034231603,0.5101814866065979,0.4898196756839752,806.0,794.0,1600
0,1350,0.040130842477083206,0.03742130845785141,0.03870325734838841,0.9894320368766785,0.9964411854743958,0.993125,0.03859607111662626,0.5104413032531738,0.4895492494106293,757.0,843.0,1600
0,1400,0.0339522585272789,0.026509663090109825,0.030068150777369726,0.9934640526771545,1.0,0.9968750000000001,0.03052836956456303,0.510669469833374,0.4893287122249603,765.0,835.0,1600
0,1450,0.03575016185641289,0.036849912256002426,0.036297978498041616,0.9925280809402466,0.9974907040596008,0.9949999999999999,0.03580096457153559,0.5110031962394714,0.4890035390853882,803.0,797.0,1600
0,1500,0.05355345457792282,0.039650943130254745,0.04688024781644347,0.9903847575187683,0.9960938692092896,0.9931250000000001,0.04762268375605343,0.5115203261375427,0.48847630620002747,832.0,768.0,1600
0,1550,0.04249652475118637,0.03525897115468979,0.038864176794886574,0.9949812889099121,0.9975093007087708,0.99625,0.03994383741170168,0.5121056437492371,0.48789680004119873,797.0,803.0,1600
0,1563,0.0453747995197773,0.03571445494890213,0.040653582928436134,0.9950979948043823,1.0,0.9974937343358394,0.039872970796169194,0.5121313333511353,0.4878721535205841,204.0,195.0,399
1,50,0.030975842848420143,0.029740547761321068,0.030343524478375912,0.9987195730209351,1.0,0.9993749999999999,0.030076480507850643,0.512400209903717,0.48759421706199646,781.0,819.0,1600
1,100,0.04125701263546944,0.03963890299201012,0.04044694874435664,0.9937421679496765,0.9987515211105347,0.9962500000000001,0.0414387172833085,0.5125784277915955,0.4874149560928345,799.0,801.0,1600
1,150,0.03441247716546059,0.0362846702337265,0.035345057025551796,0.9975093007087708,0.9974905252456665,0.9974999999999999,0.03560733564198018,0.5125937461853027,0.48740026354789734,803.0,797.0,1600
1,200,0.05229930579662323,0.03865386173129082,0.04555333316326142,0.9901112914085388,0.9987357258796692,0.9943749999999999,0.04603851959109304,0.5127889513969421,0.48721247911453247,809.0,791.0,1600
1,250,0.04818463325500488,0.04113885015249252,0.04459127508103849,0.9923469424247742,0.9987745881080627,0.9956250000000001,0.04434189189225435,0.5134227871894836,0.4865798056125641,784.0,816.0,1600
1,300,0.054402370005846024,0.047573238611221313,0.05093659039586782,0.9911168217658997,0.9963054060935974,0.9937499999999997,0.05007199682295319,0.5137764811515808,0.4862300455570221,788.0,812.0,1600
1,350,0.04621213674545288,0.04496239498257637,0.04557242512702942,0.9974393248558044,0.9987788796424866,0.9981249999999999,0.045912529267370696,0.5139784216880798,0.4860202372074127,781.0,819.0,1600
1,400,0.05369187146425247,0.04766148701310158,0.05069929514080285,0.9925557374954224,0.9974810481071472,0.995,0.05100449439138175,0.5141353607177734,0.48586392402648926,806.0,794.0,1600
1,450,0.056733787059783936,0.05555401369929314,0.05615862764418126,0.9902439117431641,0.9961539506912231,0.993125,0.05535250134766098,0.5142104625701904,0.4857972264289856,820.0,780.0,1600
1,500,0.05342499539256096,0.055712856352329254,0.054613247662782645,0.9960987567901611,0.9951866269111633,0.9956249999999998,0.05448534436523914,0.5140600800514221,0.4859314560890198,769.0,831.0,1600
1,550,0.069060780107975,0.07167758792638779,0.07037081010639666,0.9887361526489258,0.9912608861923218,0.9900000000000001,0.06931591466069223,0.5138900876045227,0.4861028492450714,799.0,801.0,1600
1,600,0.06519636511802673,0.06039070338010788,0.06281455904245374,0.9876086115837097,0.9962170124053955,0.9918750000000001,0.06350896403193472,0.5143303871154785,0.4856705069541931,807.0,793.0,1600
1,650,0.06486310064792633,0.06103479117155075,0.06292263165116309,0.989860475063324,0.9975340962409973,0.9937500000000001,0.06257400639355186,0.5143322348594666,0.4856627583503723,789.0,811.0,1600
1,700,0.0884058028459549,0.07216104865074158,0.08026312336325639,0.9849624633789062,0.996259331703186,0.9906250000000002,0.07989598557353018,0.5147145390510559,0.48530468344688416,798.0,802.0,1600
1,750,0.0853138193488121,0.06589298695325851,0.07555486790835855,0.9861809015274048,0.9950248003005981,0.990625,0.07606361113488673,0.5156919360160828,0.48431825637817383,796.0,804.0,1600
1,800,0.06823451817035675,0.06517795473337173,0.06665082573890685,0.9922178387641907,0.9975873827934265,0.995,0.06653388984501359,0.5161883234977722,0.48381108045578003,771.0,829.0,1600
1,850,0.06885175406932831,0.06480520963668823,0.06692711271345615,0.9964241981506348,0.9986859560012817,0.9974999999999997,0.06666775755584238,0.5164301991462708,0.48356592655181885,839.0,761.0,1600
1,900,0.07984905689954758,0.07523521780967712,0.0774873438477516,0.9846352338790894,0.9987790584564209,0.9918749999999998,0.07628444813191884,0.516898512840271,0.48308631777763367,781.0,819.0,1600
1,950,0.0823262631893158,0.07985619455575943,0.08107116512954234,0.9911055564880371,0.9963098764419556,0.99375,0.08062471620738505,0.5169253349304199,0.48307567834854126,787.0,813.0,1600
1,1000,0.07084805518388748,0.08223327994346619,0.07658336944878101,0.9974809885025024,0.9975186586380005,0.9974999999999999,0.07648257888853546,0.5166706442832947,0.4833223521709442,794.0,806.0,1600
1,1050,0.10227029770612717,0.09942677617073059,0.10083253711462019,0.9835652709007263,0.988875150680542,0.9862500000000004,0.101422376781702,0.5164826512336731,0.48351457715034485,791.0,809.0,1600
1,1100,0.0960402861237526,0.08706534653902054,0.09170426696538926,0.9842806458473206,0.9974127411842346,0.9906249999999998,0.0917952574789524,0.5168408155441284,0.4831637442111969,827.0,773.0,1600
1,1150,0.10359729826450348,0.09720199555158615,0.10051157146692276,0.98429936170578,0.9883420467376709,0.9862500000000002,0.10097361296415325,0.5171892642974854,0.4828093349933624,828.0,772.0,1600
1,1200,0.1064831092953682,0.10351117700338364,0.10498042792081834,0.9873577356338501,0.9913473725318909,0.9893749999999997,0.10680948451161384,0.5175255537033081,0.4824652671813965,791.0,809.0,1600
1,1250,0.09704410284757614,0.09699847549200058,0.09702144145965573,0.9937887787818909,0.9987421035766602,0.9962499999999999,0.09674039602279663,0.5175707340240479,0.4824267029762268,805.0,795.0,1600
1,1300,0.10931127518415451,0.10403787344694138,0.10669436231255533,0.9838709831237793,0.992443323135376,0.9881249999999998,0.10829385668039322,0.5176411271095276,0.48235437273979187,806.0,794.0,1600
1,1350,0.10345040261745453,0.09720195084810257,0.10040038138628003,0.9914531111717224,0.9974395036697388,0.9943749999999999,0.10072500556707381,0.5181839466094971,0.481802761554718,819.0,781.0,1600
1,1400,0.11974142491817474,0.11281829327344894,0.11634045258164402,0.9803440570831299,0.9910940527915955,0.9856250000000001,0.1160798485577106,0.518369734287262,0.4816296100616455,814.0,786.0,1600
1,1450,0.1209513247013092,0.11490914970636368,0.11796800255775453,0.9851849675178528,0.99113929271698,0.9881249999999999,0.11907941088080408,0.5185861587524414,0.48141559958457947,810.0,790.0,1600
1,1500,0.11064191162586212,0.10520724207162857,0.10801966309547423,0.9939613938331604,0.9974093437194824,0.9956249999999996,0.10815269246697423,0.5191612243652344,0.4808354675769806,828.0,772.0,1600
1,1550,0.11396018415689468,0.10903763771057129,0.11150814577937125,0.9875466227531433,0.9962358474731445,0.9918750000000001,0.11134068042039871,0.5191842317581177,0.4808126389980316,803.0,797.0,1600
1,1563,0.12365492433309555,0.1257687658071518,0.1247727765437953,0.9734042882919312,0.990521252155304,0.9824561403508771,0.12708800132934908,0.5195991396903992,0.48040369153022766,188.0,211.0,399
2,50,0.13014407455921173,0.1278056651353836,0.12893687397241596,0.9844961166381836,0.9878933429718018,0.9862500000000002,0.1281298631429672,0.519507884979248,0.4805063307285309,774.0,826.0,1600
2,100,0.12068125605583191,0.1181580126285553,0.11942120671272273,0.98626708984375,0.9937422275543213,0.9899999999999998,0.11979500859975813,0.5198192000389099,0.48017555475234985,801.0,799.0,1600
2,150,0.15074549615383148,0.153389573097229,0.15205595299601557,0.9752171039581299,0.976040244102478,0.9756249999999997,0.152042453289032,0.5194717645645142,0.48051324486732483,807.0,793.0,1600
2,200,0.1390657126903534,0.136244997382164,0.13766420304775234,0.9863353967666626,0.9861634373664856,0.98625,0.136500324755907,0.5197597146034241,0.48024803400039673,805.0,795.0,1600
2,250,0.12507832050323486,0.1222599595785141,0.12371320307254788,0.9903030395507812,0.9948387145996094,0.9925000000000002,0.12376610413193702,0.52024245262146,0.47975876927375793,825.0,775.0,1600
2,300,0.11324824392795563,0.11561211198568344,0.11446119010448456,0.9974325299263,0.9987820386886597,0.9981249999999999,0.11419279381632802,0.520128607749939,0.47987738251686096,779.0,821.0,1600
2,350,0.12734214961528778,0.12015063315629959,0.12376435965299606,0.9900497198104858,0.997487485408783,0.9937499999999996,0.12324778273701667,0.5200621485710144,0.47994062304496765,804.0,796.0,1600
2,400,0.11804288625717163,0.12243292480707169,0.12030650839209554,0.9948388338088989,0.9987879395484924,0.9968749999999998,0.11940416276454924,0.5202490091323853,0.47975969314575195,775.0,825.0,1600
2,450,0.12428980320692062,0.12242742627859116,0.12335511043667793,0.9924717545509338,0.9962639808654785,0.994375,0.12381414085626599,0.5201255083084106,0.4798741340637207,797.0,803.0,1600
2,500,0.13389208912849426,0.13013730943202972,0.13204519420862204,0.9913899302482605,0.9911054968833923,0.9912499999999997,0.1321882124245166,0.5204309821128845,0.479570597410202,813.0,787.0,1600
2,550,0.14757129549980164,0.1350606083869934,0.14142541378736495,0.9754297733306885,0.9898219108581543,0.9825000000000003,0.14379627540707587,0.5211496353149414,0.47886908054351807,814.0,786.0,1600
2,600,0.1439402848482132,0.13906294107437134,0.14144978448748588,0.9821199178695679,0.9877601265907288,0.985,0.14282763436436646,0.521846354007721,0.47814857959747314,783.0,817.0,1600
2,650,0.1311340034008026,0.12393190711736679,0.12752845421433448,0.9862328171730042,0.9975032210350037,0.9918750000000001,0.12736574113368979,0.5220325589179993,0.4779849052429199,799.0,801.0,1600
2,700,0.13393338024616241,0.12869271636009216,0.13145059987902638,0.9857481122016907,0.9907651543617249,0.9881250000000001,0.1317132920026779,0.5222674012184143,0.4777486324310303,842.0,758.0,1600
2,750,0.14223609864711761,0.12545335292816162,0.1338027748465537,0.9786431789398193,0.996268630027771,0.9875,0.13505170539021497,0.5230759978294373,0.47690609097480774,796.0,804.0,1600
2,800,0.13800550997257233,0.13554953038692474,0.13675755560398098,0.9834815859794617,0.9901599287986755,0.9868750000000002,0.13693144738674165,0.5235868692398071,0.4764171838760376,787.0,813.0,1600
2,850,0.14271432161331177,0.13453276455402374,0.13853151649236675,0.9820969700813293,0.9926649928092957,0.9875,0.138388166129589,0.5240733623504639,0.47593334317207336,782.0,818.0,1600
2,900,0.13075344264507294,0.13492253422737122,0.13292139649391177,0.9908854365348816,0.9927884340286255,0.9918749999999997,0.132761799544096,0.5243430137634277,0.47565510869026184,768.0,832.0,1600
2,950,0.13992968201637268,0.1457207202911377,0.1428505262732505,0.9810845851898193,0.9863691926002502,0.9837499999999999,0.14228288605809214,0.523914635181427,0.4760756492614746,793.0,807.0,1600
2,1000,0.1345660388469696,0.12718278169631958,0.13075902789831165,0.9832260012626648,0.9987878799438477,0.99125,0.13222707629203798,0.5240229964256287,0.47597259283065796,775.0,825.0,1600
2,1050,0.13902269303798676,0.13726411759853363,0.13813789948821062,0.9886792898178101,0.9863354563713074,0.9874999999999999,0.13852605819702146,0.5243735313415527,0.47563353180885315,795.0,805.0,1600
2,1100,0.1212397962808609,0.12408826500177383,0.12268360152840609,0.9898605346679688,0.9963008761405945,0.9931249999999998,0.12218994989991186,0.5244824290275574,0.4755155146121979,789.0,811.0,1600
2,1150,0.13682466745376587,0.13640263676643372,0.13660468265414238,0.9843342304229736,0.986810564994812,0.985625,0.13794819027185434,0.5242428183555603,0.475756973028183,766.0,834.0,1600
2,1200,0.14394403994083405,0.1356860101222992,0.1400059859454632,0.9820787906646729,0.988204300403595,0.9849999999999999,0.14024260818958278,0.5247419476509094,0.4752863645553589,837.0,763.0,1600
2,1250,0.1399945467710495,0.12433813512325287,0.132146783620119,0.9874687194824219,0.996259331703186,0.9918750000000001,0.13192228212952611,0.5254753232002258,0.4745509922504425,798.0,802.0,1600
2,1300,0.13368439674377441,0.12793730199337006,0.13078928425908087,0.983627200126648,0.9975186586380005,0.9906250000000001,0.13110920548439015,0.526282012462616,0.47372230887413025,794.0,806.0,1600
2,1350,0.12673167884349823,0.1268121600151062,0.12677124261856076,0.9914004802703857,0.9949109554290771,0.9931249999999999,0.1261856301128864,0.5264415144920349,0.47356221079826355,814.0,786.0,1600
2,1400,0.1380424052476883,0.13190558552742004,0.1349279657006263,0.9847714304924011,0.9913792610168457,0.9881249999999999,0.13518819659948353,0.5264205932617188,0.47356978058815,788.0,812.0,1600
2,1450,0.13713951408863068,0.1277635395526886,0.13252770930528635,0.9889298677444458,0.9949172139167786,0.991875,0.1335046495497227,0.527114748954773,0.47288599610328674,813.0,787.0,1600
2,1500,0.13674907386302948,0.13337424397468567,0.13514603599905967,0.9869047403335571,0.9921053051948547,0.9893749999999999,0.13500310748815533,0.5275600552558899,0.4724339246749878,840.0,760.0,1600
2,1550,0.12674303352832794,0.12398424744606018,0.12530501171946523,0.9908617734909058,0.9940048456192017,0.9924999999999999,0.12523084938526152,0.5276503562927246,0.4723396301269531,766.0,834.0,1600
2,1563,0.15248994529247284,0.16293780505657196,0.15759604877995367,0.9656862616539001,0.9846153259277344,0.9749373433583959,0.16108233847639017,0.5276709794998169,0.4723033308982849,204.0,195.0,399
3,50,0.14533667266368866,0.1286984086036682,0.13658077076077457,0.9775726795196533,0.996437132358551,0.9874999999999996,0.1378166683018208,0.5279289484024048,0.47206851840019226,758.0,842.0,1600
3,100,0.13458251953125,0.13116568326950073,0.132829271107912,0.9910140037536621,0.9939098954200745,0.9924999999999999,0.1329714503884315,0.5283342003822327,0.47166815400123596,779.0,821.0,1600
3,150,0.14311009645462036,0.13132086396217346,0.13728180095553405,0.9802225232124329,0.9924145340919495,0.9862500000000001,0.13696621179580687,0.5289344191551208,0.4710674285888672,809.0,791.0,1600
3,200,0.1316213756799698,0.1253635436296463,0.12840251997113222,0.9858429431915283,0.9951397776603699,0.990625,0.1293592117726803,0.5293722748756409,0.47060978412628174,777.0,823.0,1600
3,250,0.15506359934806824,0.1461794078350067,0.1508658467233181,0.9739339351654053,0.9854497313499451,0.9793750000000001,0.1519253784418106,0.5294801592826843,0.4705105125904083,844.0,756.0,1600
3,300,0.14746785163879395,0.14250916242599487,0.14484593063592902,0.9787797927856445,0.9881795644760132,0.9837499999999998,0.14518128648400294,0.5298521518707275,0.4701552987098694,754.0,846.0,1600
3,350,0.1299731731414795,0.12913337349891663,0.12954906150698653,0.9886364340782166,0.9950494170188904,0.9918750000000001,0.12840431183576578,0.530165433883667,0.4698522984981537,792.0,808.0,1600
3,400,0.1461554616689682,0.14401641488075256,0.14503647968173022,0.9790301322937012,0.9856631755828857,0.9825000000000003,0.1443714354932308,0.5302297472953796,0.4697619378566742,763.0,837.0,1600
3,450,0.1553124487400055,0.13630355894565582,0.14590301349759105,0.9702969193458557,0.9962120056152344,0.9831250000000002,0.14556570038199426,0.5310251116752625,0.46900269389152527,808.0,792.0,1600
3,500,0.13278070092201233,0.12978115677833557,0.13126405328512192,0.9886221289634705,0.9925834536552429,0.9906250000000001,0.13065268144011496,0.5314158201217651,0.4685977101325989,791.0,809.0,1600
3,550,0.15912261605262756,0.13897232711315155,0.14900969222187999,0.9698870182037354,0.9863014221191406,0.9781249999999997,0.1506263969838619,0.5324061512947083,0.4675977826118469,797.0,803.0,1600
3,600,0.1573510468006134,0.13723152875900269,0.14714038491249082,0.9733501672744751,0.9913792610168457,0.9824999999999997,0.14802712544798852,0.5332837700843811,0.4666980803012848,788.0,812.0,1600
3,650,0.13764947652816772,0.1404644399881363,0.1390481330454349,0.9838507771492004,0.9886793494224548,0.98625,0.1395664569735527,0.5339028835296631,0.46609383821487427,805.0,795.0,1600
3,700,0.13789287209510803,0.12829576432704926,0.13287237837910648,0.9816513061523438,0.9916368722915649,0.9868750000000001,0.13316703602671626,0.5341544151306152,0.46584072709083557,763.0,837.0,1600
3,750,0.13228175044059753,0.1347942054271698,0.13355521500110623,0.9885931611061096,0.9913686513900757,0.9899999999999998,0.13336734294891345,0.5341528058052063,0.4658525288105011,789.0,811.0,1600
3,800,0.13143819570541382,0.12888573110103607,0.13018269807100294,0.9876998662948608,0.9936467409133911,0.990625,0.13003489568829538,0.5343926548957825,0.4656066298484802,813.0,787.0,1600
3,850,0.15932506322860718,0.15725545585155487,0.1582993084192275,0.9739776849746704,0.9773010611534119,0.9756250000000001,0.15942604348063463,0.534561812877655,0.4654424786567688,807.0,793.0,1600
3,900,0.15646782517433167,0.14627183973789215,0.1511722692847252,0.971391499042511,0.9831529259681702,0.9775000000000001,0.15258404374122617,0.5351182222366333,0.46487927436828613,769.0,831.0,1600
3,950,0.13816523551940918,0.1415785849094391,0.13991882413625714,0.9845758676528931,0.9951338768005371,0.99,0.13911757797002786,0.5352869033813477,0.4647156298160553,778.0,822.0,1600
3,1000,0.13405948877334595,0.12810519337654114,0.13106001451611515,0.9848867058753967,0.9975184798240662,0.9912500000000001,0.1309201110899449,0.5354964137077332,0.464508593082428,794.0,806.0,1600
3,1050,0.13591137528419495,0.1328885406255722,0.13441881209611892,0.9876541495323181,0.9962025284767151,0.991875,0.13435417667031288,0.5358269214630127,0.4641723334789276,810.0,790.0,1600
3,1100,0.14477123320102692,0.1350831538438797,0.13999984428286547,0.9790640473365784,0.9923858642578125,0.985625,0.14224877178668976,0.5360146760940552,0.46396350860595703,812.0,788.0,1600
3,1150,0.12516281008720398,0.12787960469722748,0.12645839869976044,0.9904420375823975,0.9960681796073914,0.9931249999999999,0.126468434035778,0.5362751483917236,0.46372082829475403,837.0,763.0,1600
3,1200,0.14822722971439362,0.15464027225971222,0.1514297284185886,0.9775281548500061,0.9774718284606934,0.9775,0.14975724861025808,0.5360411405563354,0.4639674425125122,801.0,799.0,1600
3,1250,0.1276872456073761,0.1312205195426941,0.1294494692981243,0.9912718534469604,0.9974938035011292,0.9943749999999999,0.1290479588508605,0.5358026027679443,0.4641937017440796,802.0,798.0,1600
3,1300,0.13556355237960815,0.1256292164325714,0.13051567628979682,0.9847522377967834,0.9950799345970154,0.99,0.12964092537760724,0.5359588265419006,0.46403345465660095,787.0,813.0,1600
3,1350,0.1242724135518074,0.13358135521411896,0.12911306351423266,0.9869791865348816,0.9939903020858765,0.9906249999999998,0.12849656552076336,0.535668671131134,0.46432986855506897,768.0,832.0,1600
3,1400,0.14031752943992615,0.1438603699207306,0.1421309921145439,0.974391758441925,0.9841270446777344,0.9793749999999999,0.14156889006495463,0.5356379747390747,0.46436938643455505,781.0,819.0,1600
3,1450,0.1600191444158554,0.1375853568315506,0.1487181574106216,0.9685137867927551,0.9888337254524231,0.97875,0.15007333353161809,0.5362316370010376,0.4637431204319,794.0,806.0,1600
3,1500,0.12901772558689117,0.12884686887264252,0.12893228024244308,0.9837501049041748,0.9950000047683716,0.9893749999999999,0.12871416389942167,0.5367180705070496,0.46328914165496826,800.0,800.0,1600
3,1550,0.13644655048847198,0.12854285538196564,0.13253918617963786,0.9826945662498474,0.9898862242698669,0.9862500000000001,0.1321831093728542,0.5369459390640259,0.46304556727409363,809.0,791.0,1600
3,1563,0.1218172237277031,0.14396166801452637,0.13302819796821524,0.9949238896369934,0.985148549079895,0.9899749373433582,0.1321378982530202,0.5371026396751404,0.4628974199295044,197.0,202.0,399
4,50,0.14479394257068634,0.13988877832889557,0.1423045943677425,0.975888192653656,0.9864532947540283,0.98125,0.1424090375006199,0.537011444568634,0.462985098361969,788.0,812.0,1600
4,100,0.13636404275894165,0.12970463931560516,0.13302185326814647,0.9861980676651001,0.995018720626831,0.990625,0.13225127011537546,0.5371661186218262,0.4628376066684723,797.0,803.0,1600
4,150,0.1350819170475006,0.12581123411655426,0.13054505541920658,0.9804162979125977,0.9961684942245483,0.9881250000000001,0.12995266586542129,0.5377576351165771,0.46222928166389465,817.0,783.0,1600
4,200,0.1300305873155594,0.12414882332086563,0.12698310405015945,0.9818417429924011,0.9939684867858887,0.9881249999999999,0.12659230247139933,0.5379845499992371,0.4620261490345001,771.0,829.0,1600
4,250,0.13391035795211792,0.1281857043504715,0.13103727921843525,0.982434093952179,0.9900373816490173,0.98625,0.13144674748182292,0.5383237600326538,0.4616726338863373,797.0,803.0,1600
4,300,0.12414233386516571,0.11966384947299957,0.12183312326669687,0.9922581315040588,0.9939395785331726,0.9931249999999999,0.1208347454667091,0.5387827754020691,0.4612162411212921,775.0,825.0,1600
4,350,0.11712003499269485,0.12039763480424881,0.11880801603198049,0.9935566186904907,0.9963592290878296,0.995,0.11913484245538711,0.5387842655181885,0.46121662855148315,776.0,824.0,1600
4,400,0.14419427514076233,0.13787221908569336,0.14106485754251466,0.9777228832244873,0.9835858941078186,0.9806249999999999,0.14012135878205298,0.5386419296264648,0.46136221289634705,808.0,792.0,1600
4,450,0.1458306461572647,0.13861088454723358,0.14211697667837145,0.9768339991569519,0.9890644550323486,0.9831249999999997,0.14138804197311397,0.5390905737876892,0.4609314799308777,777.0,823.0,1600
4,500,0.14124418795108795,0.1369718611240387,0.13897186443209644,0.9839785695075989,0.9858992099761963,0.9849999999999999,0.14178582131862633,0.5394593477249146,0.46051841974258423,749.0,851.0,1600
4,550,0.12894423305988312,0.13053250312805176,0.1297492800652981,0.991128146648407,0.9950676560401917,0.9931249999999998,0.12907968640327452,0.5397207736968994,0.4602886140346527,789.0,811.0,1600
4,600,0.1329207867383957,0.1312134861946106,0.13208847150206562,0.9768293499946594,0.9935896992683411,0.9850000000000001,0.13436355769634245,0.5397852659225464,0.46021661162376404,820.0,780.0,1600
4,650,0.11986400187015533,0.1259389966726303,0.12295465350151064,0.9898219108581543,0.9950860738754272,0.9925,0.1234022983908653,0.5396769642829895,0.4603237211704254,786.0,814.0,1600
4,700,0.13530734181404114,0.13181635737419128,0.1335160249471664,0.9833118915557861,0.9902557134628296,0.9868750000000001,0.1336928352713585,0.5397961139678955,0.4602065086364746,779.0,821.0,1600
4,750,0.1317819207906723,0.1283605992794037,0.12993866860866543,0.9850946664810181,0.9918792843818665,0.9887499999999998,0.1306671661138534,0.5403339862823486,0.45967233180999756,738.0,862.0,1600
4,800,0.15564610064029694,0.137333482503891,0.14646693378686906,0.9686717391014099,0.9850372672080994,0.9768749999999999,0.14819724172353743,0.5407820343971252,0.45920947194099426,798.0,802.0,1600
4,850,0.1373961865901947,0.12694624066352844,0.13207325875759118,0.9783439636230469,0.992638111114502,0.985625,0.13203406915068627,0.541296660900116,0.4586891233921051,785.0,815.0,1600
4,900,0.13701055943965912,0.1379803866147995,0.13748757988214497,0.9827799201011658,0.988564133644104,0.9856249999999999,0.13651624739170073,0.5418515205383301,0.4581432640552521,813.0,787.0,1600
4,950,0.12483853846788406,0.12623737752437592,0.125523099899292,0.9853121042251587,0.9948915839195251,0.9899999999999999,0.12539618134498587,0.5419257879257202,0.45806944370269775,817.0,783.0,1600
4,1000,0.12575265765190125,0.13292449712753296,0.12918617993593212,0.9880095720291138,0.989556074142456,0.9887499999999999,0.12907439529895784,0.541394054889679,0.4586085081100464,834.0,766.0,1600
4,1050,0.11931733042001724,0.11649281531572342,0.11796862334012981,0.9940192103385925,0.9960733652114868,0.9949999999999999,0.11738038301467892,0.5415792465209961,0.4584115743637085,836.0,764.0,1600
4,1100,0.1370324045419693,0.13135004043579102,0.13425159573554984,0.977968156337738,0.9897829294204712,0.98375,0.13565220609307285,0.5415657162666321,0.458429217338562,817.0,783.0,1600
4,1150,0.13790005445480347,0.1274828463792801,0.13257425889372823,0.9808185696601868,0.9963324666023254,0.9887499999999998,0.13358465656638144,0.5422254204750061,0.4577840268611908,782.0,818.0,1600
4,1200,0.14375200867652893,0.126742422580719,0.134960203319788,0.9741268754005432,0.9879080057144165,0.9812500000000001,0.1355878418684006,0.5430119633674622,0.4569920301437378,773.0,827.0,1600
4,1250,0.14053131639957428,0.12420129776000977,0.13220301672816273,0.9770407676696777,0.9938725233078003,0.985625,0.13176368415355685,0.543816089630127,0.45618176460266113,784.0,816.0,1600
4,1300,0.13709890842437744,0.1379820704460144,0.13754213839769366,0.9786699414253235,0.9875467419624329,0.9831250000000001,0.13728304788470264,0.5443671345710754,0.45563188195228577,797.0,803.0,1600
4,1350,0.12236233055591583,0.12282630056142807,0.12258764833211896,0.9878494143486023,0.9948521256446838,0.99125,0.12323033392429347,0.5446431040763855,0.45534512400627136,823.0,777.0,1600
4,1400,0.12107844650745392,0.12686952948570251,0.12405359894037253,0.9871464967727661,0.9902675151824951,0.9887499999999999,0.12367077738046638,0.5442313551902771,0.4557795226573944,778.0,822.0,1600
4,1450,0.12167713046073914,0.1211981326341629,0.12143075704574585,0.988416850566864,0.9914945363998413,0.9900000000000001,0.12139979928731914,0.5443781614303589,0.45562273263931274,777.0,823.0,1600
4,1500,0.12096600234508514,0.11479858309030533,0.11784375995397565,0.9860758781433105,0.9975307583808899,0.9918750000000001,0.11713484033942222,0.5444062352180481,0.4555966258049011,790.0,810.0,1600
4,1550,0.13498367369174957,0.13446499407291412,0.1347198274731636,0.9821882843971252,0.9864864945411682,0.9843750000000001,0.13552931487560269,0.544613778591156,0.4553869068622589,786.0,814.0,1600
4,1563,0.1540728360414505,0.14145095646381378,0.1479359071206927,0.9756097793579102,0.9742267727851868,0.9749373433583959,0.1464698622773464,0.5448181629180908,0.45518502593040466,205.0,194.0,399
5,50,0.12736544013023376,0.12559036910533905,0.12651006475090978,0.9879372119903564,0.9922178983688354,0.9899999999999999,0.12619147405028344,0.5452250838279724,0.4547719359397888,829.0,771.0,1600
5,100,0.12155696749687195,0.11826984584331512,0.11996477603912355,0.9878788590431213,0.9948387742042542,0.9912499999999999,0.11963280037045476,0.5451536774635315,0.4548475742340088,825.0,775.0,1600
5,150,0.14122632145881653,0.13826371729373932,0.13978759214282038,0.9708383083343506,0.9858431220054626,0.978125,0.14285664319992053,0.5452519655227661,0.454750657081604,823.0,777.0,1600
5,200,0.12641319632530212,0.11788266897201538,0.12209463164210317,0.9898734092712402,0.9950616955757141,0.9925,0.12376165062189098,0.545579195022583,0.4544142484664917,790.0,810.0,1600
5,250,0.13532735407352448,0.12691940367221832,0.13120742976665498,0.9816177487373352,0.9948979020118713,0.9881250000000001,0.13280140534043317,0.54625004529953,0.45374155044555664,816.0,784.0,1600
5,300,0.13480211794376373,0.11811238527297974,0.12633206665515898,0.9835025668144226,0.9950740337371826,0.9893749999999999,0.12681536197662352,0.5468912124633789,0.45312151312828064,788.0,812.0,1600
5,350,0.12697462737560272,0.12392377108335495,0.125475892573595,0.9877151250839233,0.9898216724395752,0.9887500000000001,0.12561980247497553,0.5472813844680786,0.4527197480201721,814.0,786.0,1600
5,400,0.14723922312259674,0.11662817001342773,0.13254593387246133,0.9747596979141235,0.9973958730697632,0.985625,0.13308721855282774,0.548309326171875,0.45173102617263794,832.0,768.0,1600
5,450,0.1370147466659546,0.13202254474163055,0.13458416938781734,0.9768576622009277,0.9884467720985413,0.9824999999999997,0.1347401356697083,0.5492733716964722,0.4507327377796173,821.0,779.0,1600
5,500,0.1391960084438324,0.12957817316055298,0.1343750597536564,0.9749372601509094,0.9875310659408569,0.9812500000000001,0.13618195950984954,0.5497298836708069,0.4502700865268707,798.0,802.0,1600
5,550,0.1498761773109436,0.13891996443271637,0.14432962447404854,0.9734179377555847,0.9851852059364319,0.979375,0.1444408193230629,0.5503395199775696,0.4496546983718872,790.0,810.0,1600
5,600,0.12277217954397202,0.12164921313524246,0.12221559181809427,0.9900866746902466,0.9924339056015015,0.9912500000000001,0.12191314876079558,0.550532341003418,0.44946804642677307,807.0,793.0,1600
5,650,0.12704823911190033,0.12284039705991745,0.12493116527795788,0.9861633777618408,0.9913042187690735,0.9887500000000001,0.12474192559719081,0.5509486198425293,0.4490540027618408,795.0,805.0,1600
5,700,0.12029822915792465,0.11580091714859009,0.11813109189271921,0.9891435503959656,0.9987030029296875,0.9937499999999998,0.11732368409633633,0.5509548783302307,0.44905826449394226,829.0,771.0,1600
5,750,0.11806626617908478,0.12088704854249954,0.11947842821478839,0.9899877309799194,0.9925094842910767,0.9912499999999997,0.11920355394482611,0.550960123538971,0.4490411579608917,799.0,801.0,1600
5,800,0.11467703431844711,0.11405368149280548,0.11436066120862957,0.9911167621612549,0.9926108121871948,0.9918749999999996,0.1140087978541851,0.5508413910865784,0.44915440678596497,788.0,812.0,1600
5,850,0.1191488578915596,0.1296759694814682,0.12481376215815546,0.9837619066238403,0.9907085299491882,0.9875,0.12346226632595059,0.5504685044288635,0.44953063130378723,739.0,861.0,1600
5,900,0.11563016474246979,0.11443506926298141,0.11504158690571785,0.9864532947540283,0.9961929321289062,0.9912500000000002,0.11542639315128327,0.5500414967536926,0.44996482133865356,812.0,788.0,1600
5,950,0.11819787323474884,0.11187250167131424,0.114892863035202,0.9882199764251709,0.9964115619659424,0.9925,0.1145464852452278,0.5502469539642334,0.44974273443222046,764.0,836.0,1600
5,1000,0.11365142464637756,0.11545301973819733,0.1145488406717777,0.9900373220443726,0.993726372718811,0.991875,0.1148563477396965,0.55028235912323,0.4497138261795044,803.0,797.0,1600
5,1050,0.1286374181509018,0.12540601193904877,0.1270378819108009,0.9863861799240112,0.9873736500740051,0.9868750000000002,0.12704171776771547,0.5502093434333801,0.4497986435890198,808.0,792.0,1600
5,1100,0.11928509920835495,0.12631350755691528,0.12284763291478155,0.9885931611061096,0.9864363670349121,0.9875,0.12292709916830064,0.5501529574394226,0.4498494565486908,789.0,811.0,1600
5,1150,0.128984272480011,0.11814001947641373,0.12340624541044233,0.9819819331169128,0.9902793169021606,0.9862500000000001,0.12299866884946821,0.550160825252533,0.4498349130153656,777.0,823.0,1600
5,1200,0.11830843240022659,0.12194660305976868,0.12016388714313507,0.9859691858291626,0.9950981736183167,0.9906249999999998,0.1192153452336788,0.5502533912658691,0.44974514842033386,784.0,816.0,1600
5,1250,0.12778827548027039,0.12027013301849365,0.12397754535078999,0.9822560548782349,0.9963007569313049,0.9893749999999999,0.12425783738493916,0.5503057241439819,0.44968751072883606,789.0,811.0,1600
5,1300,0.12497200071811676,0.1284671276807785,0.12672831073403357,0.9861809611320496,0.988805890083313,0.9875000000000002,0.12556590557098388,0.5503123998641968,0.44968876242637634,796.0,804.0,1600
5,1350,0.11726647615432739,0.11447078734636307,0.11585989713668823,0.9886793494224548,0.9975156784057617,0.9931249999999999,0.11621456056833264,0.5505242943763733,0.44948020577430725,795.0,805.0,1600
5,1400,0.12583352625370026,0.12305932492017746,0.12445335969328879,0.9850745797157288,0.9874369502067566,0.98625,0.12410298556089398,0.5504196286201477,0.44958627223968506,804.0,796.0,1600
5,1450,0.12400174885988235,0.11539460718631744,0.11952602148056024,0.9856770634651184,0.9963943362236023,0.9912500000000001,0.12050526380538937,0.5508676767349243,0.4491300582885742,768.0,832.0,1600
5,1500,0.14088071882724762,0.12160249054431915,0.1314344018697739,0.9742645621299744,0.9948979616165161,0.9843749999999997,0.13298449501395226,0.551733136177063,0.4482472836971283,816.0,784.0,1600
5,1550,0.13350988924503326,0.12908944487571716,0.13134660989046107,0.9853122234344482,0.9885059595108032,0.9868750000000001,0.13116126060485847,0.5522725582122803,0.4477308392524719,817.0,783.0,1600
5,1563,0.14034131169319153,0.1567063331604004,0.14797011990669673,0.9718310236930847,0.967741847038269,0.9699248120300752,0.14793385819235538,0.5522384643554688,0.44774219393730164,213.0,186.0,399
6,50,0.11776311695575714,0.12468816339969635,0.12113475054502484,0.9878196120262146,0.992297887802124,0.9899999999999998,0.11992268472909923,0.5518590211868286,0.44814521074295044,821.0,779.0,1600
6,100,0.12311829626560211,0.12001289427280426,0.12150152847170828,0.9830508232116699,0.9915967583656311,0.9874999999999999,0.12185843616724015,0.5519669055938721,0.4480099380016327,767.0,833.0,1600
6,150,0.11386416852474213,0.11040668189525604,0.11213111624121666,0.9887218475341797,0.9937655925750732,0.9912499999999997,0.11190656095743175,0.551980197429657,0.4480302631855011,798.0,802.0,1600
6,200,0.12087640911340714,0.1278539001941681,0.12439132586121558,0.9823678731918335,0.9913151264190674,0.986875,0.12489248290657995,0.5518210530281067,0.4481750726699829,794.0,806.0,1600
6,250,0.1164039596915245,0.11259133368730545,0.11457864686846733,0.9832133054733276,0.9973888397216797,0.9900000000000001,0.11448394417762758,0.5517554879188538,0.4482485055923462,834.0,766.0,1600
6,300,0.12397883832454681,0.13041412830352783,0.12713212758302686,0.9803920984268188,0.9910714030265808,0.985625,0.12792509183287615,0.5517441034317017,0.44824519753456116,816.0,784.0,1600
6,350,0.12909308075904846,0.12237028777599335,0.12587037846446036,0.9831933379173279,0.9882659912109375,0.985625,0.12627212435007096,0.5517939925193787,0.44821131229400635,833.0,767.0,1600
6,400,0.1299613118171692,0.12368065118789673,0.12696621283888807,0.9808841347694397,0.9921363592147827,0.9862499999999998,0.12707800894975657,0.5519726872444153,0.4480281174182892,837.0,763.0,1600
6,450,0.13126996159553528,0.1349688470363617,0.13315869763493537,0.98595130443573,0.979192316532135,0.9824999999999999,0.13329242393374446,0.5522345900535583,0.44775593280792236,783.0,817.0,1600
6,500,0.12815172970294952,0.14150109887123108,0.13500161588191983,0.9833120107650757,0.9792935252189636,0.9812499999999997,0.13400676995515823,0.5517402291297913,0.4482510983943939,779.0,821.0,1600
6,550,0.12151592969894409,0.11065264046192169,0.11592134281992908,0.9896907806396484,0.9975728392601013,0.9937499999999998,0.11715968966484071,0.5516671538352966,0.44832924008369446,776.0,824.0,1600
6,600,0.12152809649705887,0.11727646738290787,0.11946340173482893,0.9866341352462769,0.9948519468307495,0.9906249999999998,0.11840615347027775,0.551990807056427,0.4480045735836029,823.0,777.0,1600
6,650,0.14220087230205536,0.12147927284240723,0.13186597257852553,0.9725686311721802,0.9924810528755188,0.9824999999999996,0.1324914272129536,0.5525074601173401,0.4474611282348633,802.0,798.0,1600
6,700,0.13406331837177277,0.13818912208080292,0.13604115232825276,0.980792224407196,0.9830507636070251,0.981875,0.1369618998467922,0.5531168580055237,0.44687581062316895,833.0,767.0,1600
6,750,0.11849847435951233,0.1167636439204216,0.11762020692229269,0.9886075854301453,0.9938271641731262,0.9912500000000001,0.1175980600714683,0.553010880947113,0.4469953179359436,790.0,810.0,1600
6,800,0.13370853662490845,0.12773843109607697,0.13089140236377708,0.9775146842002869,0.9894037842750549,0.9831250000000001,0.13090759277343741,0.5534806847572327,0.44651079177856445,845.0,755.0,1600
6,850,0.12328797578811646,0.11611325293779373,0.11966473475098612,0.9873737096786499,0.9925743341445923,0.99,0.1220959731936454,0.5539345145225525,0.4460451602935791,792.0,808.0,1600
6,900,0.10106039047241211,0.10597284883260727,0.1035227610170841,0.9924812316894531,0.9987530708312988,0.9956250000000002,0.10280826926231382,0.5541978478431702,0.445809930562973,798.0,802.0,1600
6,950,0.10514884442090988,0.1063888818025589,0.1057650005817413,0.9925466179847717,0.9987421035766602,0.995625,0.10713680416345595,0.553917407989502,0.44608208537101746,805.0,795.0,1600
6,1000,0.13455387949943542,0.14667931199073792,0.14058628827333453,0.9763681888580322,0.9786432385444641,0.9774999999999999,0.14050936400890346,0.5537204742431641,0.4462641477584839,804.0,796.0,1600
6,1050,0.13962183892726898,0.12875467538833618,0.1341610811650753,0.9773868322372437,0.9900497198104858,0.9837500000000001,0.13636258780956256,0.5536417961120605,0.44635841250419617,796.0,804.0,1600
6,1100,0.12981070578098297,0.12105374038219452,0.12537203401327135,0.9822559356689453,0.995067834854126,0.98875,0.12503991529345507,0.5544218420982361,0.4455758333206177,789.0,811.0,1600
6,1150,0.10699895769357681,0.11567465215921402,0.11112533554434777,0.989272952079773,0.9947438836097717,0.9918749999999996,0.11132027894258498,0.5540983080863953,0.4458910822868347,839.0,761.0,1600
6,1200,0.11136636137962341,0.11357944458723068,0.11245352849364282,0.9889434576034546,0.993638813495636,0.99125,0.11202385127544401,0.5537139773368835,0.4462849497795105,814.0,786.0,1600
6,1250,0.12781834602355957,0.12594923377037048,0.12688493788242342,0.9787766337394714,0.9899873733520508,0.9843749999999999,0.1278537081182003,0.5535515546798706,0.44645559787750244,801.0,799.0,1600
6,1300,0.1340942531824112,0.14261451363563538,0.13846621498465536,0.9820283651351929,0.978075385093689,0.9800000000000001,0.14069110199809076,0.5532935857772827,0.4466949999332428,779.0,821.0,1600
6,1350,0.1193000078201294,0.11202824115753174,0.11568229749798774,0.9888060092926025,0.9949748516082764,0.9918749999999997,0.11649868041276928,0.553357720375061,0.44661885499954224,804.0,796.0,1600
6,1400,0.13737700879573822,0.12221567332744598,0.13002374082803722,0.980582594871521,0.987113356590271,0.9837500000000002,0.13021024584770202,0.5538470149040222,0.44614651799201965,824.0,776.0,1600
6,1450,0.13220342993736267,0.13753746449947357,0.13485044494271278,0.98014897108078,0.9886650443077087,0.984375,0.13393829241394992,0.5539869666099548,0.44601505994796753,806.0,794.0,1600
6,1500,0.1184268370270729,0.11250682175159454,0.11557042837142942,0.989130437374115,0.9961140155792236,0.9924999999999999,0.11595917269587513,0.5540209412574768,0.4459835886955261,828.0,772.0,1600
6,1550,0.11955105513334274,0.11733438819646835,0.11844965964555736,0.986335277557373,0.9937107563018799,0.9900000000000001,0.11917022734880445,0.5543427467346191,0.44567403197288513,805.0,795.0,1600
6,1563,0.11102398484945297,0.11541718989610672,0.11327013638533445,0.9846153855323792,1.0,0.9924812030075187,0.1133016846831281,0.5545241832733154,0.4454800486564636,195.0,204.0,399
7,50,0.11672047525644302,0.12101338803768158,0.11885352686047553,0.9863354563713074,0.99245285987854,0.9893749999999999,0.11864615663886073,0.5543025732040405,0.4456987977027893,805.0,795.0,1600
7,100,0.12646059691905975,0.12302344292402267,0.1247054938971996,0.9846742749214172,0.988984227180481,0.9868750000000001,0.12446482062339781,0.5541053414344788,0.4458961486816406,783.0,817.0,1600
7,150,0.12244056165218353,0.1368085741996765,0.12940905347466472,0.990291178226471,0.980670154094696,0.9856250000000001,0.1299821351468564,0.5538332462310791,0.44617989659309387,824.0,776.0,1600
7,200,0.12046607583761215,0.1214619129896164,0.12095341563224789,0.9840882420539856,0.9910600781440735,0.9875,0.12122838735580439,0.5534595251083374,0.44652995467185974,817.0,783.0,1600
7,250,0.10972176492214203,0.10420631617307663,0.10693646341562273,0.9936869144439697,0.9975247383117676,0.9956249999999999,0.10666452601552008,0.5535518527030945,0.4464506208896637,792.0,808.0,1600
7,300,0.11344780772924423,0.12194867432117462,0.11771418511867518,0.9874529242515564,0.9912828207015991,0.9893749999999998,0.11763989046216008,0.5535163283348083,0.44646957516670227,797.0,803.0,1600
7,350,0.13362309336662292,0.12132497131824493,0.12781222313642507,0.976303219795227,0.9907407760620117,0.9831250000000001,0.12767210692167286,0.5532879829406738,0.4467330574989319,844.0,756.0,1600
7,400,0.1290573626756668,0.12731504440307617,0.128160088956356,0.9832473397254944,0.987864077091217,0.9856249999999999,0.12982097089290612,0.553751528263092,0.4462403655052185,776.0,824.0,1600
7,450,0.1289774477481842,0.11771951615810394,0.12335550948977465,0.9787765145301819,0.9924906492233276,0.985625,0.12389396920800211,0.5540664196014404,0.4459550380706787,801.0,799.0,1600
7,500,0.11683471500873566,0.11477548629045486,0.1157729226350784,0.9883870482444763,0.9951515197753906,0.991875,0.1155500416457653,0.5545792579650879,0.4454135000705719,775.0,825.0,1600
7,550,0.1110982894897461,0.1197817251086235,0.11545628145337107,0.9899622797966003,0.995018720626831,0.9925,0.1154376876354217,0.5544479489326477,0.4455491006374359,797.0,803.0,1600
7,600,0.11449415236711502,0.11581265181303024,0.11519707068800925,0.9906291961669922,0.9964830279350281,0.9937500000000001,0.1163825759291649,0.5542883276939392,0.44570520520210266,747.0,853.0,1600
7,650,0.1253073662519455,0.12186630070209503,0.12361480504274364,0.9803197979927063,0.9923760890960693,0.9862499999999998,0.12422097846865653,0.5544694662094116,0.4455127418041229,813.0,787.0,1600
7,700,0.1204344853758812,0.11809991300106049,0.11925699144601824,0.9848677515983582,0.9938041567802429,0.9893749999999999,0.11991168364882467,0.5548534393310547,0.44512778520584106,793.0,807.0,1600
7,750,0.11542937159538269,0.11541890352964401,0.1154241345822811,0.988736093044281,0.9900123476982117,0.9893749999999998,0.1160959208011627,0.5548570156097412,0.4451400637626648,799.0,801.0,1600
7,800,0.12740521132946014,0.1283664107322693,0.12789540871977806,0.9859693050384521,0.9889705777168274,0.9875000000000002,0.12909801363945003,0.5549484491348267,0.445048451423645,784.0,816.0,1600
7,850,0.11620649695396423,0.12221967428922653,0.11929575011134148,0.9845757484436035,0.9902676343917847,0.9874999999999998,0.11966483667492865,0.5548012256622314,0.44519537687301636,778.0,822.0,1600
7,900,0.130842387676239,0.12001793086528778,0.12540309980511657,0.977387011051178,0.9937810301780701,0.9856249999999999,0.1265426324307918,0.5548805594444275,0.4451129138469696,796.0,804.0,1600
7,950,0.10795179754495621,0.11409423500299454,0.11105372309684755,0.9911616444587708,0.998762309551239,0.9949999999999999,0.11012897625565525,0.554842472076416,0.4451552927494049,792.0,808.0,1600
7,1000,0.12349166721105576,0.1268293559551239,0.12520225360989565,0.985897421836853,0.9878048300743103,0.9868750000000002,0.12423964112997057,0.5545369982719421,0.44546186923980713,780.0,820.0,1600
7,1050,0.13066811859607697,0.12812751531600952,0.12945660784840574,0.9761050939559937,0.9842726588249207,0.9800000000000002,0.13132543757557869,0.5547966957092285,0.44520434737205505,837.0,763.0,1600
7,1100,0.129844531416893,0.11419267952442169,0.12205772668123241,0.9838308095932007,0.9937186241149902,0.9887499999999999,0.12307522237300872,0.5551444888114929,0.4448545277118683,804.0,796.0,1600
7,1150,0.1319473683834076,0.1286994367837906,0.13034168556332582,0.9826948046684265,0.9860935807228088,0.984375,0.1294326904416084,0.555854320526123,0.4441641569137573,809.0,791.0,1600
7,1200,0.11556046456098557,0.11254019290208817,0.11408240333199499,0.9865361452102661,0.9987229108810425,0.9924999999999998,0.11286190524697304,0.5562923550605774,0.443704754114151,817.0,783.0,1600
7,1250,0.11173927783966064,0.1129087284207344,0.11231155425310131,0.9889840483665466,0.9961686134338379,0.9924999999999999,0.11172744691371914,0.5561721324920654,0.4438309669494629,817.0,783.0,1600
7,1300,0.11580589413642883,0.12779486179351807,0.12168798461556435,0.9840490818023682,0.9898090958595276,0.986875,0.12101671665906903,0.555656373500824,0.4443426728248596,815.0,785.0,1600
7,1350,0.12213781476020813,0.13521407544612885,0.12870863601565363,0.9811558127403259,0.9863184094429016,0.98375,0.128766373693943,0.5553252696990967,0.4446808695793152,796.0,804.0,1600
7,1400,0.13612107932567596,0.13813844323158264,0.13712598100304607,0.9763385653495789,0.9811795353889465,0.9787499999999998,0.13847686469554904,0.5548473596572876,0.4451484978199005,803.0,797.0,1600
7,1450,0.13190001249313354,0.11812730133533478,0.12491037353873248,0.9758883118629456,0.9938424229621887,0.9849999999999998,0.12589398980140679,0.5549985766410828,0.4450127184391022,788.0,812.0,1600
7,1500,0.12624868750572205,0.1289188712835312,0.1275470808148384,0.9781021475791931,0.9832905530929565,0.9806250000000003,0.12719934880733494,0.5551365613937378,0.4448670446872711,822.0,778.0,1600
7,1550,0.11585783213376999,0.124692901968956,0.12025329768657682,0.9888060688972473,0.9899495840072632,0.9893750000000001,0.12180994957685465,0.5549711585044861,0.4450176954269409,804.0,796.0,1600
7,1563,0.14784245193004608,0.14142514765262604,0.14460968948844677,0.9797980189323425,0.9900498390197754,0.9849624060150377,0.1470403092770947,0.5545175671577454,0.4454668462276459,198.0,201.0,399
8,50,0.1205531507730484,0.11136196553707123,0.11591159880161282,0.9810606241226196,0.9975247979164124,0.989375,0.11623561501502985,0.5549508333206177,0.44504234194755554,792.0,808.0,1600
8,100,0.11159985512495041,0.11867059022188187,0.11525896012783045,0.9870466589927673,0.9915458559989929,0.989375,0.1147211720049381,0.55472332239151,0.445273220539093,772.0,828.0,1600
8,150,0.1279032677412033,0.12838493287563324,0.12813928142189976,0.9828430414199829,0.9872447848320007,0.985,0.12793895184993742,0.554753839969635,0.44524073600769043,816.0,784.0,1600
8,200,0.12827207148075104,0.12913848459720612,0.12869500100612638,0.9841271042823792,0.9935979843139648,0.98875,0.12932268664240837,0.5545234680175781,0.4454752504825592,819.0,781.0,1600
8,250,0.11738476902246475,0.12286332994699478,0.12009324118494986,0.9851669073104858,0.992414653301239,0.9887499999999999,0.1195793418586254,0.5541214942932129,0.44587242603302,809.0,791.0,1600
8,300,0.12168627232313156,0.11075220257043839,0.11618506208062172,0.9836477041244507,0.9975153803825378,0.9906250000000001,0.11563525721430776,0.5544098615646362,0.4455939829349518,795.0,805.0,1600
8,350,0.12100480496883392,0.12120888382196426,0.12110429495573047,0.9865853786468506,0.9935898780822754,0.9899999999999998,0.12140774726867672,0.5548915863037109,0.4451121985912323,820.0,780.0,1600
8,400,0.11738256365060806,0.12107512354850769,0.11923115521669389,0.9837297201156616,0.9862672090530396,0.985,0.11785231173038482,0.5546396970748901,0.44537046551704407,799.0,801.0,1600
8,450,0.12932108342647552,0.12258913367986679,0.1258078542351723,0.983006477355957,0.9916167259216309,0.9875000000000002,0.12478038951754568,0.5546731948852539,0.4453337788581848,765.0,835.0,1600
8,500,0.10627232491970062,0.10825222730636597,0.10722762003540989,0.9903382062911987,0.9987046718597412,0.9943749999999997,0.10750770479440687,0.5548267364501953,0.44517630338668823,828.0,772.0,1600
8,550,0.14188234508037567,0.13218243420124054,0.1369778183102609,0.9747157692909241,0.9876389503479004,0.98125,0.1369832253456115,0.5544576048851013,0.44554421305656433,791.0,809.0,1600
8,600,0.13083115220069885,0.12455589324235916,0.12777981251478196,0.9744524955749512,0.98586106300354,0.9799999999999996,0.12836197897791862,0.5550899505615234,0.4448939263820648,822.0,778.0,1600
8,650,0.12645800411701202,0.12662957608699799,0.12654398590326313,0.9812031388282776,0.990024983882904,0.985625,0.12768441885709755,0.5552436113357544,0.4447440207004547,798.0,802.0,1600
8,700,0.11881758272647858,0.11851510405540466,0.11866463318467141,0.9835652709007263,0.9925833940505981,0.988125,0.1190000033378601,0.5554636716842651,0.4445364475250244,791.0,809.0,1600
8,750,0.12933920323848724,0.11993209272623062,0.12462387442588804,0.9786967635154724,0.9950124025344849,0.9868750000000001,0.12398833960294721,0.5558518767356873,0.4441523849964142,798.0,802.0,1600
8,800,0.11176469177007675,0.12023038417100906,0.11603987276554105,0.988636314868927,0.9913366436958313,0.99,0.11523704588413236,0.5557996034622192,0.444211483001709,792.0,808.0,1600
8,850,0.12913937866687775,0.12871721386909485,0.1289293463528156,0.9813432693481445,0.9886934757232666,0.985,0.12918057978153225,0.5554858446121216,0.44450870156288147,804.0,796.0,1600
8,900,0.12650686502456665,0.12361788749694824,0.12505874767899514,0.984962522983551,0.9862842559814453,0.9856250000000001,0.12466375455260276,0.5551384687423706,0.44486019015312195,798.0,802.0,1600
8,950,0.12354127317667007,0.12173381447792053,0.12263076007366178,0.9836270213127136,0.9900744557380676,0.9868750000000001,0.12293844059109685,0.5549144744873047,0.4450884461402893,794.0,806.0,1600
8,1000,0.11573824286460876,0.10961499065160751,0.11268426939845087,0.990024983882904,0.9949874877929688,0.9925,0.11226249620318411,0.555137574672699,0.4448605477809906,802.0,798.0,1600
8,1050,0.1223626360297203,0.12330292165279388,0.12282866507768633,0.9826518893241882,0.991172730922699,0.986875,0.12242550715804096,0.5553180575370789,0.44468629360198975,807.0,793.0,1600
8,1100,0.146015003323555,0.1368895024061203,0.14128115013241777,0.9701299071311951,0.9843372106552124,0.9775,0.1424051284790038,0.5554825067520142,0.4445052742958069,770.0,830.0,1600
8,1150,0.12699732184410095,0.12775440514087677,0.12738626673817632,0.9871464371681213,0.9854013919830322,0.9862500000000001,0.1269517458975315,0.5555596351623535,0.4444434344768524,778.0,822.0,1600
8,1200,0.13168096542358398,0.12659434974193573,0.12912494674324995,0.9811556935310364,0.992537260055542,0.9868750000000002,0.1301401935517788,0.5556164979934692,0.44438472390174866,796.0,804.0,1600
8,1250,0.12291321903467178,0.1301678717136383,0.12651787400245662,0.9813663959503174,0.9924529790878296,0.9868750000000001,0.12599886953830716,0.5555934906005859,0.44441092014312744,805.0,795.0,1600
8,1300,0.1232699602842331,0.1284940242767334,0.12591793164610862,0.9873256683349609,0.9864364862442017,0.9868750000000001,0.12521322071552274,0.5547760725021362,0.44521644711494446,789.0,811.0,1600
8,1350,0.10872548818588257,0.10705368220806122,0.10791047215461728,0.9926828145980835,0.9961538314819336,0.9943749999999999,0.10821243673563004,0.5547977685928345,0.4451982378959656,820.0,780.0,1600
8,1400,0.11820093542337418,0.11327668279409409,0.11581268072128292,0.9842232465744019,0.9935566186904907,0.9887499999999999,0.11569585368037226,0.5546831488609314,0.44532784819602966,824.0,776.0,1600
8,1450,0.1359092891216278,0.12902860343456268,0.1325076381862163,0.9802225232124329,0.9924147129058838,0.9862500000000002,0.134076034873724,0.5554022789001465,0.444589227437973,809.0,791.0,1600
8,1500,0.11499759554862976,0.1326453685760498,0.12378840863704679,0.9850560426712036,0.9874529838562012,0.9862500000000002,0.12367194443941112,0.5552366971969604,0.44476571679115295,803.0,797.0,1600
8,1550,0.1365068405866623,0.12001004815101624,0.1282274992763996,0.979924738407135,0.9912827610969543,0.985625,0.12738812506198893,0.5551453232765198,0.44480958580970764,797.0,803.0,1600
8,1563,0.1255171149969101,0.11900917440652847,0.12225498895821413,0.979899525642395,1.0,0.9899749373433584,0.12339782742853449,0.5555098652839661,0.44448381662368774,199.0,200.0,399
9,50,0.12457042932510376,0.11456695199012756,0.11959994688630096,0.9788820147514343,0.9937106370925903,0.9862500000000002,0.11991884976625439,0.5556586980819702,0.44430840015411377,805.0,795.0,1600
9,100,0.11202041059732437,0.12147644907236099,0.11673069983720777,0.9925280809402466,0.987453043460846,0.99,0.11652376830577846,0.5556215643882751,0.44438591599464417,803.0,797.0,1600
9,150,0.11922091245651245,0.1171029582619667,0.11818841204047202,0.9829269647598267,0.9923076629638672,0.9875,0.11790699884295462,0.555555522441864,0.44443267583847046,820.0,780.0,1600
9,200,0.11534812301397324,0.11340147256851196,0.11435167774558065,0.98975670337677,0.9951159954071045,0.9925,0.11400127246975895,0.5556817054748535,0.4443162679672241,781.0,819.0,1600
9,250,0.11872899532318115,0.13095566630363464,0.12472771674394603,0.979141116142273,0.9847133755683899,0.981875,0.12305636703968047,0.5556175112724304,0.44439834356307983,815.0,785.0,1600
9,300,0.10740529745817184,0.10595813393592834,0.10670071333646776,0.991473913192749,0.9961488246917725,0.99375,0.10602873980998989,0.5551455616950989,0.4448509216308594,821.0,779.0,1600
9,350,0.11785878986120224,0.11959054321050644,0.11874524757266047,0.9859156012535095,0.9926739931106567,0.9893749999999999,0.11927113369107245,0.5550873279571533,0.4448995292186737,781.0,819.0,1600
9,400,0.12825575470924377,0.13154135644435883,0.1299252298474311,0.9809402823448181,0.9864699244499207,0.9837499999999999,0.13045441731810567,0.5551974177360535,0.4447855055332184,787.0,813.0,1600
9,450,0.12736734747886658,0.12968388199806213,0.1285140426456928,0.9826734066009521,0.9861111640930176,0.9843749999999999,0.1286274616420269,0.555043637752533,0.44494399428367615,808.0,792.0,1600
9,500,0.13853050768375397,0.13564786314964294,0.13706216111779213,0.9732482433319092,0.9840490818023682,0.9787499999999999,0.13857154920697215,0.5546776652336121,0.4452970623970032,785.0,815.0,1600
9,550,0.1348620504140854,0.134426549077034,0.1346503160893917,0.9817517995834351,0.9845758676528931,0.9831249999999999,0.13492830187082294,0.5545472502708435,0.4454694986343384,822.0,778.0,1600
9,600,0.11831947416067123,0.11088547855615616,0.11468148350715635,0.9853121042251587,0.9961685538291931,0.990625,0.11640680178999897,0.5550631880760193,0.444924533367157,817.0,783.0,1600
9,650,0.11745696514844894,0.11295425891876221,0.11515496835112568,0.9833760261535645,0.9938874244689941,0.9887500000000001,0.11728379338979723,0.555271565914154,0.44469279050827026,782.0,818.0,1600
9,700,0.11625503748655319,0.11737300455570221,0.11681961119174954,0.9886363744735718,0.9925743341445923,0.9906249999999999,0.11647496834397314,0.5555475950241089,0.4444495141506195,792.0,808.0,1600
9,750,0.1289294809103012,0.12343441694974899,0.12623687341809267,0.975490152835846,0.9936224818229675,0.9843750000000002,0.12653892651200285,0.5555749535560608,0.4444035291671753,816.0,784.0,1600
9,800,0.11726251244544983,0.12636695802211761,0.12172367051243782,0.9865195751190186,0.9923468828201294,0.9893749999999999,0.12063598245382304,0.5554308295249939,0.44457143545150757,816.0,784.0,1600
9,850,0.10630540549755096,0.11410769075155258,0.1101724039018154,0.9876084327697754,0.9936949014663696,0.9906249999999998,0.10902201250195505,0.5548475980758667,0.4451729655265808,807.0,793.0,1600
9,900,0.12271291017532349,0.11171327531337738,0.11745370224118229,0.9832335114479065,0.996078372001648,0.989375,0.11736782431602474,0.5551772713661194,0.4447818398475647,835.0,765.0,1600
9,950,0.1041780486702919,0.10490000247955322,0.10455572128295901,0.9908257722854614,0.9988052248954773,0.9949999999999999,0.10417424649000168,0.5552690029144287,0.4447340667247772,763.0,837.0,1600
9,1000,0.11205518990755081,0.11354561895132065,0.11281437739729876,0.983439564704895,0.9938650727272034,0.9887500000000001,0.1131393139064312,0.5552311539649963,0.4447673261165619,785.0,815.0,1600
9,1050,0.13129867613315582,0.12135852128267288,0.12653981983661652,0.9796164035797119,0.9882506132125854,0.9837500000000001,0.12573745101690292,0.5553717017173767,0.4446290135383606,834.0,766.0,1600
9,1100,0.1274816393852234,0.14176765084266663,0.13477642446756363,0.982120156288147,0.9816400408744812,0.9818749999999998,0.13333899974823,0.5552042722702026,0.444786012172699,783.0,817.0,1600
9,1150,0.1417868584394455,0.1254943609237671,0.13378318324685096,0.9680588841438293,0.9987277984619141,0.9831249999999999,0.13305878847837443,0.5551953911781311,0.4448108375072479,814.0,786.0,1600
9,1200,0.12249233573675156,0.1319529414176941,0.12750644996762275,0.9827128052711487,0.9870282411575317,0.985,0.12716858625411992,0.555836021900177,0.44416242837905884,752.0,848.0,1600
9,1250,0.13035331666469574,0.13201189041137695,0.13117224723100662,0.9740740060806274,0.9873418211936951,0.9806250000000002,0.1321676535904407,0.5556337833404541,0.444341778755188,810.0,790.0,1600
9,1300,0.12494019418954849,0.11832036823034286,0.12163855656981461,0.9825435280799866,0.9912281036376953,0.986875,0.12245306119322778,0.5557737946510315,0.444229394197464,802.0,798.0,1600
9,1350,0.102926105260849,0.10673774778842926,0.10482955411076549,0.9937577843666077,0.996245265007019,0.995,0.10435519427061082,0.5555242896080017,0.4444722831249237,801.0,799.0,1600
9,1400,0.13606461882591248,0.12560376524925232,0.1308930484950542,0.976514458656311,0.9911503791809082,0.9837499999999998,0.13216344535350805,0.555755615234375,0.44423431158065796,809.0,791.0,1600
9,1450,0.1152314618229866,0.12096066772937775,0.11813188657164572,0.9873418211936951,0.9876543283462524,0.9875000000000002,0.11815126940608024,0.5561354756355286,0.4438653290271759,790.0,810.0,1600
9,1500,0.1215135008096695,0.12040751427412033,0.12094737142324444,0.980793833732605,0.989010751247406,0.9850000000000001,0.11871746063232419,0.5559518933296204,0.44405636191368103,781.0,819.0,1600
9,1550,0.13792088627815247,0.1261010617017746,0.13195187777280803,0.9760101437568665,0.9851486682891846,0.9806250000000001,0.13264701098203668,0.5562827587127686,0.4437265396118164,792.0,808.0,1600
9,1563,0.10896515101194382,0.11181638389825821,0.11043720509399446,0.9844560027122498,1.0,0.9924812030075187,0.11069550886190026,0.5566214919090271,0.44337183237075806,193.0,206.0,399
