epoch,batch,loss_group:0,loss_group:1,loss_group:2,loss_avg,acc_group:0,acc_group:1,acc_group:2,acc_avg,objective,weight_group:0,weight_group:1,weight_group:2,count_group:0,count_group:1,count_group:2,count
0,8,0.6371312141418457,0.6086370348930359,0.3298775851726532,0.5410194110870361,0.542553186416626,0.6064140200614929,1.0,0.6930000033378603,0.5263544528484344,0.3353945314884186,0.3343952000141144,0.33043789863586426,376.0,343.0,281.0,1000
1,8,0.4939849376678467,0.5279708504676819,0.2835475206375122,0.4379087319374085,0.7125381827354431,0.6914284825325012,1.0,0.7980000009536743,0.4358481445312499,0.3372191786766052,0.33701562881469727,0.3258132040500641,327.0,350.0,323.0,1000
2,8,0.4219784736633301,0.46056920289993286,0.2386626899242401,0.36949162387847895,0.7648809552192688,0.7596153020858765,1.0,0.8460000057220458,0.3751811881065369,0.338628888130188,0.33919382095336914,0.32216861844062805,336.0,312.0,352.0,1000
3,8,0.41619542241096497,0.41319653391838074,0.22989414632320404,0.3559439737796784,0.763005793094635,0.8065475821495056,1.0,0.853000006198883,0.35355031418800353,0.339899480342865,0.34119459986686707,0.31894710659980774,346.0,336.0,318.0,1000
4,8,0.35070765018463135,0.3975030779838562,0.21355058252811432,0.3210819227695465,0.8567072749137878,0.8235294222831726,1.0,0.8930000052452087,0.3247609767913819,0.34108084440231323,0.3431200683116913,0.31581398844718933,328.0,340.0,332.0,1000
5,8,0.3599419593811035,0.3252260088920593,0.202491894364357,0.2955726706981659,0.8287293314933777,0.8809524178504944,1.0,0.9030000052452087,0.2978881912231445,0.3423175513744354,0.34444019198417664,0.31332069635391235,362.0,294.0,344.0,1000
6,8,0.3345228433609009,0.32218846678733826,0.20199887454509735,0.2862018389701843,0.8635014891624451,0.8632218837738037,1.0,0.9090000042915345,0.2886593623161316,0.34385553002357483,0.3450402319431305,0.31108373403549194,337.0,329.0,334.0,1000
7,8,0.31089428067207336,0.3465231657028198,0.17898033559322357,0.2813415567874908,0.8692097663879395,0.8447204232215881,1.0,0.9020000042915345,0.2831918444633484,0.34473681449890137,0.3465987741947174,0.3086376190185547,367.0,322.0,311.0,1000
8,8,0.31735530495643616,0.2900519371032715,0.17882847785949707,0.2617808933258057,0.8517350554466248,0.9002848863601685,1.0,0.9180000028610229,0.2671894087791443,0.34577929973602295,0.3477417826652527,0.3064625859260559,317.0,351.0,332.0,1000
9,8,0.272665411233902,0.2702757716178894,0.19467231631278992,0.24759950685501098,0.905714213848114,0.9174041748046875,1.0,0.9390000057220459,0.24897695374488826,0.34699055552482605,0.3482925593852997,0.3047281801700592,350.0,339.0,311.0,1000
10,8,0.2915976345539093,0.2821741998195648,0.17417164146900177,0.2510710308551788,0.8924419283866882,0.8994083404541016,1.0,0.9290000019073485,0.2510735651254654,0.34765633940696716,0.34936875104904175,0.3030273914337158,344.0,338.0,318.0,1000
11,8,0.27749574184417725,0.2750786542892456,0.16761398315429688,0.2407788358926773,0.8936782479286194,0.9015384912490845,1.0,0.9310000019073486,0.2441723380088806,0.34853237867355347,0.3500523567199707,0.30137068033218384,348.0,325.0,327.0,1000
12,8,0.27343612909317017,0.23823852837085724,0.1612728387117386,0.22289602017402652,0.8988094925880432,0.9196141362190247,1.0,0.9410000019073487,0.2282609026432037,0.34980857372283936,0.35055890679359436,0.2996161878108978,336.0,311.0,353.0,1000
13,8,0.32594430446624756,0.25074946880340576,0.16684235632419586,0.24943609261512756,0.8356939554214478,0.9047618508338928,1.0,0.9120000014305115,0.25064480328559874,0.3515428304672241,0.35071486234664917,0.2977129817008972,353.0,315.0,332.0,1000
14,8,0.28890562057495117,0.24366961419582367,0.16580195724964142,0.23362718319892883,0.8652695417404175,0.909621000289917,1.0,0.9240000047683715,0.23772970485687256,0.3530631363391876,0.3508550822734833,0.29609450697898865,334.0,343.0,323.0,1000
15,8,0.2826840877532959,0.2341010719537735,0.14819052815437317,0.22426369047164918,0.8860397934913635,0.9226190447807312,1.0,0.934000002861023,0.22568791151046752,0.3545551598072052,0.35127463936805725,0.29414990544319153,351.0,336.0,313.0,1000
16,8,0.20752175152301788,0.2725149989128113,0.1453632414340973,0.20974006700515746,0.9246988296508789,0.8604651689529419,1.0,0.9270000057220459,0.21195945429801938,0.3553422689437866,0.3522619605064392,0.2924115061759949,332.0,344.0,324.0,1000
17,8,0.26348379254341125,0.23460650444030762,0.15174981951713562,0.21426496148109436,0.8999999761581421,0.9020269513130188,1.0,0.9370000047683716,0.22109448611736296,0.3558964133262634,0.3532494902610779,0.2909011244773865,340.0,296.0,364.0,1000
18,8,0.25793513655662537,0.2633481025695801,0.14360852539539337,0.2235779711008072,0.8907563090324402,0.883791983127594,1.0,0.9230000042915345,0.23010112190246582,0.3566737174987793,0.35421767830848694,0.2891197204589844,357.0,327.0,316.0,1000
19,8,0.2243289202451706,0.21566176414489746,0.1450745016336441,0.19462749433517454,0.8982036709785461,0.9113149642944336,1.0,0.9370000014305114,0.19889755702018738,0.35762879252433777,0.35475489497184753,0.2876025140285492,334.0,327.0,339.0,1000
20,8,0.24632012844085693,0.23009464144706726,0.14461475610733032,0.20656119418144223,0.9015384316444397,0.9142012596130371,1.0,0.93900000333786,0.21083222913742064,0.35860705375671387,0.3553360104560852,0.286051869392395,325.0,338.0,337.0,1000
21,8,0.2649810314178467,0.2509121596813202,0.14781010150909424,0.22188753962516783,0.9022988080978394,0.8947367668151855,1.0,0.9320000028610228,0.22718409538269044,0.359782338142395,0.35577428340911865,0.2844882607460022,348.0,323.0,329.0,1000
22,8,0.2818315327167511,0.21159352362155914,0.14296391606330872,0.21171413516998291,0.8791540861129761,0.9216867685317993,1.0,0.9340000052452087,0.21709594345092773,0.361210435628891,0.35613560676574707,0.28270861506462097,331.0,332.0,337.0,1000
23,8,0.26675137877464294,0.22411684691905975,0.1480158567428589,0.21308485102653504,0.8765822649002075,0.9116021394729614,1.0,0.9290000052452088,0.21920543217658997,0.3627215623855591,0.3562087416648865,0.28100883960723877,316.0,362.0,322.0,1000
24,8,0.23984716832637787,0.25393620133399963,0.1580808460712433,0.2161010022163391,0.9035370349884033,0.873529314994812,1.0,0.92700000667572,0.22184037113189697,0.36384108662605286,0.3565451502799988,0.2796439826488495,311.0,340.0,349.0,1000
25,8,0.22879420220851898,0.2325403094291687,0.15042518079280853,0.20313110935688017,0.8975904583930969,0.9138461947441101,1.0,0.9380000009536742,0.2063760678768158,0.3643970489501953,0.35762819647789,0.2779519855976105,332.0,325.0,343.0,1000
26,8,0.2616707384586334,0.25815072655677795,0.1528872549533844,0.2256491322517395,0.8958333730697632,0.875,1.0,0.9220000014305113,0.23104096245765687,0.3650817573070526,0.3582388460636139,0.27661630511283875,336.0,344.0,320.0,1000
27,8,0.24832583963871002,0.23729482293128967,0.15214262902736664,0.21440686440467832,0.9054440855979919,0.8961424231529236,1.0,0.9320000038146973,0.21897599148750307,0.3659193515777588,0.35898280143737793,0.2751201093196869,349.0,337.0,314.0,1000
28,8,0.24235518276691437,0.22713054716587067,0.14328140020370483,0.20282997703552247,0.896551787853241,0.9130434989929199,1.0,0.938000005722046,0.20972124409675597,0.36678484082221985,0.35964179039001465,0.2735942304134369,348.0,299.0,353.0,1000
29,8,0.256092369556427,0.2612672746181488,0.14587213099002838,0.221704785823822,0.903323233127594,0.8621701002120972,1.0,0.9210000047683716,0.22832249855995176,0.3676604628562927,0.36024606227874756,0.2720962464809418,331.0,341.0,328.0,1000
30,8,0.24283510446548462,0.1933586597442627,0.1467333287000656,0.19591615891456604,0.8973606824874878,0.9318181872367859,1.0,0.9410000057220461,0.19932863783836366,0.3690585792064667,0.36046311259269714,0.2705221176147461,341.0,352.0,307.0,1000
31,8,0.2481667548418045,0.21020010113716125,0.15934908390045166,0.2056675423383713,0.8839285373687744,0.9320987462997437,1.0,0.9390000042915345,0.20954541110992433,0.36989837884902954,0.36057308316230774,0.26956117153167725,336.0,324.0,340.0,1000
32,8,0.23169533908367157,0.2051135003566742,0.15128420293331146,0.19681561529636382,0.9109194278717041,0.9447851777076721,1.0,0.9510000028610229,0.19918362522125246,0.37093329429626465,0.3605516850948334,0.2685368061065674,348.0,326.0,326.0,1000
33,8,0.24167940020561218,0.19842112064361572,0.14867335557937622,0.19474608266353605,0.9158877730369568,0.9325152635574341,1.0,0.9510000023841858,0.20057146239280702,0.3721025586128235,0.36061492562294006,0.2672802805900574,321.0,326.0,353.0,1000
34,8,0.2145533561706543,0.21919965744018555,0.14735156297683716,0.19404908442497257,0.9237536787986755,0.903323233127594,1.0,0.9420000047683715,0.1969994832277298,0.372954785823822,0.3608017563819885,0.26620835065841675,341.0,331.0,328.0,1000
35,8,0.24438831210136414,0.2023526132106781,0.13290449976921082,0.1907186588048935,0.9150943756103516,0.9130434393882751,1.0,0.9450000019073486,0.1988846422433853,0.3738554120063782,0.3611155152320862,0.2650327980518341,318.0,322.0,360.0,1000
36,8,0.2428693324327469,0.22254182398319244,0.15196114778518677,0.20561384212970735,0.890625,0.8936781287193298,1.0,0.9280000014305116,0.21366201472282412,0.37517082691192627,0.361116498708725,0.2637091279029846,320.0,348.0,332.0,1000
37,8,0.21518993377685547,0.1772555410861969,0.14779308438301086,0.1801776206493378,0.9244711995124817,0.9385964870452881,1.0,0.9540000033378602,0.18258329057693484,0.3759779632091522,0.3614276945590973,0.26261717081069946,331.0,342.0,327.0,1000
38,8,0.2436327487230301,0.2044152319431305,0.1389210969209671,0.1960459237098694,0.9190031290054321,0.8969358801841736,1.0,0.9370000019073486,0.2016010494232178,0.3768787086009979,0.3615056872367859,0.2616341710090637,321.0,359.0,320.0,1000
39,8,0.21752578020095825,0.1908493936061859,0.1341702938079834,0.18132861518859864,0.9205882549285889,0.9307229518890381,1.0,0.9500000057220459,0.18618954849243163,0.3779531717300415,0.3616331219673157,0.26044967770576477,340.0,332.0,328.0,1000
40,8,0.2351618856191635,0.2342875897884369,0.1319042146205902,0.19771546995639802,0.9021406769752502,0.9009584784507751,1.0,0.9370000066757203,0.2070151903629303,0.37893661856651306,0.36204424500465393,0.259021520614624,327.0,313.0,360.0,1000
41,8,0.23223945498466492,0.2050316035747528,0.14695143699645996,0.19450993978977202,0.8975154757499695,0.9046242833137512,1.0,0.9340000066757203,0.20068097233772278,0.3799654245376587,0.3623146414756775,0.2577308118343353,322.0,346.0,332.0,1000
42,8,0.21854005753993988,0.18914733827114105,0.13007807731628418,0.17867549383640288,0.9015384912490845,0.9315475821495056,1.0,0.9450000033378599,0.18614260733127594,0.3806424140930176,0.36265555024147034,0.2566846013069153,325.0,336.0,339.0,1000
43,8,0.24042865633964539,0.22375646233558655,0.14107632637023926,0.20263664507865908,0.8970588445663452,0.8928571939468384,1.0,0.9290000052452088,0.20832464230060577,0.38179415464401245,0.36284562945365906,0.25540077686309814,340.0,336.0,324.0,1000
44,8,0.22867737710475922,0.21937498450279236,0.13087815046310425,0.1934781509637833,0.9190751314163208,0.898461639881134,1.0,0.9390000042915344,0.20121010637283326,0.3825995624065399,0.36338844895362854,0.25404056906700134,346.0,325.0,329.0,1000
45,8,0.22333276271820068,0.2153923362493515,0.12783998250961304,0.18811740720272063,0.9166667461395264,0.9099379181861877,1.0,0.9430000033378602,0.19691284561157224,0.38355252146720886,0.36401066184043884,0.25240853428840637,336.0,322.0,342.0,1000
46,8,0.2456645667552948,0.2215961366891861,0.136357843875885,0.20119651699066163,0.8838526606559753,0.9155845046043396,1.0,0.9330000019073487,0.20784806442260742,0.384830504655838,0.36409467458724976,0.25110727548599243,353.0,308.0,339.0,1000
47,8,0.2058439552783966,0.20143721997737885,0.13346971571445465,0.1798831877708435,0.9037266373634338,0.9264705777168274,1.0,0.94400000667572,0.18566407263278964,0.385254830121994,0.36470258235931396,0.2500534653663635,322.0,340.0,338.0,1000
48,8,0.24672295153141022,0.2703212797641754,0.1398715376853943,0.21640313553810123,0.8908554315567017,0.8608413934707642,1.0,0.9200000057220459,0.22698750734329226,0.38601154088974,0.36550918221473694,0.2485286295413971,339.0,309.0,352.0,1000
49,8,0.20609290897846222,0.17907685041427612,0.14509108662605286,0.17518123555183412,0.9468750357627869,0.9260450005531311,1.0,0.9600000047683717,0.18172302913665775,0.38663482666015625,0.3660624921321869,0.2472834438085556,320.0,311.0,369.0,1000
50,8,0.23299463093280792,0.1853560358285904,0.15292192995548248,0.1914560397863388,0.9085714221000671,0.9290122985839844,1.0,0.94500000333786,0.19637012267112733,0.3876136243343353,0.36582595109939575,0.24657541513442993,350.0,324.0,326.0,1000
51,8,0.19821050763130188,0.2006748914718628,0.14379331469535828,0.18060362553596496,0.9475218653678894,0.9059561491012573,1.0,0.9520000009536744,0.1850327515602112,0.3884386122226715,0.36579540371894836,0.24575768411159515,343.0,319.0,338.0,1000
52,8,0.2489045411348343,0.2097291350364685,0.13869063556194305,0.19929005253314971,0.8944281339645386,0.9012344479560852,1.0,0.9320000019073486,0.20681633615493775,0.38929691910743713,0.3660105764865875,0.2446708381175995,341.0,324.0,335.0,1000
53,8,0.24129152297973633,0.20748066902160645,0.1503307968378067,0.20199805569648746,0.9085715413093567,0.9250720739364624,1.0,0.9420000028610229,0.206544517993927,0.3905356526374817,0.3659694492816925,0.24350899457931519,350.0,347.0,303.0,1000
54,8,0.22530189156532288,0.18301746249198914,0.13717307150363922,0.18309384977817536,0.9062501192092896,0.9200000166893005,1.0,0.941000005722046,0.18908826386928557,0.39162880182266235,0.3659231960773468,0.24243219196796417,352.0,325.0,323.0,1000
55,8,0.18344959616661072,0.20052465796470642,0.13167515397071838,0.1714452517032623,0.9312500953674316,0.9050445556640625,1.0,0.9460000019073486,0.1757841148376465,0.3922680914402008,0.36624875664711,0.24147409200668335,320.0,337.0,343.0,1000
56,8,0.23747989535331726,0.177186980843544,0.13762710988521576,0.18372743451595308,0.9015384316444397,0.9246376752853394,1.0,0.9420000033378602,0.19145068848133087,0.393038809299469,0.36641353368759155,0.24053843319416046,325.0,345.0,330.0,1000
57,8,0.22894540429115295,0.21108952164649963,0.14033006131649017,0.19616414916515357,0.8997133374214172,0.9034091234207153,1.0,0.9310000042915345,0.20175911974906924,0.39420580863952637,0.3664076328277588,0.23939140141010284,349.0,352.0,299.0,1000
58,8,0.21758250892162323,0.20331324636936188,0.14250126481056213,0.18579853272438052,0.8979591727256775,0.9169054627418518,1.0,0.9410000057220459,0.19455598306655886,0.39507654309272766,0.3665423095226288,0.2384086549282074,294.0,349.0,357.0,1000
59,8,0.22338496148586273,0.21152028441429138,0.13133475184440613,0.1881516978740692,0.9014924764633179,0.8919752836227417,1.0,0.9320000042915344,0.1968605791330338,0.39559587836265564,0.3670586943626404,0.23733749985694885,335.0,324.0,341.0,1000
60,8,0.21730689704418182,0.19618140161037445,0.14534252882003784,0.1867021383047104,0.9093655943870544,0.9014492034912109,1.0,0.9360000019073486,0.19330864715576174,0.39665818214416504,0.36724674701690674,0.23613405227661133,331.0,345.0,324.0,1000
61,8,0.222866490483284,0.19538746774196625,0.12864920496940613,0.18212178313732147,0.9171779751777649,0.9178885817527771,1.0,0.9450000057220459,0.19053919172286984,0.39747992157936096,0.3672894835472107,0.2352369874715805,326.0,341.0,333.0,1000
62,8,0.21183238923549652,0.20914429426193237,0.13719095289707184,0.18557531118392945,0.9309309720993042,0.9296636581420898,1.0,0.9540000019073487,0.19394041478633878,0.39841368794441223,0.36757367849349976,0.2340085208415985,333.0,327.0,340.0,1000
63,8,0.2008388340473175,0.1923886239528656,0.14707373082637787,0.1796910220384598,0.9171779155731201,0.9309309124946594,1.0,0.9500000042915344,0.18737161421775822,0.39881259202957153,0.3678933084011078,0.2332598716020584,326.0,333.0,341.0,1000
64,8,0.2331988662481308,0.1749044507741928,0.14612731337547302,0.18438617181777955,0.9090908765792847,0.9274923801422119,1.0,0.9460000019073485,0.19193867528438568,0.4001868665218353,0.36742153763771057,0.2323867380619049,330.0,331.0,339.0,1000
65,8,0.19460074603557587,0.204447403550148,0.14727269113063812,0.18247836291790012,0.9331395626068115,0.9093655943870544,1.0,0.94700000333786,0.1880738437175751,0.4005930721759796,0.3677750825881958,0.23160496354103088,344.0,331.0,325.0,1000
66,8,0.21145747601985931,0.19688564538955688,0.1314055174589157,0.18095133495330815,0.9041534066200256,0.9197860360145569,1.0,0.9400000052452087,0.18747034168243407,0.4011283218860626,0.3681838810443878,0.2306906133890152,313.0,374.0,313.0,1000
67,8,0.20264309644699097,0.17711997032165527,0.15335682034492493,0.17772629392147066,0.9244712591171265,0.9321534037590027,1.0,0.9520000047683715,0.18254723048210145,0.40172260999679565,0.3683512508869171,0.22993414103984833,331.0,339.0,330.0,1000
68,8,0.19108983874320984,0.1770029366016388,0.1410246640443802,0.17019186627864838,0.9215116500854492,0.9397590160369873,1.0,0.9530000009536744,0.17620566272735594,0.4025157690048218,0.3681231141090393,0.22935271263122559,344.0,332.0,324.0,1000
69,8,0.22534045577049255,0.1777208298444748,0.1418554186820984,0.18298130130767826,0.915730357170105,0.9276729822158813,1.0,0.9470000033378599,0.18969401347637174,0.40318647027015686,0.36821693181991577,0.22856870293617249,356.0,318.0,326.0,1000
70,8,0.23824001848697662,0.21637745201587677,0.1311100870370865,0.19512153768539434,0.8843930959701538,0.905063271522522,1.0,0.9300000019073486,0.20615565156936647,0.4043838381767273,0.36820852756500244,0.22739899158477783,346.0,316.0,338.0,1000
71,8,0.23696927726268768,0.22695216536521912,0.14539286494255066,0.20302986347675325,0.9015872478485107,0.8895184397697449,1.0,0.9300000042915345,0.21150419425964354,0.4055023789405823,0.3684406578540802,0.22606956958770752,315.0,353.0,332.0,1000
72,8,0.19727642834186554,0.2052568793296814,0.12983307242393494,0.17851087820529937,0.9161849021911621,0.8958333134651184,1.0,0.9360000019073487,0.18444362401962283,0.40595245361328125,0.36903345584869385,0.22503480315208435,346.0,336.0,318.0,1000
73,8,0.21306999027729034,0.17925827205181122,0.13699664175510406,0.17654590094089506,0.9149560928344727,0.928571343421936,1.0,0.9480000042915344,0.18423744559288024,0.4066246747970581,0.369172602891922,0.224164217710495,341.0,322.0,337.0,1000
74,8,0.21624860167503357,0.21241270005702972,0.13208289444446564,0.18588444709777832,0.9090908765792847,0.8919752836227417,1.0,0.9350000019073487,0.19672806692123412,0.407265841960907,0.3696160912513733,0.2231372892856598,330.0,324.0,346.0,1000
75,8,0.1885625720024109,0.22322459518909454,0.14498481154441833,0.18644634723663334,0.9325513243675232,0.8970588445663452,1.0,0.9420000052452087,0.19133455026149754,0.40788644552230835,0.3699551820755005,0.22217857837677002,341.0,340.0,319.0,1000
76,8,0.22292205691337585,0.20042775571346283,0.13038036227226257,0.1842275413274765,0.9040247797966003,0.9035087823867798,1.0,0.9360000019073486,0.19456443023681644,0.4082910418510437,0.37067365646362305,0.2210579663515091,323.0,342.0,335.0,1000
77,8,0.2025468647480011,0.19648709893226624,0.1304057240486145,0.17606704926490785,0.9235473871231079,0.9251497387886047,1.0,0.9500000009536744,0.18691826856136323,0.4089725613594055,0.37107089161872864,0.2199556678533554,327.0,334.0,339.0,1000
78,8,0.20204231142997742,0.20045985281467438,0.14482344686985016,0.1826966757774353,0.9298245310783386,0.9209726452827454,1.0,0.95000000667572,0.18709963631629942,0.4092167317867279,0.37140515446662903,0.21939228475093842,342.0,329.0,329.0,1000
79,8,0.2268587201833725,0.20027099549770355,0.15214420855045319,0.19220056557655338,0.9060606360435486,0.9031250476837158,1.0,0.93800000333786,0.19810545206069946,0.41026803851127625,0.37137529253959656,0.2183561623096466,330.0,320.0,350.0,1000
80,8,0.20428131520748138,0.19207924604415894,0.13522116839885712,0.17797625005245207,0.9386502504348755,0.9269662499427795,1.0,0.9540000047683715,0.1854263151884079,0.4107842445373535,0.37163490056991577,0.21757686138153076,326.0,356.0,318.0,1000
81,8,0.21647262573242188,0.19071651995182037,0.14060810208320618,0.1830324138402939,0.9126506447792053,0.9156976938247681,1.0,0.9420000009536743,0.1905906617641449,0.41163280606269836,0.37160077691078186,0.2167581468820572,332.0,344.0,324.0,1000
82,8,0.21300023794174194,0.17234107851982117,0.13599586486816406,0.17334332597255706,0.8984615802764893,0.9203539490699768,1.0,0.940000005722046,0.1823963408470154,0.41232267022132874,0.3716621994972229,0.21599382162094116,325.0,339.0,336.0,1000
83,8,0.21662768721580505,0.18155764043331146,0.13212482631206512,0.17869304084777832,0.9302324652671814,0.9124294519424438,1.0,0.945000005722046,0.1865039439201355,0.4136139750480652,0.3711101710796356,0.21526873111724854,344.0,354.0,302.0,1000
84,8,0.22175566852092743,0.20628291368484497,0.14352446794509888,0.18850189661979677,0.9196141958236694,0.914893627166748,1.0,0.9470000028610229,0.20151689982414248,0.4143553376197815,0.3713235855102539,0.21432125568389893,311.0,329.0,360.0,1000
85,8,0.23893018066883087,0.19713501632213593,0.1393587440252304,0.1933486675024033,0.8825215101242065,0.9039040207862854,1.0,0.9270000066757204,0.19989745187759397,0.415669322013855,0.3712005019187927,0.2131727635860443,349.0,333.0,318.0,1000
86,8,0.20535051822662354,0.1992456614971161,0.14126954972743988,0.1827964016199112,0.9194030165672302,0.8988439440727234,1.0,0.9380000066757201,0.18817560958862306,0.41647472977638245,0.3712283670902252,0.21230417490005493,335.0,346.0,319.0,1000
87,8,0.17864857614040375,0.20890067517757416,0.14052923023700714,0.17444051206111907,0.9212120771408081,0.8974359631538391,1.0,0.9420000009536744,0.1804370276927948,0.4167834520339966,0.3718113303184509,0.21143288910388947,330.0,312.0,358.0,1000
88,8,0.19629350304603577,0.20476137101650238,0.13595333695411682,0.18044592487812042,0.9124999642372131,0.9016393423080444,1.0,0.9360000019073486,0.18538108849525453,0.4168252944946289,0.37243178486824036,0.21075567603111267,320.0,366.0,314.0,1000
89,8,0.18050634860992432,0.17695298790931702,0.14007458090782166,0.1655918334722519,0.9408100843429565,0.929411768913269,1.0,0.9570000033378601,0.17057492148876188,0.417170912027359,0.37285152077674866,0.20997418463230133,321.0,340.0,339.0,1000
90,8,0.19894956052303314,0.21721798181533813,0.13459186255931854,0.1828129416704178,0.9325512647628784,0.9025158286094666,1.0,0.9460000033378602,0.1923005061149597,0.4175342321395874,0.37328219413757324,0.20918947458267212,341.0,318.0,341.0,1000
91,8,0.16790883243083954,0.18403562903404236,0.1287972629070282,0.16142380332946776,0.9435029029846191,0.9294117093086243,1.0,0.9560000033378602,0.16649515092372894,0.4173908233642578,0.3741104006767273,0.2085009515285492,354.0,340.0,306.0,1000
92,8,0.20280013978481293,0.20324601233005524,0.15357157588005066,0.18660471057891848,0.9253731369972229,0.8978978991508484,1.0,0.9410000066757201,0.19341942524909975,0.41793692111968994,0.3741660714149475,0.20789460837841034,335.0,333.0,332.0,1000
93,8,0.2284185290336609,0.18335963785648346,0.13418610394001007,0.18003116142749784,0.8859935998916626,0.927325427532196,1.0,0.9400000019073486,0.1924956604242325,0.418622225522995,0.3742617666721344,0.20711468160152435,307.0,344.0,349.0,1000
94,8,0.2068508416414261,0.1964954286813736,0.12792445719242096,0.17759747970104217,0.9048991203308105,0.9015384912490845,1.0,0.9350000028610229,0.1849489679336548,0.4195350706577301,0.37421953678131104,0.20626768469810486,347.0,325.0,328.0,1000
95,8,0.17362362146377563,0.19904109835624695,0.14967061579227448,0.17467246186733248,0.9387754797935486,0.9205882549285889,1.0,0.9520000047683715,0.1780874891281128,0.4196673333644867,0.3748871386051178,0.2054547816514969,343.0,340.0,317.0,1000
96,8,0.17779751121997833,0.19388002157211304,0.14386947453022003,0.17277652406692504,0.9269006252288818,0.904624342918396,1.0,0.9420000042915345,0.17577477657794952,0.41969215869903564,0.37532204389572144,0.20498938858509064,342.0,346.0,312.0,1000
97,8,0.1807539463043213,0.21444225311279297,0.13147830963134766,0.17528330242633822,0.9272726774215698,0.8945783376693726,1.0,0.9410000066757201,0.18401757049560544,0.4195755124092102,0.37610211968421936,0.20428408682346344,330.0,332.0,338.0,1000
98,8,0.21412333846092224,0.18080350756645203,0.1506471335887909,0.18057794678211211,0.9225806593894958,0.908823549747467,1.0,0.9450000019073485,0.18873972725868224,0.4200094938278198,0.37646976113319397,0.20355820655822754,310.0,340.0,350.0,1000
99,8,0.20646408200263977,0.1739153414964676,0.12934614717960358,0.16987296330928803,0.9264706373214722,0.9158878326416016,1.0,0.9480000057220459,0.17937764811515808,0.42087942361831665,0.37622466683387756,0.20290443301200867,340.0,321.0,339.0,1000
100,8,0.21695058047771454,0.19662165641784668,0.12538719177246094,0.17918239688873291,0.9072847366333008,0.9073569774627686,1.0,0.9380000042915344,0.19235057151317597,0.42171698808670044,0.37646377086639404,0.20180457830429077,302.0,367.0,331.0,1000
101,8,0.19289326667785645,0.20518361032009125,0.13950566947460175,0.17817738592624668,0.9235473871231079,0.9009288549423218,1.0,0.9430000019073486,0.18662831497192378,0.4222760796546936,0.37678974866867065,0.20094068348407745,327.0,323.0,350.0,1000
102,8,0.2242744415998459,0.2045333981513977,0.15710291266441345,0.1976284466981888,0.9052924513816833,0.9075144529342651,1.0,0.9340000066757203,0.20586066484451293,0.422615647315979,0.37719008326530457,0.2001679539680481,359.0,346.0,295.0,1000
103,8,0.1822883039712906,0.18770021200180054,0.1446889489889145,0.17164478921890258,0.9418604969978333,0.8987730145454407,1.0,0.9470000057220459,0.17694117045402527,0.4232134521007538,0.37728989124298096,0.19947071373462677,344.0,326.0,330.0,1000
104,8,0.1999550759792328,0.1830434948205948,0.13249747455120087,0.17197739028930667,0.9133126735687256,0.9257143139839172,1.0,0.9460000009536742,0.1803038101196289,0.42373454570770264,0.377493292093277,0.19874101877212524,323.0,350.0,327.0,1000
105,8,0.22553293406963348,0.17489366233348846,0.14426523447036743,0.18200730657577519,0.9003020524978638,0.9265536665916443,1.0,0.941000005722046,0.1908928943872452,0.4243156313896179,0.3776240944862366,0.19804836809635162,331.0,354.0,315.0,1000
106,8,0.21504506468772888,0.2038736194372177,0.15118415653705597,0.19072340285778044,0.9230769276618958,0.9107692837715149,1.0,0.9440000009536743,0.19782979166507722,0.42542213201522827,0.3772345781326294,0.1973637193441391,351.0,325.0,324.0,1000
107,8,0.20172791182994843,0.21427243947982788,0.13545089960098267,0.1817981787919998,0.9219220280647278,0.8928570747375488,1.0,0.9410000047683715,0.19468575894832613,0.42575207352638245,0.3777206838130951,0.1964944452047348,333.0,308.0,359.0,1000
108,8,0.18339300155639648,0.19092966616153717,0.1442137360572815,0.17235274517536164,0.9267515540122986,0.9321533441543579,1.0,0.9540000047683715,0.17878442764282226,0.4259803295135498,0.3782680034637451,0.1957598626613617,314.0,339.0,347.0,1000
109,8,0.1862875521183014,0.20986847579479218,0.13364990055561066,0.17694941031932832,0.9261363744735718,0.9107691049575806,1.0,0.9450000019073486,0.18600122690200807,0.4259765148162842,0.3788547217845917,0.19515225291252136,352.0,325.0,323.0,1000
110,8,0.1943853348493576,0.1863272786140442,0.1365974098443985,0.1734221556186676,0.9168975353240967,0.9190031290054321,1.0,0.9440000047683715,0.18038925409317016,0.42663058638572693,0.3790225088596344,0.19431915879249573,361.0,321.0,318.0,1000
111,8,0.22127026319503784,0.1995561569929123,0.15129607915878296,0.19161880826950073,0.9026548266410828,0.9156976938247681,1.0,0.9380000028610229,0.1983617947101593,0.4271206557750702,0.3791356086730957,0.19374848902225494,339.0,344.0,317.0,1000
112,8,0.17597132921218872,0.2221183180809021,0.1329796463251114,0.1770441341400147,0.9593749642372131,0.8911764621734619,1.0,0.9500000057220459,0.18462613916397094,0.42707011103630066,0.38002848625183105,0.19290287792682648,320.0,340.0,340.0,1000
113,8,0.19508899748325348,0.20013616979122162,0.14612674713134766,0.18037391889095308,0.9124998450279236,0.9156976938247681,1.0,0.943000005722046,0.18688740396499637,0.427006334066391,0.38071340322494507,0.19228748977184296,320.0,344.0,336.0,1000
114,8,0.21885789930820465,0.1828310191631317,0.1444637030363083,0.1809451003074646,0.8917196989059448,0.9152047634124756,1.0,0.9370000019073486,0.1944833199977875,0.42752304673194885,0.38086751103401184,0.1915547102689743,314.0,342.0,344.0,1000
115,8,0.21039988100528717,0.19678035378456116,0.14330725371837616,0.18207495152950287,0.9056603908538818,0.920245349407196,1.0,0.9440000019073485,0.1931850160360336,0.4287010133266449,0.3805389404296875,0.19076423346996307,318.0,326.0,356.0,1000
116,8,0.20082956552505493,0.18335843086242676,0.14793924987316132,0.17926593482494355,0.9153439402580261,0.909375011920929,1.0,0.9390000019073484,0.18533014070987702,0.429332435131073,0.38052883744239807,0.19014613330364227,378.0,320.0,302.0,1000
117,8,0.22629523277282715,0.17743125557899475,0.12811431288719177,0.17919745743274687,0.9077809453010559,0.9304347634315491,1.0,0.9440000057220459,0.1892210260629654,0.4302760660648346,0.38046982884407043,0.18924984335899353,347.0,345.0,308.0,1000
118,8,0.18667817115783691,0.17889916896820068,0.15395016968250275,0.17288863480091093,0.9252336025238037,0.926035463809967,1.0,0.9510000033378601,0.17558040714263914,0.4308491349220276,0.3805088996887207,0.18865519762039185,321.0,338.0,341.0,1000
119,8,0.19473642110824585,0.21422824263572693,0.1297375112771988,0.17906257426738742,0.9141103029251099,0.8948949575424194,1.0,0.9370000033378602,0.19271795797348024,0.43122151494026184,0.3807368874549866,0.18804901838302612,326.0,333.0,341.0,1000
120,8,0.19800470769405365,0.19191500544548035,0.14642132818698883,0.17991576981544496,0.9201184511184692,0.9178470969200134,1.0,0.9440000057220459,0.18527242839336394,0.43148359656333923,0.38125079870224,0.187276691198349,338.0,353.0,309.0,1000
121,8,0.18548481166362762,0.1813526153564453,0.13592252135276794,0.1681786699295044,0.9256198406219482,0.9299362897872925,1.0,0.9510000033378601,0.17420962047576902,0.43193548917770386,0.3813767433166504,0.18666750192642212,363.0,314.0,323.0,1000
122,8,0.194259375333786,0.2032122015953064,0.1467272937297821,0.18031307673454286,0.933962345123291,0.9021406769752502,1.0,0.9470000047683717,0.18947312402725222,0.43233829736709595,0.3816361725330353,0.18601538240909576,318.0,327.0,355.0,1000
123,8,0.21031183004379272,0.222992941737175,0.14680282771587372,0.19336109364032744,0.909604549407959,0.8924051523208618,1.0,0.9340000038146973,0.2050955368280411,0.43227851390838623,0.3823409974575043,0.18538948893547058,354.0,316.0,330.0,1000
124,8,0.19736318290233612,0.22477148473262787,0.13363945484161377,0.18504196178913113,0.9233037829399109,0.9143730998039246,1.0,0.9460000057220459,0.19656352376937866,0.432708740234375,0.38286739587783813,0.1844121366739273,339.0,327.0,334.0,1000
125,8,0.22270753979682922,0.21097511053085327,0.14552147686481476,0.1916478261947632,0.909937858581543,0.9138461351394653,1.0,0.9430000009536743,0.20165415382385252,0.4327755570411682,0.38367268443107605,0.18353810906410217,322.0,325.0,353.0,1000
126,8,0.221381276845932,0.2008156031370163,0.14375974237918854,0.18790144228935243,0.9055375456809998,0.9129213094711304,1.0,0.9400000019073486,0.19858437561988834,0.4335826635360718,0.3836583197116852,0.1827552318572998,307.0,356.0,337.0,1000
127,8,0.25753578543663025,0.1851949244737625,0.14265260100364685,0.1945690976381302,0.8630952835083008,0.9392971396446228,1.0,0.9350000052452088,0.20946617007255555,0.43493273854255676,0.38320887088775635,0.18188169598579407,336.0,313.0,351.0,1000
128,8,0.21262048184871674,0.17456969618797302,0.1553754359483719,0.18132303386926651,0.9171428680419922,0.9318182468414307,1.0,0.95,0.18716679096221922,0.4364188015460968,0.38250476121902466,0.18106427788734436,350.0,308.0,342.0,1000
129,8,0.2017044872045517,0.2169734686613083,0.12458653002977371,0.18092476737499236,0.9176470041275024,0.880368173122406,1.0,0.9330000052452088,0.19498496627807615,0.43681031465530396,0.3827968239784241,0.18039214611053467,340.0,326.0,334.0,1000
130,8,0.1919126957654953,0.19538941979408264,0.15479975938796997,0.1819492447376251,0.9352941513061523,0.9217876195907593,1.0,0.9500000019073486,0.18722407352924345,0.4370836019515991,0.3832113742828369,0.17968785762786865,340.0,358.0,302.0,1000
131,8,0.1605425328016281,0.20663248002529144,0.142759308218956,0.16962827348709109,0.9470587968826294,0.907975435256958,1.0,0.9520000066757203,0.1751113852262497,0.4369707405567169,0.383746862411499,0.17927372455596924,340.0,326.0,334.0,1000
132,8,0.20565718412399292,0.18068990111351013,0.15726938843727112,0.1814111168384552,0.918181836605072,0.9197707176208496,1.0,0.94500000333786,0.1871615135669708,0.4370920658111572,0.3841405212879181,0.1787710338830948,330.0,349.0,321.0,1000
133,8,0.2269412726163864,0.1879911720752716,0.1511770784854889,0.18923330998420718,0.8947368860244751,0.9051491022109985,1.0,0.9310000042915344,0.2009326947927475,0.4378008246421814,0.38396725058555603,0.17820119857788086,323.0,369.0,308.0,1000
134,8,0.17916513979434967,0.19855138659477234,0.15133243799209595,0.17630773353576662,0.9179331064224243,0.9044776558876038,1.0,0.941000002861023,0.18155628705024718,0.4383876919746399,0.3839145302772522,0.17769873142242432,329.0,335.0,336.0,1000
135,8,0.18352659046649933,0.21800890564918518,0.14188876748085022,0.18010802495479583,0.9348441362380981,0.8705501556396484,1.0,0.9370000019073486,0.1896823879480362,0.43837690353393555,0.38453423976898193,0.17709383368492126,353.0,309.0,338.0,1000
136,8,0.20090456306934357,0.2020331472158432,0.1509060561656952,0.18486021220684054,0.9102563261985779,0.8997215032577515,1.0,0.9360000047683715,0.19340409231185915,0.43851226568222046,0.3851425051689148,0.17634712159633636,312.0,359.0,329.0,1000
137,8,0.2201959788799286,0.20968873798847198,0.14733155071735382,0.19332722532749175,0.9255952835083008,0.9188405871391296,1.0,0.9470000042915344,0.20335685765743255,0.43898874521255493,0.38538455963134766,0.17562922835350037,336.0,345.0,319.0,1000
138,8,0.20528218150138855,0.1666436791419983,0.1512230485677719,0.174390656709671,0.9069069623947144,0.9432835578918457,1.0,0.9500000042915345,0.18224344682693483,0.43936723470687866,0.38548755645751953,0.17516353726387024,333.0,335.0,332.0,1000
139,8,0.17359139025211334,0.2172815501689911,0.132107675075531,0.17534381008148192,0.9408283829689026,0.8862974047660828,1.0,0.9410000057220459,0.18167646884918212,0.4395633339881897,0.3858334422111511,0.17460764944553375,338.0,343.0,319.0,1000
140,8,0.18218371272087097,0.19071608781814575,0.14254872500896454,0.17111559021472927,0.917431116104126,0.904321014881134,1.0,0.9420000019073484,0.18001778912544247,0.4397483170032501,0.3864227533340454,0.173867866396904,327.0,324.0,349.0,1000
141,8,0.25039175152778625,0.2065243273973465,0.1436731070280075,0.20110033833980556,0.9093567728996277,0.9099099636077881,1.0,0.93900000333786,0.21262784242630006,0.44042325019836426,0.3863717317581177,0.1732201725244522,342.0,333.0,325.0,1000
142,8,0.21845942735671997,0.2128419429063797,0.14179767668247223,0.19028258907794948,0.9068323373794556,0.8925373554229736,1.0,0.9340000052452087,0.20283623886108398,0.4413662552833557,0.3863540589809418,0.17228566110134125,322.0,335.0,343.0,1000
143,8,0.19998756051063538,0.1907808482646942,0.14937713742256165,0.1799120395183563,0.904477596282959,0.9024390578269958,1.0,0.9360000042915345,0.1888562390804291,0.44195401668548584,0.3864261209964752,0.17161668837070465,335.0,328.0,337.0,1000
144,8,0.17589162290096283,0.2028912752866745,0.16364391148090363,0.18027153337001806,0.9188405871391296,0.9050633311271667,1.0,0.9420000057220459,0.18531277251243594,0.4418250024318695,0.38701334595680237,0.17113187909126282,345.0,316.0,339.0,1000
145,8,0.20235148072242737,0.17774581909179688,0.1418142020702362,0.17435272240638733,0.9156976938247681,0.907975435256958,1.0,0.94100000667572,0.1827355943918228,0.4420313835144043,0.38727208971977234,0.1706893891096115,344.0,326.0,330.0,1000
146,8,0.20233015716075897,0.18725785613059998,0.15619124472141266,0.1807472108602524,0.9318181276321411,0.9249249696731567,1.0,0.95400000333786,0.18649126052856446,0.4422066807746887,0.38755249977111816,0.17025162279605865,308.0,333.0,359.0,1000
147,8,0.19575466215610504,0.18536287546157837,0.14067968726158142,0.17359987688064574,0.9212121963500977,0.9181818962097168,1.0,0.9470000057220459,0.18129095578193666,0.4430559575557709,0.38721030950546265,0.16974765062332153,330.0,330.0,340.0,1000
148,8,0.1675727814435959,0.19127172231674194,0.13535267114639282,0.1638045743703842,0.934169352054596,0.9107692241668701,1.0,0.95000000333786,0.17195331656932827,0.44307011365890503,0.387626051902771,0.16928966343402863,319.0,325.0,356.0,1000
149,8,0.19575588405132294,0.20017392933368683,0.15584492683410645,0.18456192243099218,0.9271137118339539,0.9174041152000427,1.0,0.9470000023841858,0.18842844367027284,0.44333282113075256,0.3878297805786133,0.16883453726768494,343.0,339.0,318.0,1000
150,8,0.20343291759490967,0.17667660117149353,0.15178626775741577,0.178656351685524,0.9265537261962891,0.9188405275344849,1.0,0.9460000033378602,0.1843753514289856,0.44372841715812683,0.38785552978515625,0.16842606663703918,354.0,345.0,301.0,1000
151,8,0.20163850486278534,0.208959698677063,0.1352081000804901,0.1810261868238449,0.9058824181556702,0.8984127044677734,1.0,0.9360000033378602,0.19265459513664246,0.4440819025039673,0.38811376690864563,0.1678072214126587,340.0,315.0,345.0,1000
152,8,0.15634068846702576,0.20373854041099548,0.16354580223560333,0.17370747661590577,0.9608938097953796,0.9085173010826111,1.0,0.9570000019073487,0.17773919284343717,0.4440227448940277,0.38873350620269775,0.1672426164150238,358.0,317.0,325.0,1000
153,8,0.19962501525878906,0.14958201348781586,0.1489519327878952,0.1659915105104446,0.9066264629364014,0.9533528089523315,1.0,0.953000005722046,0.17233193826675416,0.444004625082016,0.38897278904914856,0.16704560816287994,332.0,343.0,325.0,1000
154,8,0.2315010279417038,0.2163466066122055,0.15839026868343353,0.2023272389173508,0.9140127897262573,0.8977900743484497,1.0,0.9360000066757201,0.2129575502872467,0.44500118494033813,0.38853228092193604,0.16647422313690186,314.0,362.0,324.0,1000
155,8,0.1794780194759369,0.19514299929141998,0.16182157397270203,0.17864428234100344,0.9212120175361633,0.9060605764389038,1.0,0.94300000667572,0.18241112589836123,0.4451810419559479,0.3887600004673004,0.16604438424110413,330.0,330.0,340.0,1000
156,8,0.20142361521720886,0.17561370134353638,0.14727821946144104,0.175388485789299,0.9047619104385376,0.9200000166893005,1.0,0.9400000019073487,0.18361215686798094,0.4455651342868805,0.3888418972492218,0.1655893176794052,336.0,350.0,314.0,1000
157,8,0.17823125422000885,0.22957566380500793,0.1430521160364151,0.18493401801586154,0.9298245906829834,0.9072464108467102,1.0,0.9440000009536744,0.19434254527091982,0.4455082416534424,0.3894358277320862,0.1650533676147461,342.0,345.0,313.0,1000
158,8,0.23209059238433838,0.2029738873243332,0.1385243982076645,0.19223926985263828,0.8978978395462036,0.905714213848114,1.0,0.9330000019073487,0.20357768213748936,0.4456824064254761,0.3900131285190582,0.16429397463798523,333.0,350.0,317.0,1000
159,8,0.17734169960021973,0.15957798063755035,0.15167944133281708,0.1629894676208496,0.9309309720993042,0.9399999976158142,1.0,0.9560000019073485,0.16580465388298035,0.44630980491638184,0.3898291289806366,0.16386978328227997,333.0,350.0,317.0,1000
160,8,0.18630386888980865,0.22134661674499512,0.15502886474132538,0.1868915627002716,0.9315476417541504,0.9006211757659912,1.0,0.9450000019073485,0.19554408657550815,0.44636672735214233,0.3902185261249542,0.16339752078056335,336.0,322.0,342.0,1000
161,8,0.21207289397716522,0.19349084794521332,0.1521901786327362,0.18546715378761292,0.8857142925262451,0.9255013465881348,1.0,0.9380000052452087,0.1948944238424301,0.44664865732192993,0.39052772521972656,0.16283421218395233,315.0,349.0,336.0,1000
162,8,0.19121144711971283,0.2090902328491211,0.14754807949066162,0.18231369352340698,0.914826512336731,0.9058823585510254,1.0,0.9410000066757201,0.18923471724987032,0.44704097509384155,0.39075326919555664,0.16221116483211517,317.0,340.0,343.0,1000
163,8,0.19221383333206177,0.19731304049491882,0.14173182845115662,0.17626713967323301,0.9101450443267822,0.925324559211731,1.0,0.9460000009536744,0.18675691735744476,0.4470573663711548,0.3912433981895447,0.16167695820331573,345.0,308.0,347.0,1000
164,8,0.186783567070961,0.1954602152109146,0.15107259154319763,0.1770285532474518,0.9156976342201233,0.9285714626312256,1.0,0.9490000057220459,0.18460854649543762,0.44719916582107544,0.3915690779685974,0.16123494505882263,344.0,308.0,348.0,1000
165,8,0.22130192816257477,0.1693376898765564,0.14491187036037445,0.17908534228801726,0.9023669958114624,0.9415204524993896,1.0,0.9470000009536744,0.18839468574523927,0.44817492365837097,0.39117431640625,0.16067181527614594,338.0,342.0,320.0,1000
166,8,0.1507783681154251,0.1614525020122528,0.14299559593200684,0.1516177752017975,0.9515150785446167,0.9451219439506531,1.0,0.9660000009536744,0.15545781195163727,0.4480940103530884,0.3915208876132965,0.16038377583026886,330.0,328.0,342.0,1000
167,8,0.17309153079986572,0.18305736780166626,0.14685605466365814,0.16781388771533967,0.9255013465881348,0.9141104221343994,1.0,0.9460000019073486,0.17288682365417485,0.4482891261577606,0.39154812693595886,0.1601773053407669,349.0,326.0,325.0,1000
168,8,0.18387722969055176,0.186274915933609,0.14715386927127838,0.17217456877231602,0.9274446964263916,0.9239766001701355,1.0,0.9510000066757203,0.17799345767498015,0.44824761152267456,0.39201486110687256,0.15974971652030945,317.0,342.0,341.0,1000
169,8,0.21717579662799835,0.1932523250579834,0.14574511349201202,0.18447102558612818,0.8919752836227417,0.9115854501724243,1.0,0.9360000042915343,0.1981925803422928,0.4489870071411133,0.3918067514896393,0.1592395305633545,324.0,328.0,348.0,1000
170,8,0.19665929675102234,0.18950660526752472,0.1447238326072693,0.17683769309520722,0.9246376752853394,0.9085173606872559,1.0,0.94500000333786,0.18608202958106998,0.4495489299297333,0.3918205499649048,0.15863513946533203,345.0,317.0,338.0,1000
171,8,0.1961500495672226,0.1990785300731659,0.14810605347156525,0.1816743743419647,0.9158877730369568,0.9101123809814453,1.0,0.9410000066757201,0.18910987615585328,0.4499827027320862,0.39195048809051514,0.15805700421333313,321.0,356.0,323.0,1000
172,8,0.2059459686279297,0.21794822812080383,0.1394796371459961,0.18589481675624847,0.9148265719413757,0.8978328108787537,1.0,0.94000000333786,0.19912849879264832,0.450092077255249,0.39245498180389404,0.15743985772132874,317.0,323.0,360.0,1000
173,8,0.1939702183008194,0.17925116419792175,0.1356252282857895,0.16781647360324858,0.9006622433662415,0.9191616773605347,1.0,0.9430000009536744,0.17844202375411988,0.4503321349620819,0.3927997350692749,0.15686385333538055,302.0,334.0,364.0,1000
174,8,0.20115864276885986,0.1830451786518097,0.15805676579475403,0.18087070190906526,0.9197707772254944,0.9260450601577759,1.0,0.9490000019073486,0.18822779762744904,0.4509635865688324,0.3926679193973541,0.15637776255607605,349.0,311.0,340.0,1000
175,8,0.18850651383399963,0.17885306477546692,0.15401393175125122,0.1734734561443329,0.9301587343215942,0.9132948517799377,1.0,0.948000005722046,0.17814084410667422,0.45139479637145996,0.3925279676914215,0.15608365833759308,315.0,346.0,339.0,1000
176,8,0.19035591185092926,0.19515939056873322,0.15671338140964508,0.1806323312520981,0.9278996586799622,0.9183673858642578,1.0,0.9490000057220459,0.18749028182029726,0.4516330659389496,0.39268752932548523,0.15569142997264862,319.0,343.0,338.0,1000
177,8,0.21887294948101044,0.1887168139219284,0.15955384075641632,0.18886263024806982,0.910216748714447,0.9195401072502136,1.0,0.9430000057220458,0.1961850110292435,0.45210108160972595,0.3925764858722687,0.15533676743507385,323.0,348.0,329.0,1000
178,8,0.19370324909687042,0.25505778193473816,0.15243980288505554,0.2006813702583313,0.9315475821495056,0.8686566352844238,1.0,0.933000002861023,0.21171552407741545,0.4517275393009186,0.3936101198196411,0.15465129911899567,336.0,335.0,329.0,1000
179,8,0.20222091674804688,0.19265393912792206,0.15695877373218536,0.1831366904973984,0.9233129024505615,0.9093750715255737,1.0,0.9460000019073486,0.19169125270843504,0.45194169878959656,0.3938831090927124,0.15416988730430603,326.0,320.0,354.0,1000
180,8,0.19532552361488342,0.18125031888484955,0.15764714777469635,0.17800799572467807,0.9150943756103516,0.9154929518699646,1.0,0.9430000038146973,0.18290784931182863,0.4522753953933716,0.3938508927822113,0.1539013832807541,318.0,355.0,327.0,1000
181,8,0.17276571691036224,0.16240565478801727,0.1566358357667923,0.16364031970500942,0.943396270275116,0.929230809211731,1.0,0.9590000019073486,0.16731732892990112,0.4527645409107208,0.39365944266319275,0.15358147025108337,318.0,325.0,357.0,1000
182,8,0.1658686101436615,0.21849451959133148,0.15722118318080902,0.18092284989356996,0.9291784763336182,0.8872403502464294,1.0,0.9370000019073486,0.1849949221611023,0.4524049758911133,0.3942394256591797,0.15329277515411377,353.0,337.0,310.0,1000
183,8,0.20541352033615112,0.1722051203250885,0.16188278794288635,0.17959955930709837,0.9043209552764893,0.9171428680419922,1.0,0.940000002861023,0.18477672314643862,0.45244067907333374,0.3944173753261566,0.15313002467155457,324.0,350.0,326.0,1000
184,8,0.20302416384220123,0.1730717569589615,0.142091765999794,0.17199324536323546,0.9018405079841614,0.938271701335907,1.0,0.9480000057220459,0.18454091155529023,0.45356443524360657,0.3938297629356384,0.15258115530014038,326.0,324.0,350.0,1000
185,8,0.21142354607582092,0.20301485061645508,0.154417484998703,0.18967876780033113,0.9113150238990784,0.891812801361084,1.0,0.9340000042915344,0.20078876447677613,0.4541008770465851,0.3939248323440552,0.1519659161567688,327.0,342.0,331.0,1000
186,8,0.21402408182621002,0.14685098826885223,0.13795876502990723,0.16677416121959687,0.8976607918739319,0.9396825432777405,1.0,0.9460000009536744,0.17634690570831296,0.45522111654281616,0.3932574391365051,0.15151022374629974,342.0,315.0,343.0,1000
187,8,0.19590316712856293,0.16226080060005188,0.1528952568769455,0.16987744426727294,0.9133127927780151,0.9424241781234741,1.0,0.9530000047683714,0.17602995193004609,0.45609530806541443,0.3927149176597595,0.15119892358779907,323.0,330.0,347.0,1000
188,8,0.20015862584114075,0.22926993668079376,0.16194048523902893,0.19635093390941621,0.935393214225769,0.8673139810562134,1.0,0.9360000033378602,0.20543808889389037,0.45620954036712646,0.393033504486084,0.15075883269309998,356.0,309.0,335.0,1000
189,8,0.2081252783536911,0.22344914078712463,0.1338769793510437,0.18973501408100124,0.9093484282493591,0.8912386894226074,1.0,0.932000002861023,0.20182962703704832,0.45624080300331116,0.3935941457748413,0.15017050504684448,353.0,331.0,316.0,1000
190,8,0.20991326868534088,0.21069465577602386,0.1444012075662613,0.18768876814842222,0.915204644203186,0.8952380418777466,1.0,0.9380000047683715,0.20064676427841185,0.4565596580505371,0.3939848244190216,0.14943364262580872,342.0,315.0,343.0,1000
191,8,0.15086729824543,0.16760525107383728,0.1562993973493576,0.158077561378479,0.9567723870277405,0.9290123581886292,1.0,0.9620000019073485,0.15972336876392368,0.45637375116348267,0.3945325016975403,0.14908896386623383,347.0,324.0,329.0,1000
192,8,0.18443121016025543,0.20366890728473663,0.13708332180976868,0.1749136335849762,0.9410113096237183,0.9174603223800659,1.0,0.9530000057220458,0.18543534803390505,0.4564833343029022,0.39481112360954285,0.1486600786447525,356.0,315.0,329.0,1000
193,8,0.16735656559467316,0.1802842617034912,0.1607566624879837,0.1697998299598694,0.9545454382896423,0.9136489629745483,1.0,0.9550000033378602,0.17201201510429381,0.45636874437332153,0.3952823281288147,0.14835305511951447,308.0,359.0,333.0,1000
194,8,0.21862296760082245,0.2052673101425171,0.1601998656988144,0.19381929349899293,0.9071856141090393,0.8945686221122742,1.0,0.9360000028610229,0.20603152561187743,0.45649847388267517,0.39540910720825195,0.14808878302574158,334.0,313.0,353.0,1000
195,8,0.19782164692878723,0.18354199826717377,0.15537996590137482,0.17917222881317138,0.9335347414016724,0.9219653606414795,1.0,0.9510000066757202,0.18487120056152342,0.4568551480770111,0.39554423093795776,0.14759571850299835,331.0,346.0,323.0,1000
196,8,0.2047804892063141,0.20743338763713837,0.15728557109832764,0.19040502882003787,0.9096384644508362,0.9046242833137512,1.0,0.937000002861023,0.19629399967193606,0.45733165740966797,0.3955558240413666,0.14712247252464294,332.0,346.0,322.0,1000
197,8,0.21018223464488983,0.18363380432128906,0.1512570083141327,0.1822291017770767,0.9149559140205383,0.9077380895614624,1.0,0.9400000019073487,0.18841808319091796,0.4575158357620239,0.3958049416542053,0.14667710661888123,341.0,336.0,323.0,1000
198,8,0.22273044288158417,0.20481935143470764,0.15635651350021362,0.19534728670120236,0.9050445556640625,0.9125363826751709,1.0,0.9380000019073487,0.2069158614873886,0.4583743214607239,0.39553216099739075,0.1461005061864853,337.0,343.0,320.0,1000
199,8,0.17446279525756836,0.2116347849369049,0.17215651273727417,0.18611973011493682,0.9406251311302185,0.8985075354576111,1.0,0.9470000019073487,0.18740133631229403,0.45813488960266113,0.3960336744785309,0.14583489298820496,320.0,335.0,345.0,1000
200,8,0.1918255090713501,0.1789117008447647,0.1485407054424286,0.17302622997760775,0.9371069073677063,0.9291784763336182,1.0,0.9550000033378601,0.18196091651916502,0.4580792486667633,0.39636802673339844,0.145536869764328,318.0,353.0,329.0,1000
201,8,0.20267222821712494,0.20142973959445953,0.15817521512508392,0.1869897904396057,0.9184952974319458,0.9171596765518188,1.0,0.9460000019073487,0.19505885124206543,0.4585053324699402,0.3964173495769501,0.14506076276302338,319.0,338.0,343.0,1000
202,8,0.20332953333854675,0.20776410400867462,0.17770583927631378,0.19601486873626708,0.9260450601577759,0.8924418687820435,1.0,0.9400000066757201,0.19917096757888797,0.4587119519710541,0.3965092599391937,0.1447882205247879,311.0,344.0,345.0,1000
203,8,0.19382934272289276,0.17934806644916534,0.16350248456001282,0.17870716404914858,0.9093567728996277,0.9147541522979736,1.0,0.9430000019073486,0.18352207708358764,0.45909518003463745,0.3964770436286926,0.14443644881248474,342.0,305.0,353.0,1000
204,8,0.1653658151626587,0.19696590304374695,0.14953286945819855,0.17069503915309905,0.9439252614974976,0.9174041748046875,1.0,0.9540000019073486,0.17607290554046628,0.45875614881515503,0.3968566358089447,0.14437146484851837,321.0,339.0,340.0,1000
205,8,0.2010962963104248,0.1960018277168274,0.14953303337097168,0.18081035804748538,0.9093748927116394,0.8993711471557617,1.0,0.9390000057220459,0.19252869176864626,0.45878398418426514,0.39732638001441956,0.1438813954591751,320.0,318.0,362.0,1000
206,8,0.19746315479278564,0.18975725769996643,0.14504386484622955,0.1765395126342773,0.9189189672470093,0.9076433181762695,1.0,0.944000005722046,0.1860704543590546,0.4591832458972931,0.3974268436431885,0.14339150488376617,333.0,314.0,353.0,1000
207,8,0.2002699375152588,0.1878085434436798,0.16129255294799805,0.18368492424488064,0.9142856597900391,0.9121211767196655,1.0,0.9410000042915344,0.18763007616996766,0.45962274074554443,0.3973793089389801,0.14300787448883057,350.0,330.0,320.0,1000
208,8,0.1829565167427063,0.21226702630519867,0.1514148861169815,0.18267105114459992,0.9223880171775818,0.8911764025688171,1.0,0.9370000057220459,0.1905199431180954,0.45974433422088623,0.397684782743454,0.14259296655654907,335.0,340.0,325.0,1000
209,8,0.18179839849472046,0.1853230744600296,0.13481846451759338,0.16691201794147492,0.9318885803222656,0.9343284368515015,1.0,0.9560000047683717,0.17721909439563752,0.4595531225204468,0.39836567640304565,0.14208824932575226,323.0,335.0,342.0,1000
210,8,0.2086321860551834,0.1889219880104065,0.1542525440454483,0.18498399055004122,0.8997135162353516,0.9233038425445557,1.0,0.9390000052452088,0.19161228930950164,0.4600786864757538,0.39818769693374634,0.14170028269290924,349.0,339.0,312.0,1000
211,8,0.19240830838680267,0.17987260222434998,0.15015211701393127,0.1743896720409393,0.9275361895561218,0.923076868057251,1.0,0.9500000057220459,0.18078148090839385,0.4605453610420227,0.3982725441455841,0.1411835104227066,345.0,325.0,330.0,1000
212,8,0.1621379256248474,0.18075589835643768,0.13152219355106354,0.1571021395921707,0.9436202645301819,0.9290322065353394,1.0,0.9590000023841859,0.16512146985530854,0.46067705750465393,0.39842647314071655,0.14090904593467712,337.0,310.0,353.0,1000
213,8,0.17589011788368225,0.20112834870815277,0.16228309273719788,0.17985877346992493,0.9390581250190735,0.9110430479049683,1.0,0.9490000057220459,0.18413568496704102,0.46057629585266113,0.39887744188308716,0.14055682718753815,361.0,326.0,313.0,1000
214,8,0.19198106229305267,0.19457471370697021,0.15773926675319672,0.18152056062221528,0.930817723274231,0.917142927646637,1.0,0.9490000009536744,0.1872726752758026,0.460401713848114,0.3992120325565338,0.14037851989269257,318.0,350.0,332.0,1000
215,8,0.18516451120376587,0.2157164365053177,0.15011361241340637,0.18346954762935636,0.9281437397003174,0.9060606360435486,1.0,0.9450000028610229,0.19677133655548096,0.46064603328704834,0.3993557095527649,0.13996975123882294,334.0,330.0,336.0,1000
216,8,0.20858266949653625,0.2009972333908081,0.15145595371723175,0.18722811579704285,0.9143730998039246,0.8985507488250732,1.0,0.9370000033378599,0.19767182087898255,0.46037110686302185,0.4002609848976135,0.1393665075302124,327.0,345.0,328.0,1000
217,8,0.19349005818367004,0.17142339050769806,0.15691833198070526,0.17429570639133457,0.9291784167289734,0.9253246784210205,1.0,0.9520000019073486,0.1798965938091278,0.4610350728034973,0.3999648094177246,0.1390039324760437,353.0,308.0,339.0,1000
218,8,0.1877257227897644,0.190228670835495,0.1624918282032013,0.17973733782768248,0.9329074025154114,0.9080118536949158,1.0,0.9480000047683717,0.18678130602836612,0.46114304661750793,0.4001297354698181,0.1387196034193039,313.0,337.0,350.0,1000
219,8,0.20700909197330475,0.19567033648490906,0.15349960327148438,0.18588169240951538,0.8964496850967407,0.9262537360191345,1.0,0.9400000042915344,0.1960772553682327,0.4614314138889313,0.4001033902168274,0.13845062255859375,338.0,339.0,323.0,1000
220,8,0.20482712984085083,0.19163410365581512,0.16648322343826294,0.1879708468914032,0.9147059321403503,0.9255951642990112,1.0,0.9460000047683715,0.19521261620521543,0.4618566334247589,0.40018904209136963,0.13794584572315216,340.0,336.0,324.0,1000
221,8,0.22695161402225494,0.19940555095672607,0.1786166876554489,0.20151797580718994,0.9054877758026123,0.9115044474601746,1.0,0.9390000014305115,0.20707210958003994,0.4623914957046509,0.39990806579589844,0.1377173662185669,328.0,339.0,333.0,1000
222,8,0.1678997427225113,0.1900087594985962,0.16760003566741943,0.1750280945301056,0.937313437461853,0.9113150835037231,1.0,0.9500000019073487,0.17829477691650392,0.4627061188220978,0.39990273118019104,0.1373836100101471,335.0,327.0,338.0,1000
223,8,0.2147587239742279,0.18462927639484406,0.16491734981536865,0.18744587779045102,0.9166666865348816,0.9265536665916443,1.0,0.9480000066757202,0.1975077509880066,0.46268898248672485,0.4000512957572937,0.13723379373550415,312.0,354.0,334.0,1000
224,8,0.17011259496212006,0.1927655190229416,0.1705133616924286,0.17783238685131075,0.9437869191169739,0.9164178371429443,1.0,0.9530000033378601,0.17927574813365937,0.46313387155532837,0.3998515009880066,0.1370055377483368,338.0,335.0,327.0,1000
225,8,0.1676788330078125,0.2197808027267456,0.15963804721832275,0.18400304591655728,0.9363637566566467,0.9058172106742859,1.0,0.9450000057220459,0.18733281576633454,0.4626273214817047,0.40063273906707764,0.13673050701618195,330.0,361.0,309.0,1000
226,8,0.1805310994386673,0.1709865927696228,0.15442074835300446,0.16848282670974732,0.9399399757385254,0.9228395223617554,1.0,0.9550000033378601,0.17226809120178221,0.4624500870704651,0.4011145234107971,0.13639655709266663,333.0,324.0,343.0,1000
227,8,0.17221754789352417,0.19259528815746307,0.16265395283699036,0.17582242155075073,0.9353845715522766,0.919642984867096,1.0,0.9520000019073485,0.17716123366355893,0.4624568223953247,0.401227205991745,0.13630682229995728,325.0,336.0,339.0,1000
228,8,0.19227688014507294,0.1927098035812378,0.14662805199623108,0.17818509364128116,0.9205883145332336,0.936781644821167,1.0,0.9510000047683715,0.182732750415802,0.46268460154533386,0.40129753947257996,0.13604900240898132,340.0,348.0,312.0,1000
229,8,0.1803572177886963,0.17940720915794373,0.15464377403259277,0.17123445820808406,0.9467455148696899,0.9373040795326233,1.0,0.9620000023841857,0.1768272644281387,0.46275168657302856,0.40151381492614746,0.1357368677854538,338.0,319.0,343.0,1000
230,8,0.19900763034820557,0.15923017263412476,0.13794559240341187,0.1649831962585449,0.9088050127029419,0.9525139331817627,1.0,0.9540000023841858,0.17364561724662778,0.46327322721481323,0.4013306498527527,0.13539767265319824,318.0,358.0,324.0,1000
231,8,0.2013026773929596,0.19595712423324585,0.15726236999034882,0.18475049412250522,0.909621000289917,0.909375011920929,1.0,0.9400000057220459,0.19227374827861787,0.4638345241546631,0.40109142661094666,0.1350628286600113,343.0,320.0,337.0,1000
232,8,0.22017014026641846,0.20292580127716064,0.166475310921669,0.19591244637966154,0.900301992893219,0.9218750596046448,1.0,0.9420000028610229,0.2060747482776642,0.46414101123809814,0.401199609041214,0.13464848697185516,331.0,320.0,349.0,1000
233,8,0.1744886189699173,0.19680893421173096,0.145085409283638,0.1717080594301224,0.9380531311035156,0.9130435585975647,1.0,0.951000005722046,0.18042393612861635,0.46415355801582336,0.4015703499317169,0.13428407907485962,339.0,322.0,339.0,1000
234,8,0.14771945774555206,0.19626174867153168,0.15143758058547974,0.1648720341920853,0.9472141265869141,0.9237804412841797,1.0,0.9570000009536744,0.1669349720478058,0.4633498191833496,0.40263426303863525,0.1340123414993286,341.0,328.0,331.0,1000
235,8,0.21727535128593445,0.1382053941488266,0.15133753418922424,0.1671951380968094,0.9032257795333862,0.9656160473823547,1.0,0.9580000009536743,0.17622767353057858,0.4642597436904907,0.40200331807136536,0.1337406039237976,310.0,349.0,341.0,1000
236,8,0.17294304072856903,0.20850956439971924,0.16762059926986694,0.18419502341747285,0.9387096762657166,0.9178082942962646,1.0,0.9510000057220459,0.18806284976005555,0.4643349051475525,0.4020836353302002,0.1335694044828415,310.0,365.0,325.0,1000
237,8,0.19411946833133698,0.21013005077838898,0.16782142221927643,0.1915010893344879,0.9290322661399841,0.88283371925354,1.0,0.9350000009536743,0.19956901621818543,0.4642939567565918,0.4024660587310791,0.13321830332279205,310.0,367.0,323.0,1000
238,8,0.19421200454235077,0.1905779242515564,0.15392781794071198,0.1794848549365997,0.9079754948616028,0.9380530714988708,1.0,0.9490000042915342,0.18678512406349185,0.4642883241176605,0.402767539024353,0.13295412063598633,326.0,339.0,335.0,1000
239,8,0.19574633240699768,0.1784992516040802,0.16767388582229614,0.18053145265579226,0.9373135566711426,0.92476487159729,1.0,0.9550000033378601,0.18311226975917816,0.46453261375427246,0.402874231338501,0.1326076239347458,335.0,319.0,346.0,1000
240,8,0.1848817616701126,0.19334116578102112,0.15902182459831238,0.17865622210502624,0.9303797483444214,0.9221556782722473,1.0,0.9520000033378601,0.18578412091732027,0.46486523747444153,0.4026484191417694,0.13248170912265778,316.0,334.0,350.0,1000
241,8,0.1670977920293808,0.19808632135391235,0.1548667848110199,0.17358054172992704,0.9371068477630615,0.9387755393981934,1.0,0.9590000033378601,0.18092512702941896,0.46463972330093384,0.40312257409095764,0.13220316171646118,318.0,343.0,339.0,1000
242,8,0.20253609120845795,0.16881071031093597,0.1573566198348999,0.1767113175392151,0.9190751314163208,0.9507691860198975,1.0,0.95600000333786,0.1814714012145996,0.46479201316833496,0.4032009243965149,0.13200782239437103,346.0,325.0,329.0,1000
243,8,0.1847933828830719,0.218373641371727,0.1564573049545288,0.1857893352508545,0.9261538982391357,0.8830769062042236,1.0,0.9380000042915344,0.19424812150001527,0.4650452136993408,0.4033162593841553,0.13162554800510406,325.0,325.0,350.0,1000
244,8,0.23403635621070862,0.17347121238708496,0.1512833535671234,0.18501374650001526,0.878504753112793,0.9287925362586975,1.0,0.9380000066757204,0.19769984149932862,0.4653010964393616,0.4035746157169342,0.13117715716362,321.0,323.0,356.0,1000
245,8,0.189238503575325,0.185957670211792,0.15593895316123962,0.17649441850185396,0.902515709400177,0.9246986508369446,1.0,0.9440000066757201,0.18290647482872008,0.46577656269073486,0.40350401401519775,0.13073600828647614,318.0,332.0,350.0,1000
246,8,0.18000534176826477,0.19707989692687988,0.16538453102111816,0.18130022239685056,0.9246375560760498,0.900874674320221,1.0,0.9400000042915344,0.1851742295026779,0.46595868468284607,0.40357306599617004,0.1304793506860733,345.0,343.0,312.0,1000
247,8,0.21094119548797607,0.18308493494987488,0.16327179968357086,0.18544256258010863,0.9014925360679626,0.9233226776123047,1.0,0.9430000033378602,0.19367360961437227,0.46586281061172485,0.4039277136325836,0.13021695613861084,335.0,313.0,352.0,1000
248,8,0.18920664489269257,0.1840919703245163,0.14874035120010376,0.17424405765533446,0.9108279943466187,0.9226518869400024,1.0,0.94400000333786,0.18259141075611113,0.4666977524757385,0.4033564627170563,0.12995177507400513,314.0,362.0,324.0,1000
249,8,0.19832353293895721,0.18994709849357605,0.16278709471225739,0.18395971870422362,0.9233038425445557,0.9196428060531616,1.0,0.9470000019073487,0.19145215153694153,0.4668869972229004,0.40346431732177734,0.12963351607322693,339.0,336.0,325.0,1000
250,8,0.17939719557762146,0.18402138352394104,0.1728714108467102,0.1788224346637726,0.9305136203765869,0.9205881953239441,1.0,0.9500000042915345,0.18077723264694215,0.46699586510658264,0.40356242656707764,0.12943729758262634,331.0,340.0,329.0,1000
251,8,0.18340492248535156,0.21159690618515015,0.16556887328624725,0.18737584018707276,0.9409938454627991,0.9169053435325623,1.0,0.9520000047683715,0.192588591337204,0.46667301654815674,0.40415704250335693,0.12914977967739105,322.0,349.0,329.0,1000
252,8,0.19291220605373383,0.21233166754245758,0.14181821048259735,0.1812680443525314,0.9196428060531616,0.905063271522522,1.0,0.9430000019073486,0.19521720147132873,0.4663357734680176,0.4048750698566437,0.1287982165813446,336.0,316.0,348.0,1000
253,8,0.1954437792301178,0.1960163116455078,0.17712019383907318,0.18936892795562746,0.9226006865501404,0.913432776927948,1.0,0.9460000057220459,0.19444470286369325,0.46652543544769287,0.4049535393714905,0.12848323583602905,323.0,335.0,342.0,1000
254,8,0.21529576182365417,0.16602349281311035,0.1727517992258072,0.1845844415426254,0.9151515364646912,0.9481706619262695,1.0,0.95500000667572,0.18984635734558106,0.46701112389564514,0.404763400554657,0.1282610148191452,330.0,328.0,342.0,1000
255,8,0.18560642004013062,0.20101602375507355,0.17458170652389526,0.187090633392334,0.9305994510650635,0.9237536191940308,1.0,0.9520000042915344,0.19043052601814273,0.46724316477775574,0.40462955832481384,0.12814338505268097,317.0,341.0,342.0,1000
256,8,0.21245896816253662,0.17757189273834229,0.16812662780284882,0.1868369742631912,0.9185393452644348,0.9161291122436523,1.0,0.9450000028610229,0.19056910455226897,0.46748435497283936,0.4045330286026001,0.12800338864326477,356.0,310.0,334.0,1000
257,8,0.18646198511123657,0.20121654868125916,0.16246189177036285,0.18394624543190005,0.9287749528884888,0.9020771384239197,1.0,0.9420000042915343,0.1903569451570511,0.4676847755908966,0.4046672582626343,0.12765172123908997,351.0,337.0,312.0,1000
258,8,0.20097912847995758,0.20238345861434937,0.16346655786037445,0.18910093820095064,0.9120235443115234,0.9181817770004272,1.0,0.9430000057220458,0.19585379028320313,0.4676820933818817,0.40505486726760864,0.12725983560085297,341.0,330.0,329.0,1000
259,8,0.16643600165843964,0.17594972252845764,0.1709652692079544,0.1709945169687271,0.9467456340789795,0.9297124147415161,1.0,0.9600000047683717,0.1722218897342682,0.46776679158210754,0.4050583839416504,0.1271427869796753,338.0,313.0,349.0,1000
260,8,0.22080375254154205,0.19333773851394653,0.15098553895950317,0.1868915911912918,0.9081966280937195,0.9188405275344849,1.0,0.9440000066757201,0.2018814064264298,0.4682966470718384,0.4047900140285492,0.1268763244152069,305.0,345.0,350.0,1000
261,8,0.21876654028892517,0.1903996467590332,0.15990489721298218,0.18992508935928346,0.9034091234207153,0.9311475157737732,1.0,0.9450000038146974,0.19946576428413393,0.46870100498199463,0.4048425853252411,0.12647713720798492,352.0,305.0,343.0,1000
262,8,0.22443926334381104,0.18885740637779236,0.16871491074562073,0.19438407957553863,0.8914956450462341,0.9214501976966858,1.0,0.9370000028610229,0.20125706362724305,0.46959590911865234,0.40431177616119385,0.12607060372829437,341.0,331.0,328.0,1000
263,8,0.18929480016231537,0.21750345826148987,0.15418346226215363,0.18683504974842075,0.9228395223617554,0.898809552192688,1.0,0.94100000333786,0.19561094617843627,0.4697173833847046,0.4045913517475128,0.12570852041244507,324.0,336.0,340.0,1000
264,8,0.18355846405029297,0.17298246920108795,0.16325198113918304,0.1734091461896896,0.9337348937988281,0.9430200457572937,1.0,0.95800000333786,0.17555413818359375,0.46972835063934326,0.40482157468795776,0.12545901536941528,332.0,351.0,317.0,1000
265,8,0.20923924446105957,0.18572743237018585,0.1649443507194519,0.1875979973077774,0.9189943671226501,0.9296635389328003,1.0,0.9480000009536743,0.19415314745903017,0.4699621796607971,0.40478625893592834,0.12525904178619385,358.0,327.0,315.0,1000
266,8,0.20189473032951355,0.20252859592437744,0.16679100692272186,0.19072331380844118,0.913165271282196,0.9028213024139404,1.0,0.9380000038146973,0.19776091098785398,0.470478355884552,0.40455159544944763,0.12495367228984833,357.0,319.0,324.0,1000
267,8,0.17999427020549774,0.2162970006465912,0.16618722677230835,0.18831517505645753,0.9315961003303528,0.9019607901573181,1.0,0.9440000066757201,0.19276118874549866,0.47048187255859375,0.40483975410461426,0.12469042092561722,307.0,357.0,336.0,1000
268,8,0.17384248971939087,0.21663421392440796,0.15771906077861786,0.18276522111892698,0.9503105282783508,0.8783381581306458,1.0,0.9430000057220459,0.18936954545974732,0.4696885347366333,0.40592220425605774,0.1243707612156868,322.0,337.0,341.0,1000
269,8,0.1912446767091751,0.21436187624931335,0.15775959193706512,0.1869336324930191,0.9124293327331543,0.9084967374801636,1.0,0.9410000057220459,0.20195848155021667,0.4694336950778961,0.4065762758255005,0.12397995591163635,354.0,306.0,340.0,1000
270,8,0.18099354207515717,0.20403644442558289,0.1678490787744522,0.18461914110183716,0.9276316165924072,0.9093484282493591,1.0,0.946000002861023,0.19025390434265138,0.4689333438873291,0.40734443068504333,0.12371525913476944,304.0,353.0,343.0,1000
271,8,0.17308223247528076,0.18567609786987305,0.15455304086208344,0.17111170208454132,0.9315476417541504,0.9246989488601685,1.0,0.9520000019073486,0.1761827623844147,0.46871477365493774,0.40781962871551514,0.12346776574850082,336.0,332.0,332.0,1000
272,8,0.16766928136348724,0.167710080742836,0.16500025987625122,0.16677318811416628,0.9523809552192688,0.9156976342201233,1.0,0.9560000057220458,0.1672896354198456,0.4688384532928467,0.40783655643463135,0.1233377754688263,315.0,344.0,341.0,1000
273,8,0.18130482733249664,0.19466349482536316,0.15412607789039612,0.17648622596263888,0.9518072605133057,0.914893627166748,1.0,0.9560000019073485,0.1827668590545654,0.46882355213165283,0.4080057442188263,0.12318155914545059,332.0,329.0,339.0,1000
274,8,0.1631789356470108,0.1616712361574173,0.16586075723171234,0.1634781067371368,0.9376854300498962,0.9376770257949829,1.0,0.9570000033378602,0.16342300438880922,0.46880069375038147,0.4081375002861023,0.12305524200201035,337.0,353.0,310.0,1000
275,8,0.19586992263793945,0.15804263949394226,0.1617659628391266,0.1719440634250641,0.9166666865348816,0.944767415523529,1.0,0.9530000009536742,0.17513995873928068,0.469137042760849,0.407930463552475,0.12293203920125961,336.0,344.0,320.0,1000
276,8,0.18466511368751526,0.2504213750362396,0.1531124860048294,0.1966995016336441,0.9304636716842651,0.8685714602470398,1.0,0.93300000333786,0.20665753507614137,0.4688063859939575,0.4085683226585388,0.12264196574687958,302.0,350.0,348.0,1000
277,8,0.20315220952033997,0.1843648999929428,0.15331946313381195,0.17933693611621856,0.9184954166412354,0.9202454686164856,1.0,0.9480000033378602,0.1916659643650055,0.4688965678215027,0.40893277525901794,0.12216350436210632,319.0,326.0,355.0,1000
278,8,0.19643856585025787,0.1865563541650772,0.1579473614692688,0.18042957973480228,0.9433963298797607,0.9273743033409119,1.0,0.9560000019073486,0.18741904735565185,0.4692530035972595,0.40898221731185913,0.12177963554859161,318.0,358.0,324.0,1000
279,8,0.2252618670463562,0.19462205469608307,0.15201732516288757,0.18932749032974244,0.9015384316444397,0.9085172414779663,1.0,0.9390000019073486,0.2054407687187195,0.4697098433971405,0.40885674953460693,0.1214352622628212,325.0,317.0,358.0,1000
280,8,0.18168684840202332,0.18353256583213806,0.1669236123561859,0.1774185298681259,0.93113774061203,0.9343283176422119,1.0,0.9550000033378601,0.178850833773613,0.47027963399887085,0.40862658619880676,0.12112312763929367,334.0,335.0,331.0,1000
281,8,0.20267422497272491,0.1687300205230713,0.15105034410953522,0.17395728111267095,0.9240120649337769,0.9462686777114868,1.0,0.9570000057220459,0.1826204016208649,0.47058194875717163,0.408506840467453,0.12091358006000519,329.0,335.0,336.0,1000
282,8,0.19810466468334198,0.1845967322587967,0.15187691152095795,0.1766892657279968,0.9281045794487,0.9233128428459167,1.0,0.9530000057220459,0.18578710341453553,0.4711592197418213,0.40821969509124756,0.12064041197299957,306.0,326.0,368.0,1000
283,8,0.14752022922039032,0.19986161589622498,0.158072367310524,0.16910241687297822,0.9563863277435303,0.9101448655128479,1.0,0.9550000023841857,0.16950899922847745,0.4706343114376068,0.409035861492157,0.12033969908952713,321.0,345.0,334.0,1000
284,8,0.16910825669765472,0.2016540765762329,0.16389304399490356,0.17856215155124663,0.9378881454467773,0.9186046719551086,1.0,0.952000005722046,0.18119074797630313,0.47012317180633545,0.409626841545105,0.12023480236530304,322.0,344.0,334.0,1000
285,8,0.18233440816402435,0.19676898419857025,0.15364709496498108,0.17767357897758485,0.9283666610717773,0.9169229865074158,1.0,0.9480000042915344,0.18587997055053712,0.4699702858924866,0.4100576639175415,0.11997437477111816,349.0,325.0,326.0,1000
286,8,0.1773514598608017,0.1734127551317215,0.14909015595912933,0.16712761175632476,0.945652186870575,0.929936408996582,1.0,0.9580000028610229,0.1722591419219971,0.46999800205230713,0.41021445393562317,0.11978968977928162,368.0,314.0,318.0,1000
287,8,0.1645953506231308,0.20568549633026123,0.16684560477733612,0.17859204936027526,0.9436619877815247,0.9071207046508789,1.0,0.9500000019073486,0.18216131258010865,0.4695371091365814,0.41079890727996826,0.11959315836429596,355.0,323.0,322.0,1000
288,8,0.1838483363389969,0.1766154170036316,0.1474909782409668,0.16974012589454654,0.932748556137085,0.9228487014770508,1.0,0.951000005722046,0.17734640192985535,0.4694640040397644,0.4113021492958069,0.11921811103820801,342.0,337.0,321.0,1000
289,8,0.20549283921718597,0.2062242329120636,0.15177838504314423,0.18783923506736758,0.9166667461395264,0.9028213024139404,1.0,0.9400000066757201,0.19930417418479918,0.4698405861854553,0.4112944006919861,0.1188594400882721,348.0,319.0,333.0,1000
290,8,0.20532682538032532,0.20005156099796295,0.16356338560581207,0.18903121519088747,0.911949634552002,0.9041916131973267,1.0,0.940000006198883,0.196429196357727,0.46996793150901794,0.41147756576538086,0.11856317520141602,318.0,334.0,348.0,1000
291,8,0.16810911893844604,0.19904331862926483,0.15973590314388275,0.17500463700294494,0.9386502504348755,0.9090908765792847,1.0,0.95100000333786,0.1799854745864868,0.46955108642578125,0.4122834801673889,0.11818855255842209,326.0,319.0,355.0,1000
292,8,0.18800878524780273,0.19100813567638397,0.17061617970466614,0.18267723166942598,0.9212121367454529,0.9161291122436523,1.0,0.9480000047683717,0.18494334197044374,0.46939733624458313,0.41260138154029846,0.11800923198461533,330.0,310.0,360.0,1000
293,8,0.17318396270275116,0.16431619226932526,0.18326672911643982,0.17361796271800992,0.936781644821167,0.9444445371627808,1.0,0.9600000033378602,0.16993623197078706,0.46936824917793274,0.41250574588775635,0.11813695728778839,348.0,324.0,328.0,1000
294,8,0.1774979531764984,0.1740427315235138,0.17944325506687164,0.17695257282257082,0.932748556137085,0.9260355234146118,1.0,0.9520000009536743,0.17561233139038088,0.469428688287735,0.4124399423599243,0.11814213544130325,342.0,338.0,320.0,1000
295,8,0.19495552778244019,0.18907879292964935,0.16814297437667847,0.18378606462478636,0.9337350130081177,0.9223603010177612,1.0,0.9530000033378602,0.1892192751169205,0.46961480379104614,0.4122824966907501,0.11810153722763062,332.0,322.0,346.0,1000
296,8,0.15943199396133423,0.16967368125915527,0.16369488835334778,0.16427225315570831,0.9639639854431152,0.9341317415237427,1.0,0.9660000019073487,0.16439157629013063,0.469767302274704,0.41215014457702637,0.11807940900325775,333.0,334.0,333.0,1000
297,8,0.1889178603887558,0.18984286487102509,0.17035025358200073,0.18322855269908905,0.9156976342201233,0.9219219088554382,1.0,0.9450000033378602,0.18811036002635953,0.4693410396575928,0.41271916031837463,0.11793125420808792,344.0,333.0,323.0,1000
298,8,0.1784740686416626,0.19784289598464966,0.16303248703479767,0.17969259488582612,0.9244186282157898,0.9141103625297546,1.0,0.9460000019073486,0.18552688550949098,0.4694083034992218,0.4129362106323242,0.11765332520008087,344.0,326.0,330.0,1000
299,8,0.16892245411872864,0.1773364096879959,0.16814379394054413,0.1715354396104813,0.9363636374473572,0.9208210706710815,1.0,0.9520000047683715,0.1733987390995026,0.4690471291542053,0.4133701026439667,0.11758144944906235,330.0,341.0,329.0,1000
300,8,0.1862267404794693,0.18996331095695496,0.1543598175048828,0.17721713948249818,0.9475308060646057,0.9147728085517883,1.0,0.9530000057220459,0.18426584708690644,0.46909910440444946,0.41352617740631104,0.1173798143863678,324.0,352.0,324.0,1000
301,8,0.20386488735675812,0.20722781121730804,0.16937047243118286,0.1931253833770752,0.9158877730369568,0.9074627161026001,1.0,0.94200000333786,0.19833730363845825,0.46916788816452026,0.41374802589416504,0.11710778623819351,321.0,335.0,344.0,1000
302,8,0.18392859399318695,0.1745532751083374,0.15692973136901855,0.17187711811065673,0.9189189672470093,0.9289940595626831,1.0,0.9490000047683715,0.17641861402988437,0.46952024102211,0.4134986400604248,0.11698248982429504,333.0,338.0,329.0,1000
303,8,0.19068869948387146,0.19307246804237366,0.17396153509616852,0.18548702466487885,0.916666567325592,0.9090909361839294,1.0,0.9440000019073486,0.18808625316619876,0.4695737063884735,0.4137340188026428,0.11669771373271942,312.0,330.0,358.0,1000
304,8,0.17690971493721008,0.17476646602153778,0.1568944752216339,0.16930362153053283,0.9359756112098694,0.9388378858566284,1.0,0.9590000033378602,0.1727774533033371,0.46956491470336914,0.4138285219669342,0.11661174148321152,328.0,327.0,345.0,1000
305,8,0.18406933546066284,0.18900495767593384,0.18128597736358643,0.18470795369148257,0.944444477558136,0.9156249761581421,1.0,0.9540000033378601,0.18629454350471497,0.46995943784713745,0.4135788381099701,0.1164490133523941,342.0,320.0,338.0,1000
306,8,0.21299304068088531,0.14690332114696503,0.15667536854743958,0.17007741677761076,0.8973510265350342,0.9539294838905334,1.0,0.9520000047683715,0.17882766377925874,0.47041550278663635,0.4132710099220276,0.11631608754396439,302.0,369.0,329.0,1000
307,8,0.1707063913345337,0.1962924748659134,0.14848840236663818,0.17140110456943516,0.9457831382751465,0.929230809211731,1.0,0.959000005722046,0.180680109500885,0.4705614149570465,0.41327616572380066,0.11613032221794128,332.0,325.0,343.0,1000
308,8,0.22186706960201263,0.1664062887430191,0.15299054980278015,0.18084560680389405,0.9112426042556763,0.9208210110664368,1.0,0.94300000333786,0.19060455822944639,0.4712899923324585,0.41296499967575073,0.11576396971940994,338.0,341.0,321.0,1000
309,8,0.14884114265441895,0.18942633271217346,0.16046379506587982,0.16633114993572237,0.949999988079071,0.9184290170669556,1.0,0.9570000009536743,0.16782421064376832,0.47165539860725403,0.4127747714519501,0.11555755883455276,320.0,331.0,349.0,1000
310,8,0.16926248371601105,0.19449841976165771,0.15742135047912598,0.1742950220108032,0.9401710033416748,0.9067054986953735,1.0,0.9470000019073486,0.17884177589416506,0.4712390601634979,0.4133216440677643,0.115440733730793,351.0,343.0,306.0,1000
311,8,0.20672358572483063,0.14021454751491547,0.14867398142814636,0.1640288496017456,0.9356913566589355,0.956112802028656,1.0,0.9660000042915343,0.1717252264022827,0.4719710946083069,0.412851482629776,0.11520887911319733,311.0,319.0,370.0,1000
312,8,0.15380188822746277,0.21410658955574036,0.1461929827928543,0.17100242161750795,0.9519519805908203,0.8932927250862122,1.0,0.9490000033378602,0.17476390969753267,0.4715495705604553,0.4134237766265869,0.11501577496528625,333.0,328.0,339.0,1000
313,8,0.18791234493255615,0.19019843637943268,0.15273064374923706,0.17687860107421877,0.9196429252624512,0.9179331660270691,1.0,0.9460000066757202,0.18463315033912658,0.47151097655296326,0.4137377142906189,0.11474359780550003,336.0,329.0,335.0,1000
314,8,0.16909779608249664,0.17963802814483643,0.14003702998161316,0.16223013746738435,0.9331104159355164,0.9061583876609802,1.0,0.9480000042915344,0.1702316818237305,0.4716232120990753,0.4139188528060913,0.11445751786231995,299.0,341.0,360.0,1000
315,8,0.20880860090255737,0.20482821762561798,0.15748630464076996,0.19085784363746644,0.9281250834465027,0.9106144309043884,1.0,0.9450000042915344,0.20120563697814942,0.47156015038490295,0.4142965078353882,0.11415138840675354,320.0,358.0,322.0,1000
316,8,0.23799341917037964,0.23698949813842773,0.158065065741539,0.21142857050895686,0.8892307281494141,0.8991354703903198,1.0,0.9290000028610229,0.23000032997131348,0.47218984365463257,0.4142398536205292,0.11354216188192368,325.0,347.0,328.0,1000
317,8,0.20187239348888397,0.20522019267082214,0.16011542081832886,0.19094307947158812,0.9156976342201233,0.906849205493927,1.0,0.9370000019073487,0.19851772761344907,0.47266918420791626,0.41427019238471985,0.11304272711277008,344.0,365.0,291.0,1000
318,8,0.18533726036548615,0.17536580562591553,0.1658056676387787,0.17546411788463595,0.9457831978797913,0.9186747670173645,1.0,0.9550000057220459,0.1782118208408356,0.4725620448589325,0.414625346660614,0.11281181126832962,332.0,332.0,336.0,1000
319,8,0.18597115576267242,0.1826612502336502,0.15445661544799805,0.17464342558383947,0.9363635778427124,0.9423631429672241,1.0,0.95900000333786,0.18105779576301576,0.4728909432888031,0.4144819378852844,0.1126086562871933,330.0,347.0,323.0,1000
320,8,0.19574323296546936,0.19767603278160095,0.1656738817691803,0.18638342225551605,0.9300912022590637,0.9082839488983154,1.0,0.9460000019073486,0.1928430564403534,0.47289612889289856,0.4147212505340576,0.11238935589790344,329.0,338.0,333.0,1000
321,8,0.23927730321884155,0.20009532570838928,0.1619306206703186,0.20132303929328918,0.9011628031730652,0.9194030165672302,1.0,0.9390000057220459,0.21648515343666078,0.4737494885921478,0.41420778632164,0.1120317280292511,344.0,335.0,321.0,1000
322,8,0.21032501757144928,0.1895398497581482,0.16221114993095398,0.18770880782604218,0.9098591804504395,0.9188311100006104,1.0,0.9430000066757201,0.1970681765079498,0.4741852283477783,0.4141731858253479,0.11162655800580978,355.0,308.0,337.0,1000
323,8,0.14502257108688354,0.18261393904685974,0.1648433655500412,0.16417019510269168,0.9554895758628845,0.9230769872665405,1.0,0.9590000009536743,0.16467161649465561,0.4740436375141144,0.41450798511505127,0.11143524944782257,337.0,338.0,325.0,1000
324,8,0.18068426847457886,0.18452030420303345,0.15814748406410217,0.17377554976940154,0.9355828166007996,0.9299362897872925,1.0,0.9570000019073486,0.18061979866027833,0.4737563133239746,0.4148850440979004,0.1113496795296669,326.0,314.0,360.0,1000
325,8,0.20014216005802155,0.16884422302246094,0.15469695627689362,0.17465442276000975,0.912912905216217,0.9149559736251831,1.0,0.9420000042915344,0.18236116385459902,0.4741227924823761,0.4147423505783081,0.11111322045326233,333.0,341.0,326.0,1000
326,8,0.18062619864940643,0.1810489147901535,0.16761544346809387,0.17653466653823854,0.9259257912635803,0.9104937314987183,1.0,0.94500000333786,0.17880873274803163,0.47463229298591614,0.41442447900772095,0.11094487458467484,351.0,324.0,325.0,1000
327,8,0.19229739904403687,0.1798519641160965,0.1626785546541214,0.17812550365924834,0.927953839302063,0.9302325248718262,1.0,0.9540000019073487,0.18166408658027647,0.47480538487434387,0.4143312871456146,0.11086781322956085,347.0,301.0,352.0,1000
328,8,0.20228806138038635,0.18607360124588013,0.15906554460525513,0.18256576728820803,0.9283581972122192,0.9251497387886047,1.0,0.9510000019073487,0.1896700669527054,0.475008487701416,0.414328396320343,0.11067146062850952,335.0,334.0,331.0,1000
329,8,0.1815672516822815,0.18654273450374603,0.15500490367412567,0.17372150731086733,0.9489489793777466,0.9233227372169495,1.0,0.9590000019073485,0.1805680695772171,0.47534555196762085,0.414220929145813,0.11042611300945282,333.0,313.0,354.0,1000
330,8,0.18707573413848877,0.18597573041915894,0.16534335911273956,0.1793041937351227,0.9305136203765869,0.9207317233085632,1.0,0.9510000019073486,0.18472588956356048,0.47544971108436584,0.4143877327442169,0.11016806960105896,331.0,328.0,341.0,1000
331,8,0.1649678349494934,0.19043439626693726,0.14710506796836853,0.167553497672081,0.9465875625610352,0.9219219088554382,1.0,0.9560000009536744,0.17409248876571656,0.4753820300102234,0.41458457708358765,0.11002511531114578,337.0,333.0,330.0,1000
332,8,0.2056497037410736,0.21639259159564972,0.17443439364433289,0.19908614623546603,0.9263803362846375,0.9072463512420654,1.0,0.9440000047683715,0.20429298424720763,0.47514528036117554,0.41516244411468506,0.10969068109989166,326.0,345.0,329.0,1000
333,8,0.2037781924009323,0.1812288761138916,0.15631695091724396,0.17922595584392548,0.9387097358703613,0.9209725856781006,1.0,0.9550000033378602,0.18906125879287722,0.47554975748062134,0.41506433486938477,0.10939107090234756,310.0,329.0,361.0,1000
334,8,0.18770922720432281,0.209273099899292,0.1646905541419983,0.18666532158851623,0.9425981640815735,0.9068322777748108,1.0,0.9510000019073486,0.19453681695461272,0.4756075441837311,0.41529011726379395,0.10909485071897507,331.0,322.0,347.0,1000
335,8,0.1839369535446167,0.20143908262252808,0.16257478296756744,0.18224361121654514,0.9320987462997437,0.9115853905677795,1.0,0.9490000009536743,0.18789284873008727,0.4752401113510132,0.4158901572227478,0.10887747257947922,324.0,328.0,348.0,1000
336,8,0.17252998054027557,0.2054906189441681,0.15191376209259033,0.17564332509040836,0.937313437461853,0.9108279943466187,1.0,0.9510000009536743,0.18212966275215148,0.4748092293739319,0.41656792163848877,0.1086486354470253,335.0,314.0,351.0,1000
337,8,0.1715085506439209,0.19212424755096436,0.17319153249263763,0.17891339695453642,0.9432835578918457,0.9096385836601257,1.0,0.9510000066757202,0.1816185727119446,0.474303662776947,0.41717618703842163,0.10852821171283722,335.0,332.0,333.0,1000
338,8,0.19916082918643951,0.1816529780626297,0.1697976142168045,0.18352340531349182,0.9339339137077332,0.9159160256385803,1.0,0.9500000057220459,0.1870477596521377,0.4743032157421112,0.41727426648139954,0.1084263026714325,333.0,333.0,334.0,1000
339,8,0.20530058443546295,0.20932753384113312,0.1580384224653244,0.19038231217861176,0.913690447807312,0.9065420627593994,1.0,0.9410000066757201,0.20191559338569642,0.4748315215110779,0.41707438230514526,0.10809709876775742,336.0,321.0,343.0,1000
340,8,0.1825457513332367,0.2056477665901184,0.16433930397033691,0.18439720177650454,0.9512195587158203,0.9120234251022339,1.0,0.9540000047683715,0.19045070707798004,0.47452685236930847,0.4177181124687195,0.10778313875198364,328.0,341.0,331.0,1000
341,8,0.2057943493127823,0.17932802438735962,0.1581340730190277,0.1806177833080292,0.9252336621284485,0.9262536764144897,1.0,0.951000005722046,0.19078049969673155,0.4749183654785156,0.4174524247646332,0.10760805755853653,321.0,339.0,340.0,1000
342,8,0.1700870394706726,0.19048897922039032,0.15742148458957672,0.17257605624198916,0.9396552443504333,0.9353845715522766,1.0,0.9580000047683715,0.17478344345092772,0.4751948416233063,0.4174878001213074,0.10733895748853683,348.0,325.0,327.0,1000
343,8,0.16792087256908417,0.20132137835025787,0.14906495809555054,0.1722998548746109,0.9447852373123169,0.9113150238990784,1.0,0.9530000009536744,0.17958254361152648,0.474458783864975,0.41835248470306396,0.10719340294599533,326.0,327.0,347.0,1000
344,8,0.1586020439863205,0.2071581482887268,0.16185520589351654,0.1751136597394943,0.947692334651947,0.9208860397338867,1.0,0.9580000042915343,0.1784952735900879,0.473835289478302,0.4192233681678772,0.10694196075201035,325.0,316.0,359.0,1000
345,8,0.18244318664073944,0.1819135844707489,0.16787919402122498,0.1773709708452225,0.9405098557472229,0.9290322065353394,1.0,0.9570000057220459,0.1827091748714447,0.4736906886100769,0.4194777309894562,0.10682844370603561,353.0,310.0,337.0,1000
346,8,0.1781734824180603,0.16334275901317596,0.1504523605108261,0.16336805808544158,0.9455127716064453,0.9335347414016724,1.0,0.9610000042915344,0.1685037627220154,0.4740299880504608,0.4193064570426941,0.10668379813432693,312.0,331.0,357.0,1000
347,8,0.2096104621887207,0.19876866042613983,0.15428516268730164,0.18777979528903965,0.916666567325592,0.9142857193946838,1.0,0.9430000047683715,0.20038101243972783,0.474223792552948,0.41941311955451965,0.10635972768068314,324.0,350.0,326.0,1000
348,8,0.21592296659946442,0.19134752452373505,0.15647980570793152,0.18709198248386383,0.9006211757659912,0.9179331660270691,1.0,0.9410000009536744,0.19771615862846373,0.4744991362094879,0.4195118546485901,0.10599873960018158,322.0,329.0,349.0,1000
349,8,0.17892034351825714,0.18461239337921143,0.16524305939674377,0.1763045048713684,0.9226007461547852,0.9212827682495117,1.0,0.9480000019073486,0.1792090344429016,0.4750860333442688,0.4190788269042969,0.10583820939064026,323.0,343.0,334.0,1000
350,8,0.19157294929027557,0.19919100403785706,0.15805405378341675,0.18284740447998052,0.9335347414016724,0.9039039611816406,1.0,0.9460000057220458,0.1907615213394165,0.4750049114227295,0.4194611608982086,0.10553595423698425,331.0,333.0,336.0,1000
351,8,0.21143296360969543,0.20120686292648315,0.16400417685508728,0.19198847532272337,0.9258064031600952,0.9215686321258545,1.0,0.9490000066757203,0.20120625615119933,0.4752165377140045,0.419454962015152,0.10533614456653595,310.0,357.0,333.0,1000
352,8,0.16404056549072266,0.18143229186534882,0.1763623207807541,0.174342404127121,0.948387086391449,0.9295775890350342,1.0,0.9590000009536742,0.1728555098772049,0.47514835000038147,0.41967734694480896,0.10517921298742294,310.0,355.0,335.0,1000
353,8,0.19435828924179077,0.20298327505588531,0.1558656394481659,0.1842543880939484,0.9353846311569214,0.9139465689659119,1.0,0.9500000047683715,0.1939721246957779,0.4752655327320099,0.4197327792644501,0.10500601679086685,325.0,337.0,338.0,1000
354,8,0.18361860513687134,0.20758207142353058,0.16348187625408173,0.1853915054798126,0.9428571462631226,0.908011794090271,1.0,0.9490000057220459,0.19164550220966342,0.4749392569065094,0.4203242063522339,0.10473889857530594,350.0,337.0,313.0,1000
355,8,0.18598461151123047,0.16486984491348267,0.15062788128852844,0.1668830176591873,0.9320988655090332,0.9287834167480469,1.0,0.9540000057220459,0.1714173994064331,0.47497791051864624,0.42051297426223755,0.1045069769024849,324.0,337.0,339.0,1000
356,8,0.1808943748474121,0.18588241934776306,0.1694166660308838,0.17894033658504488,0.9255663156509399,0.9311294555664062,1.0,0.9520000009536744,0.18184244322776796,0.47527775168418884,0.42037317156791687,0.10434390604496002,309.0,363.0,328.0,1000
357,8,0.16418024897575378,0.177218958735466,0.18084703385829926,0.17414825487136842,0.9361703395843506,0.9313431978225708,1.0,0.9560000009536744,0.17081881868839266,0.4749782085418701,0.4205649793148041,0.10443555563688278,329.0,335.0,336.0,1000
358,8,0.183948814868927,0.1967555582523346,0.16451352834701538,0.18174858891963958,0.9325512647628784,0.9057750105857849,1.0,0.9460000042915345,0.18692691159248354,0.47479087114334106,0.42089709639549255,0.10430631041526794,341.0,329.0,330.0,1000
359,8,0.16982458531856537,0.1979854553937912,0.1782408058643341,0.1810155512094498,0.9376771450042725,0.907216489315033,1.0,0.95100000333786,0.18412750959396357,0.4745100140571594,0.42124828696250916,0.10423577576875687,353.0,291.0,356.0,1000
360,8,0.16097819805145264,0.20324350893497467,0.16104327142238617,0.17473582720756528,0.9421965479850769,0.9169229865074158,1.0,0.9530000009536743,0.17891864800453186,0.4740980863571167,0.42177844047546387,0.1041264459490776,346.0,325.0,329.0,1000
361,8,0.17130884528160095,0.183058500289917,0.15976354479789734,0.1717846519947052,0.9279277920722961,0.945868968963623,1.0,0.9570000066757202,0.17499190056324004,0.473400741815567,0.42254164814949036,0.10406196117401123,333.0,351.0,316.0,1000
362,8,0.19117340445518494,0.18148264288902283,0.150894895195961,0.1757847064733505,0.9294118285179138,0.9234972596168518,1.0,0.9480000042915344,0.18341434478759766,0.4735267758369446,0.4227403402328491,0.10371803492307663,340.0,366.0,294.0,1000
363,8,0.19475717842578888,0.17587782442569733,0.17556212842464447,0.18205795419216156,0.9279278516769409,0.9361702799797058,1.0,0.9550000042915343,0.18555871069431307,0.47383227944374084,0.42255017161369324,0.10361387580633163,333.0,329.0,338.0,1000
364,8,0.17496153712272644,0.22381696105003357,0.16737759113311768,0.18940073096752166,0.9361701607704163,0.9017341732978821,1.0,0.9450000019073486,0.19484610247612003,0.47370943427085876,0.42289769649505615,0.10341030359268188,329.0,346.0,325.0,1000
365,8,0.19780780375003815,0.17641812562942505,0.15557262301445007,0.1768774005174637,0.9017341136932373,0.9314640760421753,1.0,0.944000005722046,0.1810754096508026,0.47341081500053406,0.4234003722667694,0.103205107152462,346.0,321.0,333.0,1000
366,8,0.21352829039096832,0.18223457038402557,0.1743387132883072,0.19082534855604172,0.9067796468734741,0.9274924397468567,1.0,0.9430000047683714,0.19775230991840365,0.4741094410419464,0.42292362451553345,0.1029689833521843,354.0,331.0,315.0,1000
367,8,0.217092365026474,0.16171284019947052,0.16481554508209229,0.18154048597812653,0.9002931714057922,0.9436619877815247,1.0,0.9460000014305116,0.1890286376476288,0.4748656749725342,0.4223003685474396,0.10280278325080872,341.0,355.0,304.0,1000
368,8,0.18229900300502777,0.18045726418495178,0.17371957004070282,0.17879869329929354,0.919999897480011,0.908823549747467,1.0,0.9430000042915345,0.18075303411483765,0.47545528411865234,0.4218864142894745,0.10265880823135376,325.0,340.0,335.0,1000
369,8,0.19763118028640747,0.2093835473060608,0.15683069825172424,0.18753974878788,0.9348533749580383,0.8930635452270508,1.0,0.9430000042915344,0.19641666722297668,0.4752490520477295,0.42229214310646057,0.1024838387966156,307.0,346.0,347.0,1000
370,8,0.19757531583309174,0.18516668677330017,0.17242369055747986,0.1851820942163467,0.9313433170318604,0.9205883741378784,1.0,0.9500000009536744,0.19146123552322386,0.47559255361557007,0.4222330152988434,0.10216706991195679,335.0,340.0,325.0,1000
371,8,0.20338290929794312,0.19462192058563232,0.16823460161685944,0.18910403680801394,0.9228487014770508,0.9093568325042725,1.0,0.9430000042915345,0.19366055572032928,0.4759114980697632,0.42209383845329285,0.10200441628694534,337.0,342.0,321.0,1000
372,8,0.17685547471046448,0.19309264421463013,0.17912061512470245,0.18312438225746155,0.9385964870452881,0.9122807383537292,1.0,0.9490000019073486,0.18292663848400117,0.475818932056427,0.4222944676876068,0.10188821703195572,342.0,342.0,316.0,1000
373,8,0.17597596347332,0.2332075983285904,0.1578262448310852,0.1878860373497009,0.9256965517997742,0.884735107421875,1.0,0.9390000066757201,0.19773203086853028,0.47543132305145264,0.42284107208251953,0.1017356887459755,323.0,321.0,356.0,1000
374,8,0.19705137610435486,0.19564993679523468,0.16890354454517365,0.18630502486228945,0.9211357235908508,0.921135663986206,1.0,0.9500000052452089,0.19327561235427856,0.4750220775604248,0.4234994947910309,0.10147436708211899,317.0,317.0,366.0,1000
375,8,0.19513972103595734,0.17551878094673157,0.15524965524673462,0.1752839616537094,0.9214502573013306,0.9228487014770508,1.0,0.9480000057220459,0.18395306205749512,0.47517985105514526,0.4235823452472687,0.10123960673809052,331.0,337.0,332.0,1000
376,8,0.2158409208059311,0.1877623051404953,0.16852815449237823,0.19017823886871338,0.90965735912323,0.9196428656578064,1.0,0.9440000033378599,0.20078890442848205,0.4754171669483185,0.4236416816711426,0.10093992948532104,321.0,336.0,343.0,1000
377,8,0.18097235262393951,0.19657637178897858,0.16862547397613525,0.18209675848484042,0.9335548281669617,0.9226361513137817,1.0,0.9530000019073486,0.18589467096328735,0.47581154108047485,0.4234384298324585,0.1007670983672142,301.0,349.0,350.0,1000
378,8,0.21623943746089935,0.18745794892311096,0.15971051156520844,0.18830173432827,0.912912905216217,0.917613685131073,1.0,0.9420000019073484,0.198270583152771,0.47592824697494507,0.4235503077507019,0.10054703801870346,333.0,352.0,315.0,1000
379,8,0.16770339012145996,0.20541109144687653,0.17050644755363464,0.18082049262523653,0.949295699596405,0.9135802984237671,1.0,0.9540000009536744,0.18100919103622437,0.4757724404335022,0.42380818724632263,0.10040473192930222,355.0,324.0,321.0,1000
380,8,0.2007371336221695,0.17251315712928772,0.15436212718486786,0.1764439730644226,0.9185393452644348,0.9348534345626831,1.0,0.9510000033378601,0.18390960288047792,0.4762493669986725,0.4235430955886841,0.10021258890628815,356.0,307.0,337.0,1000
381,8,0.22021248936653137,0.19989632070064545,0.17066819965839386,0.19695788502693176,0.9189189076423645,0.9044776558876038,1.0,0.9410000009536743,0.20513728785514831,0.47667795419692993,0.42335009574890137,0.09996198117733002,333.0,335.0,332.0,1000
382,8,0.15594448149204254,0.20214076340198517,0.154255211353302,0.16931971359252931,0.9467786550521851,0.923841118812561,1.0,0.9580000042915343,0.17660554134845735,0.4764942228794098,0.42367252707481384,0.0998239740729332,357.0,302.0,341.0,1000
383,8,0.2037961483001709,0.21508267521858215,0.1646815836429596,0.1950116344690323,0.9174311757087708,0.9051724672317505,1.0,0.9400000066757201,0.20399507153034213,0.47586607933044434,0.42458781599998474,0.09955794364213943,327.0,348.0,325.0,1000
384,8,0.18657681345939636,0.20814304053783417,0.15752647817134857,0.18416605436801908,0.9226361513137817,0.9141104221343994,1.0,0.9450000019073486,0.19207668185234072,0.47580254077911377,0.4250018000602722,0.09921364486217499,349.0,326.0,325.0,1000
385,8,0.171203151345253,0.2131536453962326,0.1576680690050125,0.18075745463371276,0.9577922821044922,0.9090908765792847,1.0,0.9560000042915345,0.1859338012933731,0.4754079580307007,0.42562490701675415,0.09897930175065994,308.0,341.0,351.0,1000
386,8,0.22070415318012238,0.1901545375585556,0.15763241052627563,0.18935775256156923,0.9023668766021729,0.9187498688697815,1.0,0.941000002861023,0.19962942218780516,0.4752456247806549,0.4260425567626953,0.09870421886444092,338.0,320.0,342.0,1000
387,8,0.19756931066513062,0.18941771984100342,0.17504791915416718,0.18697855615615844,0.9335442781448364,0.9134328365325928,1.0,0.9500000019073487,0.19212391996383668,0.47618257999420166,0.42534589767456055,0.09847041964530945,316.0,335.0,349.0,1000
388,8,0.19247999787330627,0.19317513704299927,0.16156719624996185,0.1832802895307541,0.9426229596138,0.9270517826080322,1.0,0.9550000009536743,0.1924676812887192,0.4761587977409363,0.42560067772865295,0.09822817146778107,366.0,329.0,305.0,1000
389,8,0.18907944858074188,0.17683078348636627,0.16580967605113983,0.1771696901321411,0.9230769276618958,0.9327958226203918,1.0,0.9510000033378602,0.18274256539344785,0.47649306058883667,0.42546990513801575,0.09804170578718185,312.0,372.0,316.0,1000
390,8,0.1928943544626236,0.19845758378505707,0.14782975614070892,0.17902548921108247,0.9263803958892822,0.9110428690910339,1.0,0.9470000066757203,0.1893214032649994,0.4764764904975891,0.42563021183013916,0.09790642559528351,326.0,326.0,348.0,1000
391,8,0.16931092739105225,0.19269144535064697,0.14611046016216278,0.1691611844301224,0.9343283176422119,0.9146341681480408,1.0,0.9500000042915345,0.1783478276729584,0.47619614005088806,0.4261769652366638,0.0976208746433258,335.0,328.0,337.0,1000
392,8,0.1711621880531311,0.19220420718193054,0.17112895846366882,0.1787065762281418,0.9426935315132141,0.9164345264434814,1.0,0.9500000057220459,0.17878605484962465,0.47595325112342834,0.4265880584716797,0.09747172147035599,349.0,359.0,292.0,1000
393,8,0.18769480288028717,0.16995365917682648,0.17213566601276398,0.17663008761405943,0.9432836174964905,0.93313068151474,1.0,0.9590000033378602,0.1774382176399231,0.4760253131389618,0.42662882804870605,0.09735052287578583,335.0,329.0,336.0,1000
394,8,0.15021419525146484,0.20620223879814148,0.17575761675834656,0.17854378211498265,0.9531250596046448,0.9138889908790588,1.0,0.9540000047683718,0.1747789967060089,0.4756702780723572,0.42706191539764404,0.09730762243270874,320.0,360.0,320.0,1000
395,8,0.194188192486763,0.19411791861057281,0.1584676206111908,0.18137774372100832,0.919254720211029,0.9187500476837158,1.0,0.9480000019073486,0.19137626886367798,0.4755030572414398,0.4273444414138794,0.09715773910284042,322.0,320.0,358.0,1000
396,8,0.17560192942619324,0.18790727853775024,0.15182992815971375,0.17131370019912717,0.9436201453208923,0.9088050127029419,1.0,0.9520000019073486,0.17971661233901978,0.474925696849823,0.42810574173927307,0.0969586968421936,337.0,318.0,345.0,1000
397,8,0.16119404137134552,0.20137551426887512,0.1497514694929123,0.1716648676395416,0.9541285037994385,0.9119318723678589,1.0,0.9540000019073487,0.17824702394008637,0.4749571979045868,0.4283106327056885,0.09671927243471146,327.0,352.0,321.0,1000
398,8,0.1805042028427124,0.1742732971906662,0.16144651174545288,0.17207394897937778,0.9398281574249268,0.9419355392456055,1.0,0.9610000047683717,0.17412312948703765,0.47442302107810974,0.4290580749511719,0.09655527770519257,349.0,310.0,341.0,1000
399,8,0.17789572477340698,0.19389913976192474,0.1551089584827423,0.1757958559989929,0.9301676750183105,0.919504702091217,1.0,0.9490000019073485,0.1854818902015686,0.4747057259082794,0.42889541387557983,0.09640476852655411,358.0,323.0,319.0,1000
