epoch,batch,loss_group:0,loss_group:1,loss_avg,acc_group:0,acc_group:1,acc_avg,objective,count_group:0,count_group:1,count
0,50,0.09990526735782623,3.7397406101226807,0.13857850881293418,0.9747315645217896,0.0,0.9643749999999999,0.13857850881293418,1583.0,17.0,1600
0,100,0.017042968422174454,4.627223491668701,0.06314478646963832,1.0,0.0,0.99,0.06314478646963832,1584.0,16.0,1600
0,150,0.01790740340948105,3.882753372192383,0.06138692099601029,1.0,0.0,0.98875,0.06138692099601029,1582.0,18.0,1600
0,200,0.0155545175075531,3.5336334705352783,0.05073530986905099,1.0,0.0,0.99,0.05073530986905099,1584.0,16.0,1600
0,250,0.01737290993332863,3.5905113220214844,0.04640465950593353,1.0,0.0,0.991875,0.04640465950593353,1587.0,13.0,1600
0,300,0.015834245830774307,3.190919876098633,0.049569530822336665,1.0,0.0,0.9893749999999998,0.049569530822336665,1583.0,17.0,1600
0,350,0.013814221136271954,3.117319345474243,0.03709050831384957,1.0,0.0,0.9924999999999999,0.03709050831384957,1588.0,12.0,1600
0,400,0.014314895495772362,4.186014175415039,0.056031879698857666,1.0,0.0,0.9899999999999998,0.056031879698857666,1584.0,16.0,1600
0,450,0.016633890569210052,3.204758644104004,0.04253740631043909,1.0,0.0,0.9918749999999997,0.04253740631043909,1587.0,13.0,1600
0,500,0.014891758561134338,2.567310094833374,0.04041594315320253,1.0,0.0,0.9900000000000002,0.04041594315320253,1584.0,16.0,1600
0,550,0.01630246639251709,3.0539400577545166,0.05427293745800851,1.0,0.05000000074505806,0.9881250000000001,0.05427293745800851,1580.0,20.0,1600
0,600,0.013870107010006905,2.9580044746398926,0.026750693852081894,1.0,0.0,0.9956249999999998,0.026750693852081894,1593.0,7.0,1600
0,650,0.014385323971509933,3.012845277786255,0.04249588405713439,1.0,0.0,0.9906249999999999,0.04249588405713439,1585.0,15.0,1600
0,700,0.016453199088573456,2.655526876449585,0.04614277567714451,1.0,0.0555555559694767,0.9893749999999998,0.04614277567714451,1582.0,18.0,1600
0,750,0.01554185152053833,2.369048833847046,0.03466409221291541,1.0,0.0,0.9918750000000001,0.03466409221291541,1587.0,13.0,1600
0,800,0.017275527119636536,2.312718391418457,0.04166460659354925,1.0,0.0,0.989375,0.04166460659354925,1583.0,17.0,1600
0,850,0.013504920527338982,2.43481183052063,0.030151405464857808,1.0,0.0,0.9931249999999997,0.030151405464857808,1589.0,11.0,1600
0,900,0.015719464048743248,2.213762044906616,0.03495233699679375,1.0,0.0,0.99125,0.03495233699679375,1586.0,14.0,1600
0,950,0.017357798293232918,2.200835704803467,0.039192579425871364,1.0,0.0,0.9899999999999999,0.039192579425871364,1584.0,16.0,1600
0,1000,0.01828482374548912,2.1473636627197266,0.043567628860473634,1.0,0.0,0.9881250000000001,0.043567628860473634,1581.0,19.0,1600
0,1050,0.017223872244358063,2.195965051651001,0.03220272038131951,1.0,0.09090909361839294,0.9937499999999998,0.03220272038131951,1589.0,11.0,1600
0,1100,0.016803044825792313,1.8671188354492188,0.032993304319679714,1.0,0.0,0.9912500000000002,0.032993304319679714,1586.0,14.0,1600
0,1150,0.01895281672477722,1.8521335124969482,0.04415904471650719,1.0,0.1363636553287506,0.988125,0.04415904471650719,1578.0,22.0,1600
0,1200,0.017824221402406693,1.6985816955566406,0.03148037640377878,1.0,0.0,0.991875,0.03148037640377878,1587.0,13.0,1600
0,1250,0.022161126136779785,1.7850239276885986,0.04309511931613085,1.0,0.05263157933950424,0.98875,0.04309511931613085,1581.0,19.0,1600
0,1300,0.021973516792058945,1.8623557090759277,0.04037733355537054,1.0,0.0,0.99,0.04037733355537054,1584.0,16.0,1600
0,1350,0.022995062172412872,1.3979982137680054,0.0419013525918126,1.0,0.0,0.98625,0.0419013525918126,1578.0,22.0,1600
0,1400,0.0223913062363863,1.9924209117889404,0.04578541468828915,1.0,0.0,0.9881250000000001,0.04578541468828915,1581.0,19.0,1600
0,1450,0.023435445502400398,1.8686619997024536,0.045347510054707524,1.0,0.0,0.9881250000000003,0.045347510054707524,1581.0,19.0,1600
0,1500,0.023217681795358658,1.7155808210372925,0.041199040263891214,1.0,0.1764705926179886,0.9912499999999996,0.041199040263891214,1583.0,17.0,1600
0,1550,0.02599596045911312,1.7420018911361694,0.04208351604640485,1.0,0.0,0.9906249999999999,0.04208351604640485,1585.0,15.0,1600
0,1563,0.027094563469290733,2.745051860809326,0.05434225409065272,1.0,0.0,0.9899749373433582,0.05434225409065272,395.0,4.0,399
1,50,0.02570554055273533,1.503363847732544,0.03771151416003703,1.0,0.07692307978868484,0.9925,0.03771151416003703,1587.0,13.0,1600
1,100,0.029565906152129173,1.720819354057312,0.0485925057157874,1.0,0.0,0.9887499999999999,0.0485925057157874,1582.0,18.0,1600
1,150,0.02741280570626259,1.8602992296218872,0.04459611199796199,1.0,0.0,0.990625,0.04459611199796199,1585.0,15.0,1600
1,200,0.031408440321683884,1.4031323194503784,0.04684032756835221,1.0,0.0555555559694767,0.989375,0.04684032756835221,1582.0,18.0,1600
1,250,0.03215396776795387,1.7943557500839233,0.042066348344087595,1.0,0.0,0.9943750000000001,0.042066348344087595,1591.0,9.0,1600
1,300,0.03363784775137901,1.2627935409545898,0.05207518607378006,1.0,0.0416666679084301,0.9856250000000001,0.05207518607378006,1576.0,24.0,1600
1,350,0.03701270371675491,1.5083327293395996,0.05540420327335594,1.0,0.0,0.9875000000000002,0.05540420327335594,1580.0,20.0,1600
1,50,0.025939570739865303,1.824392557144165,0.04504813082516194,1.0,0.05882352963089943,0.9900000000000001,0.04504813082516194,1583.0,17.0,1600
1,100,0.028627654537558556,1.8382186889648438,0.0467235654219985,1.0,0.0625,0.9906249999999999,0.0467235654219985,1584.0,16.0,1600
1,150,0.030853262171149254,1.8311108350753784,0.0511061618477106,1.0,0.0555555559694767,0.9893749999999998,0.0511061618477106,1582.0,18.0,1600
1,200,0.03220975771546364,1.6404105424880981,0.048291759230196483,1.0,0.0625,0.9906250000000001,0.048291759230196483,1584.0,16.0,1600
1,250,0.033757396042346954,1.7400799989700317,0.047621268369257445,1.0,0.07692307978868484,0.9924999999999998,0.047621268369257445,1587.0,13.0,1600
1,300,0.03463751822710037,1.4895516633987427,0.05009597450494763,1.0,0.05882352963089943,0.9900000000000001,0.05009597450494763,1583.0,17.0,1600
1,350,0.03418942168354988,1.5623582601547241,0.04565067861229182,1.0,0.0,0.9924999999999999,0.04565067861229182,1588.0,12.0,1600
1,400,0.038198959082365036,1.984012484550476,0.05765709802508353,1.0,0.0,0.9899999999999998,0.05765709802508353,1584.0,16.0,1600
1,450,0.03981415554881096,1.7679457664489746,0.05385521717369555,1.0,0.0,0.9918749999999997,0.05385521717369555,1587.0,13.0,1600
1,500,0.040888961404561996,1.3158482313156128,0.053638551607728006,1.0,0.0625,0.990625,0.053638551607728006,1584.0,16.0,1600
1,550,0.04602040350437164,1.9080504179000854,0.0692957845330238,1.0,0.0,0.9875000000000002,0.0692957845330238,1580.0,20.0,1600
1,600,0.04379373416304588,2.1044797897338867,0.05280924811959265,1.0,0.0,0.9956249999999998,0.05280924811959265,1593.0,7.0,1600
1,650,0.04943323880434036,1.9918981790542603,0.06764383815228939,1.0,0.0,0.9906249999999999,0.06764383815228939,1585.0,15.0,1600
1,700,0.05174202844500542,1.7200336456298828,0.0705103066563606,1.0,0.0,0.9887499999999997,0.0705103066563606,1582.0,18.0,1600
1,750,0.053218502551317215,1.7305519580841064,0.06684685118496415,1.0,0.0,0.9918750000000001,0.06684685118496415,1587.0,13.0,1600
1,800,0.057772763073444366,1.833762526512146,0.07664266385138037,1.0,0.0,0.989375,0.07664266385138037,1583.0,17.0,1600
1,850,0.054533451795578,2.2452404499053955,0.06959456570446489,1.0,0.0,0.9931249999999997,0.06959456570446489,1589.0,11.0,1600
1,900,0.0618627592921257,1.8864158391952515,0.07782759413123132,1.0,0.0,0.99125,0.07782759413123132,1586.0,14.0,1600
1,950,0.06438962370157242,1.9954639673233032,0.08370037034153938,1.0,0.0,0.9899999999999999,0.08370037034153938,1584.0,16.0,1600
1,1000,0.06747515499591827,2.121285915374756,0.09186413370072839,1.0,0.0,0.9881250000000001,0.09186413370072839,1581.0,19.0,1600
1,1050,0.0684303492307663,2.184223175048828,0.08297643579542635,1.0,0.0,0.9931249999999997,0.08297643579542635,1589.0,11.0,1600
1,1100,0.07154665887355804,2.078641653060913,0.08910875067114828,1.0,0.0,0.9912500000000002,0.08910875067114828,1586.0,14.0,1600
1,1150,0.0739055871963501,1.8669246435165405,0.09855960324406625,1.0,0.04545454680919647,0.9868750000000002,0.09855960324406625,1578.0,22.0,1600
1,1200,0.07750871777534485,2.0682613849639893,0.0936835806071758,1.0,0.0,0.991875,0.0936835806071758,1587.0,13.0,1600
1,1250,0.08338192850351334,2.1992897987365723,0.10850832328200338,1.0,0.0,0.9881249999999998,0.10850832328200338,1581.0,19.0,1600
1,1300,0.08436732739210129,2.1738317012786865,0.10526195526123043,1.0,0.0,0.99,0.10526195526123043,1584.0,16.0,1600
1,1350,0.08835402131080627,1.9192322492599487,0.11352859199047093,1.0,0.04545454680919647,0.9868750000000001,0.11352859199047093,1578.0,22.0,1600
1,1400,0.08634412288665771,2.3737833499908447,0.1135074684023857,1.0,0.0,0.9881250000000001,0.1135074684023857,1581.0,19.0,1600
1,1450,0.08759336918592453,2.3226895332336426,0.11413514733314514,1.0,0.0,0.9881250000000003,0.11413514733314514,1581.0,19.0,1600
1,1500,0.09187223017215729,2.13271427154541,0.11355616226792332,0.9993683099746704,0.0,0.9887499999999999,0.11355616226792332,1583.0,17.0,1600
1,1550,0.09265129268169403,2.381596326828003,0.11411017730832099,1.0,0.0,0.9906249999999999,0.11411017730832099,1585.0,15.0,1600
1,1563,0.09547460079193115,2.5415754318237305,0.11999691645603133,1.0,0.0,0.9899749373433582,0.11999691645603133,395.0,4.0,399
2,50,0.09324298053979874,2.33600115776062,0.11146538138389583,0.9993698596954346,0.0,0.9912500000000002,0.11146538138389583,1587.0,13.0,1600
2,100,0.09586280584335327,2.3959076404571533,0.12173831328749649,1.0,0.0,0.9887499999999999,0.12173831328749649,1582.0,18.0,1600
2,150,0.09352684766054153,2.425107717514038,0.11538540467619893,1.0,0.0,0.990625,0.11538540467619893,1585.0,15.0,1600
2,200,0.09323868900537491,2.3673908710479736,0.11882288157939909,1.0,0.0,0.9887500000000001,0.11882288157939909,1582.0,18.0,1600
2,250,0.0993119478225708,2.473903179168701,0.11266901016235352,1.0,0.0,0.9943750000000001,0.11266901016235352,1591.0,9.0,1600
2,300,0.09443343430757523,2.3130650520324707,0.12771287858486177,1.0,0.0,0.985,0.12771287858486177,1576.0,24.0,1600
2,350,0.09547440707683563,2.3297743797302246,0.1234031510353088,1.0,0.0,0.9875000000000002,0.1234031510353088,1580.0,20.0,1600
2,400,0.09847009927034378,2.472710609436035,0.12666421413421625,1.0,0.0,0.988125,0.12666421413421625,1581.0,19.0,1600
2,450,0.09791611135005951,2.315171718597412,0.12424601674079891,1.0,0.0,0.988125,0.12424601674079891,1581.0,19.0,1600
2,500,0.09664864838123322,2.387355089187622,0.11669232010841368,1.0,0.0,0.99125,0.11669232010841368,1586.0,14.0,1600
2,550,0.09639517217874527,2.371006965637207,0.12198453083634372,1.0,0.0,0.9887499999999997,0.12198453083634372,1582.0,18.0,1600
2,600,0.09882675111293793,2.36258864402771,0.12004951924085618,1.0,0.0,0.990625,0.12004951924085618,1585.0,15.0,1600
2,650,0.10009787976741791,2.35653018951416,0.13817515596747393,1.0,0.0,0.9831249999999998,0.13817515596747393,1573.0,27.0,1600
2,700,0.09774980694055557,2.5878005027770996,0.11953776195645333,1.0,0.0,0.9912499999999999,0.11953776195645333,1586.0,14.0,1600
2,750,0.09734107553958893,2.408492088317871,0.12045256182551378,1.0,0.0,0.9899999999999999,0.12045256182551378,1584.0,16.0,1600
2,800,0.0970911756157875,2.327720880508423,0.11660916954278944,1.0,0.0,0.9912500000000001,0.11660916954278944,1586.0,14.0,1600
2,850,0.10026317089796066,2.3985791206359863,0.13330144912004463,1.0,0.0,0.9856249999999996,0.13330144912004463,1577.0,23.0,1600
2,900,0.09510982036590576,2.371397018432617,0.11929535239934921,1.0,0.0,0.9893749999999999,0.11929535239934921,1583.0,17.0,1600
2,950,0.0998803898692131,2.5027384757995605,0.11790182814002033,1.0,0.0,0.9925,0.11790182814002033,1588.0,12.0,1600
2,1000,0.09594127535820007,2.336921215057373,0.11554985195398329,1.0,0.0,0.99125,0.11554985195398329,1586.0,14.0,1600
2,1050,0.09980467706918716,2.216012716293335,0.11567625179886816,1.0,0.0,0.9925000000000002,0.11567625179886816,1588.0,12.0,1600
2,1100,0.09682811796665192,2.4164180755615234,0.12437324821949004,1.0,0.0,0.9881250000000001,0.12437324821949004,1581.0,19.0,1600
2,1150,0.09848707914352417,2.563088893890381,0.11697158128023141,1.0,0.0,0.9924999999999998,0.11697158128023141,1588.0,12.0,1600
2,1200,0.09679051488637924,2.3060250282287598,0.12026362702250476,1.0,0.0,0.9893750000000001,0.12026362702250476,1583.0,17.0,1600
2,1250,0.09483988583087921,2.457380771636963,0.10665257588028905,1.0,0.0,0.995,0.10665257588028905,1592.0,8.0,1600
2,1300,0.09462669491767883,2.4107472896575928,0.11344516664743423,1.0,0.0,0.9918750000000001,0.11344516664743423,1587.0,13.0,1600
2,1350,0.096376433968544,2.138979434967041,0.10531282782554627,1.0,0.0,0.995625,0.10531282782554627,1593.0,7.0,1600
2,1400,0.10211342573165894,2.396076202392578,0.12792050361633295,1.0,0.0,0.9887500000000001,0.12792050361633295,1582.0,18.0,1600
2,1450,0.09811847656965256,2.468644857406616,0.11589742273092268,1.0,0.0,0.9924999999999997,0.11589742273092268,1588.0,12.0,1600
2,1500,0.09823225438594818,2.560997724533081,0.12439911827445027,0.9993683099746704,0.0,0.9887499999999999,0.12439911827445027,1583.0,17.0,1600
2,1550,0.09454450756311417,2.4197049140930176,0.11634288445115086,0.9993690252304077,0.0,0.9899999999999999,0.11634288445115086,1585.0,15.0,1600
2,1563,0.10062570869922638,2.4726784229278564,0.13629567555915145,0.9974554777145386,0.0,0.9824561403508771,0.13629567555915145,393.0,6.0,399
3,50,0.09721391648054123,2.4583444595336914,0.11787377521395682,1.0,0.0,0.99125,0.11787377521395682,1586.0,14.0,1600
3,100,0.09904351085424423,2.318549871444702,0.1240129436552524,1.0,0.0,0.9887500000000001,0.1240129436552524,1582.0,18.0,1600
3,150,0.09504933655261993,2.3633291721343994,0.11914978235960003,1.0,0.0,0.989375,0.11914978235960003,1583.0,17.0,1600
3,200,0.0959693044424057,2.436440944671631,0.11206005260348319,1.0,0.0,0.9931249999999999,0.11206005260348319,1589.0,11.0,1600
3,250,0.09778164327144623,2.5091185569763184,0.12943043395876883,1.0,0.0,0.9868750000000002,0.12943043395876883,1579.0,21.0,1600
3,300,0.09108827263116837,2.4251880645751953,0.12026452273130414,1.0,0.0,0.9874999999999999,0.12026452273130414,1580.0,20.0,1600
3,350,0.095769502222538,2.484753370285034,0.12712490543723107,1.0,0.0,0.9868750000000001,0.12712490543723107,1579.0,21.0,1600
3,400,0.09396347403526306,2.3629608154296875,0.11807157203555108,1.0,0.0,0.989375,0.11807157203555108,1583.0,17.0,1600
3,450,0.09549042582511902,2.551201343536377,0.11237343952059743,1.0,0.0,0.9931249999999999,0.11237343952059743,1589.0,11.0,1600
3,500,0.09256349503993988,2.472731113433838,0.11934036016464229,1.0,0.0,0.9887499999999998,0.11934036016464229,1582.0,18.0,1600
3,550,0.0970725268125534,2.3730461597442627,0.11556478425860407,1.0,0.0,0.991875,0.11556478425860407,1587.0,13.0,1600
3,600,0.09256967157125473,2.483736515045166,0.1179758028686046,1.0,0.0,0.989375,0.1179758028686046,1583.0,17.0,1600
3,650,0.09613911062479019,2.5223896503448486,0.12343444660305976,0.9993679523468018,0.0,0.988125,0.12343444660305976,1582.0,18.0,1600
3,700,0.08937424421310425,2.401681423187256,0.1038261733949184,1.0,0.0,0.9937499999999998,0.1038261733949184,1590.0,10.0,1600
3,750,0.0884394496679306,2.4133031368255615,0.11459418401122091,1.0,0.0,0.9887500000000001,0.11459418401122091,1582.0,18.0,1600
3,800,0.0949636697769165,2.656020402908325,0.1125709158182144,1.0,0.0,0.9931249999999999,0.1125709158182144,1589.0,11.0,1600
3,850,0.09008772671222687,2.4197638034820557,0.10901636466383935,1.0,0.0,0.991875,0.10901636466383935,1587.0,13.0,1600
3,900,0.08504664152860641,2.607076406478882,0.10553814724087718,1.0,0.0,0.9918749999999998,0.10553814724087718,1587.0,13.0,1600
3,950,0.08425286412239075,2.551574230194092,0.0981315606832504,1.0,0.0,0.9943749999999998,0.0981315606832504,1591.0,9.0,1600
3,1000,0.09004436433315277,2.3427915573120117,0.11679573133587838,1.0,0.0,0.9881250000000001,0.11679573133587838,1581.0,19.0,1600
3,1050,0.08438806235790253,2.375742197036743,0.10014112934470172,1.0,0.0,0.9931249999999999,0.10014112934470172,1589.0,11.0,1600
3,1100,0.09230108559131622,2.4896788597106934,0.11627489030361178,1.0,0.0,0.9899999999999998,0.11627489030361178,1584.0,16.0,1600
3,1150,0.08821330964565277,2.5780231952667236,0.10844299912452697,1.0,0.0,0.9918750000000001,0.10844299912452697,1587.0,13.0,1600
3,1200,0.08533880859613419,2.460545539855957,0.10909088805317879,1.0,0.0,0.9899999999999999,0.10909088805317879,1584.0,16.0,1600
3,1250,0.08596044778823853,2.4732372760772705,0.11580142617225646,1.0,0.0,0.9874999999999999,0.11580142617225646,1580.0,20.0,1600
3,1300,0.08851659297943115,2.497560739517212,0.10809005573391914,1.0,0.0,0.9918749999999998,0.10809005573391914,1587.0,13.0,1600
3,1350,0.0845126062631607,2.491978645324707,0.1040732631087303,1.0,0.0,0.991875,0.1040732631087303,1587.0,13.0,1600
3,1400,0.08578693866729736,2.4681973457336426,0.12152309060096739,1.0,0.0,0.9849999999999999,0.12152309060096739,1576.0,24.0,1600
3,1450,0.08544167131185532,2.5517115592956543,0.10856296524405482,1.0,0.0,0.990625,0.10856296524405482,1585.0,15.0,1600
3,1500,0.08554311096668243,2.496119737625122,0.11115547776222225,1.0,0.0,0.9893749999999998,0.11115547776222225,1583.0,17.0,1600
3,1550,0.08288867771625519,2.397641897201538,0.11616326093673703,1.0,0.0,0.9856250000000001,0.11616326093673703,1577.0,23.0,1600
3,1563,0.09662128984928131,2.736067771911621,0.12969705585698435,0.9974619746208191,0.0,0.9849624084051986,0.12969705585698435,394.0,5.0,399
4,50,0.08728858083486557,2.519941806793213,0.12225797772407529,1.0,0.0,0.9856250000000001,0.12225797772407529,1577.0,23.0,1600
4,100,0.08819396048784256,2.458475112915039,0.11041531771421434,1.0,0.0,0.9906249999999998,0.11041531771421434,1585.0,15.0,1600
4,150,0.08918093889951706,2.5594515800476074,0.11851541385054586,1.0,0.0,0.9881250000000001,0.11851541385054586,1581.0,19.0,1600
4,200,0.08569283038377762,2.3598849773406982,0.10843476295471186,1.0,0.0,0.9900000000000001,0.10843476295471186,1584.0,16.0,1600
4,250,0.08518442511558533,2.392707586288452,0.10249084502458568,1.0,0.0,0.9924999999999999,0.10249084502458568,1588.0,12.0,1600
4,300,0.08278609812259674,2.7173826694488525,0.10089894279837605,1.0,0.0,0.9931249999999997,0.10089894279837605,1589.0,11.0,1600
4,350,0.08530128002166748,2.5417892932891846,0.11600739419460294,1.0,0.0,0.9875000000000002,0.11600739419460294,1580.0,20.0,1600
4,400,0.08326665312051773,2.5476436614990234,0.10174949496984476,1.0,0.0,0.9925000000000002,0.10174949496984476,1588.0,12.0,1600
4,450,0.09097842872142792,2.574673652648926,0.11426308169960973,0.9981071352958679,0.0,0.9887499999999999,0.11426308169960973,1585.0,15.0,1600
4,500,0.08022654056549072,2.6337506771087646,0.0913982197642326,1.0,0.0,0.995625,0.0913982197642326,1593.0,7.0,1600
4,550,0.08391393721103668,2.439579725265503,0.09716455504298208,1.0,0.0,0.9943749999999996,0.09716455504298208,1591.0,9.0,1600
4,600,0.0809897780418396,2.5492703914642334,0.09950186356902121,1.0,0.0,0.9924999999999999,0.09950186356902121,1588.0,12.0,1600
4,650,0.08629124611616135,2.408635377883911,0.12402933269739147,1.0,0.0,0.9837500000000001,0.12402933269739147,1574.0,26.0,1600
4,700,0.08304997533559799,2.419905424118042,0.11080013364553448,1.0,0.0,0.9881249999999997,0.11080013364553448,1581.0,19.0,1600
4,750,0.0822286605834961,2.469943046569824,0.10610576868057253,1.0,0.0,0.9899999999999999,0.10610576868057253,1584.0,16.0,1600
4,800,0.08057056367397308,2.5899009704589844,0.10723220244050029,1.0,0.0,0.9893749999999999,0.10723220244050029,1583.0,17.0,1600
4,850,0.08396118134260178,2.3340704441070557,0.11208753094077108,1.0,0.0,0.9875,0.11208753094077108,1580.0,20.0,1600
4,900,0.09001544862985611,2.4204227924346924,0.11768904954195022,1.0,0.0,0.988125,0.11768904954195022,1581.0,19.0,1600
4,950,0.08684632927179337,2.499768018722534,0.11549975976347923,1.0,0.0,0.9881250000000003,0.11549975976347923,1581.0,19.0,1600
4,1000,0.08418823778629303,2.5871353149414062,0.11703940272331237,1.0,0.0,0.9868750000000001,0.11703940272331237,1579.0,21.0,1600
4,1050,0.08009037375450134,2.624389886856079,0.10394316270947457,1.0,0.0,0.9906249999999998,0.10394316270947457,1585.0,15.0,1600
4,1100,0.08330399543046951,2.5654592514038086,0.10967690110206603,1.0,0.0,0.989375,0.10967690110206603,1583.0,17.0,1600
4,1150,0.0828649178147316,2.457184076309204,0.10957600876688951,1.0,0.0,0.9887499999999999,0.10957600876688951,1582.0,18.0,1600
4,1200,0.08373227715492249,2.3196938037872314,0.10189946860074994,1.0,0.0,0.991875,0.10189946860074994,1587.0,13.0,1600
4,1250,0.08057184517383575,2.587022304534912,0.1009367309510708,1.0,0.0,0.9918750000000001,0.1009367309510708,1587.0,13.0,1600
4,1300,0.08220034837722778,2.442485809326172,0.10285281524062156,1.0,0.0,0.9912499999999999,0.10285281524062156,1586.0,14.0,1600
4,1350,0.08553199470043182,2.3329763412475586,0.09957852363586425,1.0,0.0,0.9937499999999999,0.09957852363586425,1590.0,10.0,1600
4,1400,0.08273369818925858,2.48958420753479,0.10379363864660264,1.0,0.0,0.99125,0.10379363864660264,1586.0,14.0,1600
4,1450,0.07968320697546005,2.696333885192871,0.10257888585329054,1.0,0.0,0.9912499999999999,0.10257888585329054,1586.0,14.0,1600
4,1500,0.08047515898942947,2.4539716243743896,0.10272670537233348,1.0,0.0,0.990625,0.10272670537233348,1585.0,15.0,1600
4,1550,0.08208734542131424,2.547544240951538,0.11444643989205361,1.0,0.0,0.986875,0.11444643989205361,1579.0,21.0,1600
4,1563,0.07877826690673828,2.54073166847229,0.09728918706339999,1.0,0.0,0.9924812030075185,0.09728918706339999,396.0,3.0,399
5,50,0.08000766485929489,2.5816330909729004,0.11440500974655149,1.0,0.0,0.9862500000000002,0.11440500974655149,1578.0,22.0,1600
5,100,0.08063315600156784,2.3386969566345215,0.09756864294409753,1.0,0.0,0.9924999999999998,0.09756864294409753,1588.0,12.0,1600
5,150,0.08345521986484528,2.6041412353515625,0.10708664029836652,1.0,0.0,0.990625,0.10708664029836652,1585.0,15.0,1600
5,200,0.08210741728544235,2.453800916671753,0.1058243569731712,1.0,0.0,0.9899999999999999,0.1058243569731712,1584.0,16.0,1600
5,250,0.09688455611467361,2.6827423572540283,0.12597546264529225,0.9962074160575867,0.0,0.985,0.12597546264529225,1582.0,18.0,1600
5,300,0.09766154736280441,2.3616344928741455,0.12171626225113868,0.9968412518501282,0.0,0.9862500000000002,0.12171626225113868,1583.0,17.0,1600
5,350,0.0924624502658844,2.4327690601348877,0.11147744342684741,1.0,0.0,0.9918750000000001,0.11147744342684741,1587.0,13.0,1600
5,400,0.08777346462011337,2.576120376586914,0.1266538707911968,1.0,0.0,0.9843750000000001,0.1266538707911968,1575.0,25.0,1600
5,450,0.09263701736927032,2.3634696006774902,0.12528022408485406,1.0,0.0,0.9856249999999998,0.12528022408485406,1577.0,23.0,1600
5,500,0.08387896418571472,2.5101239681243896,0.10359219178557394,1.0,0.0,0.9918749999999998,0.10359219178557394,1587.0,13.0,1600
5,550,0.08042115718126297,2.6629607677459717,0.0965620350837707,1.0,0.0,0.99375,0.0965620350837707,1590.0,10.0,1600
5,600,0.07977069169282913,2.556382417678833,0.09989315971732139,1.0,0.0,0.991875,0.09989315971732139,1587.0,13.0,1600
5,650,0.08102120459079742,2.5217816829681396,0.10390334516763684,1.0,0.0,0.990625,0.10390334516763684,1585.0,15.0,1600
5,700,0.07819833606481552,2.5742740631103516,0.10003899827599523,1.0,0.0,0.99125,0.10003899827599523,1586.0,14.0,1600
5,750,0.07694250345230103,2.609121084213257,0.09118600636720653,1.0,0.0,0.994375,0.09118600636720653,1591.0,9.0,1600
5,800,0.07864706218242645,2.701904058456421,0.09832150712609296,1.0,0.0,0.9925,0.09832150712609296,1588.0,12.0,1600
5,850,0.08022443950176239,2.55145263671875,0.10493674010038377,1.0,0.0,0.9900000000000001,0.10493674010038377,1584.0,16.0,1600
5,900,0.0800076425075531,2.551677703857422,0.10781394585967065,1.0,0.0,0.9887499999999998,0.10781394585967065,1582.0,18.0,1600
5,950,0.07894809544086456,2.5106451511383057,0.106304672062397,1.0,0.0,0.9887500000000001,0.106304672062397,1582.0,18.0,1600
5,1000,0.08594677597284317,2.4582839012145996,0.10522201716899875,1.0,0.0,0.9918750000000001,0.10522201716899875,1587.0,13.0,1600
5,1050,0.07904630899429321,2.468496799468994,0.10592762708663943,1.0,0.0,0.98875,0.10592762708663943,1582.0,18.0,1600
5,1100,0.08165054023265839,2.747490882873535,0.10830894693732261,1.0,0.0,0.9900000000000002,0.10830894693732261,1584.0,16.0,1600
5,1150,0.08128416538238525,2.437279462814331,0.11367908686399453,1.0,0.0,0.9862500000000002,0.11367908686399453,1578.0,22.0,1600
5,1200,0.0832780972123146,2.637538194656372,0.1199955628812313,1.0,0.0,0.985625,0.1199955628812313,1577.0,23.0,1600
5,1250,0.08706271648406982,2.567781925201416,0.10721856325864793,1.0,0.0,0.991875,0.10721856325864793,1587.0,13.0,1600
5,1300,0.08420290052890778,2.4763448238372803,0.11410468518733977,1.0,0.0,0.9875000000000002,0.11410468518733977,1580.0,20.0,1600
5,1350,0.08398047834634781,2.5437958240509033,0.10857864126563072,1.0,0.0,0.99,0.10857864126563072,1584.0,16.0,1600
5,1400,0.080019511282444,2.4561827182769775,0.10378111466765404,1.0,0.0,0.99,0.10378111466765404,1584.0,16.0,1600
5,1450,0.07974623888731003,2.6510016918182373,0.09260251402854916,1.0,0.0,0.995,0.09260251402854916,1592.0,8.0,1600
5,1500,0.07906334102153778,2.670966625213623,0.10012256592512128,1.0,0.0,0.991875,0.10012256592512128,1587.0,13.0,1600
5,1550,0.08131127059459686,2.7123477458953857,0.09939965337514872,1.0,0.0,0.9931249999999999,0.09939965337514872,1589.0,11.0,1600
5,1563,0.07624970376491547,2.696181058883667,0.12221340020945792,1.0,0.0,0.9824561403508769,0.12221340020945792,392.0,7.0,399
6,50,0.0777154266834259,2.5782017707824707,0.09803187742829321,1.0,0.0,0.9918749999999998,0.09803187742829321,1587.0,13.0,1600
6,100,0.07942932099103928,2.7955856323242188,0.09470771238207815,1.0,0.0,0.9943749999999998,0.09470771238207815,1591.0,9.0,1600
6,150,0.0774250328540802,2.648333787918091,0.1031341415643692,1.0,0.0,0.9899999999999998,0.1031341415643692,1584.0,16.0,1600
6,200,0.08492308109998703,2.5527241230010986,0.10651634752750395,1.0,0.0,0.9912499999999999,0.10651634752750395,1586.0,14.0,1600
6,250,0.07772257179021835,2.743955373764038,0.09438652798533435,1.0,0.0,0.9937499999999998,0.09438652798533435,1590.0,10.0,1600
6,300,0.0809054896235466,2.536013126373291,0.10238769814372063,1.0,0.0,0.9912499999999997,0.10238769814372063,1586.0,14.0,1600
6,350,0.08049920946359634,2.506592273712158,0.11234169602394102,1.0,0.0,0.9868750000000004,0.11234169602394102,1579.0,21.0,1600
6,400,0.08420243114233017,2.529529571533203,0.10712738409638406,1.0,0.0,0.9906249999999999,0.10712738409638406,1585.0,15.0,1600
6,450,0.07958938181400299,2.4947094917297363,0.10525003701448439,1.0,0.0,0.9893749999999998,0.10525003701448439,1583.0,17.0,1600
6,500,0.07832878828048706,2.529872179031372,0.10897308185696598,1.0,0.0,0.9875,0.10897308185696598,1580.0,20.0,1600
6,550,0.08100306242704391,2.614335536956787,0.11425306662917135,1.0,0.0,0.9868750000000001,0.11425306662917135,1579.0,21.0,1600
6,600,0.08247467130422592,2.5911011695861816,0.10599306508898731,1.0,0.0,0.9906249999999998,0.10599306508898731,1585.0,15.0,1600
6,650,0.0806673988699913,2.4936394691467285,0.10178088992834092,1.0,0.0,0.99125,0.10178088992834092,1586.0,14.0,1600
6,700,0.08022711426019669,2.6367998123168945,0.10898855373263358,1.0,0.0,0.9887499999999999,0.10898855373263358,1582.0,18.0,1600
6,750,0.0912335067987442,2.371567487716675,0.12116288587450977,0.9968334436416626,0.0,0.9837500000000001,0.12116288587450977,1579.0,21.0,1600
6,800,0.0835595577955246,2.3312928676605225,0.10322722092270852,1.0,0.0,0.9912499999999999,0.10322722092270852,1586.0,14.0,1600
6,850,0.0823192223906517,2.4757254123687744,0.10026977881789208,1.0,0.0,0.9925,0.10026977881789208,1588.0,12.0,1600
6,900,0.07969207316637039,2.594714403152466,0.10798606365919113,1.0,0.0,0.9887499999999998,0.10798606365919113,1582.0,18.0,1600
6,950,0.08012153953313828,2.4336326122283936,0.09630194664001465,1.0,0.0,0.9931249999999998,0.09630194664001465,1589.0,11.0,1600
6,1000,0.08425465226173401,2.6303584575653076,0.10971569418907165,1.0,0.0,0.9900000000000001,0.10971569418907165,1584.0,16.0,1600
6,1050,0.07762867957353592,2.5126760005950928,0.10350106388330457,1.0,0.0,0.989375,0.10350106388330457,1583.0,17.0,1600
6,1100,0.08048658818006516,2.5860085487365723,0.10554181605577471,1.0,0.0,0.9899999999999998,0.10554181605577471,1584.0,16.0,1600
6,1150,0.08181603997945786,2.526309013366699,0.10778874367475505,1.0,0.0,0.989375,0.10778874367475505,1583.0,17.0,1600
6,1200,0.08041472733020782,2.499560594558716,0.10309421613812447,1.0,0.0,0.9906250000000001,0.10309421613812447,1585.0,15.0,1600
6,1250,0.08115138858556747,2.5769741535186768,0.0920706459879875,1.0,0.0,0.9956249999999999,0.0920706459879875,1593.0,7.0,1600
6,1300,0.08184835314750671,2.6569321155548096,0.11725575804710389,1.0,0.0,0.9862500000000001,0.11725575804710389,1578.0,22.0,1600
6,1350,0.08440956473350525,2.5503296852111816,0.11677476167678832,1.0,0.0,0.9868750000000002,0.11677476167678832,1579.0,21.0,1600
6,1400,0.08143434673547745,2.6328375339508057,0.10535374134778974,1.0,0.0,0.9906249999999999,0.10535374134778974,1585.0,15.0,1600
6,1450,0.08517224341630936,2.6014790534973145,0.10404455721378324,1.0,0.0,0.9924999999999999,0.10404455721378324,1588.0,12.0,1600
6,1500,0.0805412083864212,2.679697036743164,0.10653277158737179,1.0,0.0,0.99,0.10653277158737179,1584.0,16.0,1600
6,1550,0.0784873440861702,2.5239691734313965,0.1090558701753616,1.0,0.0,0.9875,0.1090558701753616,1580.0,20.0,1600
6,1563,0.08673004060983658,2.554551362991333,0.13621015971839276,1.0,0.0,0.9799498746867168,0.13621015971839276,391.0,8.0,399
7,50,0.08519361168146133,2.5592215061187744,0.10220253959298133,1.0,0.0,0.9931249999999997,0.10220253959298133,1589.0,11.0,1600
7,100,0.07826106250286102,2.55521297454834,0.09838629275560377,1.0,0.0,0.9918750000000001,0.09838629275560377,1587.0,13.0,1600
7,150,0.07855013012886047,2.546689510345459,0.1047741217911243,1.0,0.0,0.9893750000000001,0.1047741217911243,1583.0,17.0,1600
7,200,0.08121020346879959,2.622821569442749,0.10503778502345089,1.0,0.0,0.9906249999999999,0.10503778502345089,1585.0,15.0,1600
7,250,0.08135123550891876,2.4588658809661865,0.108098269701004,1.0,0.0,0.9887500000000001,0.108098269701004,1582.0,18.0,1600
7,300,0.07786770164966583,2.6685678958892822,0.09567877843976022,1.0,0.0,0.9931249999999999,0.09567877843976022,1589.0,11.0,1600
7,350,0.0808434709906578,2.6408579349517822,0.10004360333085058,1.0,0.0,0.9924999999999996,0.10004360333085058,1588.0,12.0,1600
7,400,0.08433549106121063,2.7189879417419434,0.10244873434305189,1.0,0.0,0.9931249999999999,0.10244873434305189,1589.0,11.0,1600
7,450,0.10571451485157013,2.3703513145446777,0.13402248293161387,0.9898735880851746,0.05000000074505806,0.978125,0.13402248293161387,1580.0,20.0,1600
7,500,0.08233754336833954,2.7150118350982666,0.10537345111370086,1.0,0.0,0.9912499999999999,0.10537345111370086,1586.0,14.0,1600
7,550,0.08594037592411041,2.36859130859375,0.10734023973345756,1.0,0.0,0.9906249999999998,0.10734023973345756,1585.0,15.0,1600
7,600,0.07867290079593658,2.6395487785339355,0.1026811274886131,1.0,0.0,0.9906249999999998,0.1026811274886131,1585.0,15.0,1600
7,650,0.08193746954202652,2.6884350776672363,0.09822809487581251,1.0,0.0,0.99375,0.09822809487581251,1590.0,10.0,1600
7,700,0.08188556879758835,2.636582374572754,0.10743252366781235,1.0,0.0,0.9900000000000001,0.10743252366781235,1584.0,16.0,1600
7,750,0.07894352823495865,2.555271625518799,0.10680221870541567,1.0,0.0,0.9887499999999999,0.10680221870541567,1582.0,18.0,1600
7,800,0.08220899105072021,2.3907089233398438,0.10673682168126106,1.0,0.0,0.9893749999999998,0.10673682168126106,1583.0,17.0,1600
7,850,0.07731033116579056,2.6246440410614014,0.10437574446201321,1.0,0.0,0.9893750000000001,0.10437574446201321,1583.0,17.0,1600
7,900,0.0769835114479065,2.4882683753967285,0.10260339990258212,1.0,0.0,0.9893749999999996,0.10260339990258212,1583.0,17.0,1600
7,950,0.08089056611061096,2.5375518798828125,0.1146696728467941,1.0,0.0,0.98625,0.1146696728467941,1578.0,22.0,1600
7,1000,0.0800347700715065,2.543541669845581,0.10313015297055245,1.0,0.0,0.9906250000000001,0.10313015297055245,1585.0,15.0,1600
7,1050,0.07888001203536987,2.500298261642456,0.10763438418507575,1.0,0.0,0.9881250000000001,0.10763438418507575,1581.0,19.0,1600
7,1100,0.08312446624040604,2.6960904598236084,0.11252032011747355,1.0,0.0,0.9887499999999999,0.11252032011747355,1582.0,18.0,1600
7,1150,0.07982226461172104,2.5980818271636963,0.10972659528255464,1.0,0.0,0.988125,0.10972659528255464,1581.0,19.0,1600
7,1200,0.08857175707817078,2.3273158073425293,0.10536233589053157,1.0,0.0,0.9924999999999999,0.10536233589053157,1588.0,12.0,1600
7,1250,0.08072136342525482,2.5088486671447754,0.10348506569862363,1.0,0.0,0.9906249999999999,0.10348506569862363,1585.0,15.0,1600
7,1300,0.07816214114427567,2.5742170810699463,0.10156266167759895,1.0,0.0,0.990625,0.10156266167759895,1585.0,15.0,1600
7,1350,0.08027397841215134,2.525009870529175,0.10930520549416539,1.0,0.0,0.988125,0.10930520549416539,1581.0,19.0,1600
7,1400,0.07808876782655716,2.5237743854522705,0.10560273095965385,1.0,0.0,0.9887499999999999,0.10560273095965385,1582.0,18.0,1600
7,1450,0.08289998024702072,2.5120599269866943,0.10567336186766622,1.0,0.0,0.9906250000000001,0.10567336186766622,1585.0,15.0,1600
7,1500,0.08068206161260605,2.552220582962036,0.10694217085838315,1.0,0.0,0.9893749999999998,0.10694217085838315,1583.0,17.0,1600
7,1550,0.0797514095902443,2.5112996101379395,0.10862605854868884,1.0,0.0,0.9881250000000001,0.10862605854868884,1581.0,19.0,1600
7,1563,0.08002615720033646,2.4589712619781494,0.10983749464116896,1.0,0.0,0.9874686716791976,0.10983749464116896,394.0,5.0,399
8,50,0.08071798086166382,2.547334671020508,0.10075923770666119,1.0,0.0,0.9918749999999998,0.10075923770666119,1587.0,13.0,1600
8,100,0.08090317994356155,2.5633761882781982,0.11038252964615819,1.0,0.0,0.9881249999999999,0.11038252964615819,1581.0,19.0,1600
8,150,0.08268509805202484,2.5570051670074463,0.09969604253768917,1.0,0.0,0.9931250000000001,0.09969604253768917,1589.0,11.0,1600
8,200,0.0805145725607872,2.5175678730010986,0.10793141365051268,1.0,0.0,0.9887499999999998,0.10793141365051268,1582.0,18.0,1600
8,250,0.07819132506847382,2.6054091453552246,0.10504300788044928,1.0,0.0,0.989375,0.10504300788044928,1583.0,17.0,1600
8,300,0.0829271450638771,2.4405174255371094,0.10797654718160628,1.0,0.0,0.989375,0.10797654718160628,1583.0,17.0,1600
8,350,0.08282811939716339,2.4184274673461914,0.11202313318848608,1.0,0.0,0.9874999999999998,0.11202313318848608,1580.0,20.0,1600
8,400,0.08271176367998123,2.3973701000213623,0.09862505540251729,1.0,0.0,0.9931249999999997,0.09862505540251729,1589.0,11.0,1600
8,450,0.08305595070123672,2.374159812927246,0.1002392131090164,1.0,0.0,0.9925,0.1002392131090164,1588.0,12.0,1600
8,500,0.07683096081018448,2.716388702392578,0.09662763297557826,1.0,0.0,0.9924999999999999,0.09662763297557826,1588.0,12.0,1600
8,550,0.08267337083816528,2.4709951877593994,0.11849817901849745,1.0,0.0,0.9850000000000001,0.11849817901849745,1576.0,24.0,1600
8,600,0.0798453763127327,2.437511682510376,0.09752789556980133,1.0,0.0,0.9924999999999997,0.09752789556980133,1588.0,12.0,1600
8,650,0.07871142029762268,2.4237420558929443,0.10509298995137213,1.0,0.0,0.9887499999999998,0.10509298995137213,1582.0,18.0,1600
8,700,0.07944722473621368,2.4706642627716064,0.0973813614249229,1.0,0.0,0.9924999999999997,0.0973813614249229,1588.0,12.0,1600
8,750,0.08076129108667374,2.70157527923584,0.11843551203608509,1.0,0.0,0.985625,0.11843551203608509,1577.0,23.0,1600
8,800,0.07756468653678894,2.5426437854766846,0.10375615417957303,1.0,0.0,0.9893749999999998,0.10375615417957303,1583.0,17.0,1600
8,850,0.08312725275754929,2.53615665435791,0.10765756964683527,1.0,0.0,0.9900000000000002,0.10765756964683527,1584.0,16.0,1600
8,900,0.0821065828204155,2.356842279434204,0.1005888174474239,1.0,0.0,0.9918749999999997,0.1005888174474239,1587.0,13.0,1600
8,950,0.07810384035110474,2.586331844329834,0.10788905605673786,1.0,0.0,0.9881250000000001,0.10788905605673786,1581.0,19.0,1600
8,1000,0.07978282123804092,2.4646575450897217,0.0961788274347782,1.0,0.0,0.9931249999999999,0.0961788274347782,1589.0,11.0,1600
8,1050,0.0808069184422493,2.4524691104888916,0.11193499699234961,1.0,0.0,0.986875,0.11193499699234961,1579.0,21.0,1600
8,1100,0.07903165370225906,2.535083532333374,0.10052212372422215,1.0,0.0,0.99125,0.10052212372422215,1586.0,14.0,1600
8,1150,0.08049096167087555,2.5408143997192383,0.10048109337687494,1.0,0.0,0.9918750000000002,0.10048109337687494,1587.0,13.0,1600
8,1200,0.08087395131587982,2.576631784439087,0.11519062519073485,1.0,0.0,0.9862499999999998,0.11519062519073485,1578.0,22.0,1600
8,1250,0.0802648589015007,2.5319015979766846,0.09865214258432384,1.0,0.0,0.9924999999999999,0.09865214258432384,1588.0,12.0,1600
8,1300,0.07924743741750717,2.6290431022644043,0.10952628433704373,1.0,0.0,0.988125,0.10952628433704373,1581.0,19.0,1600
8,1350,0.08035080134868622,2.5130319595336914,0.10771846234798428,1.0,0.0,0.9887499999999999,0.10771846234798428,1582.0,18.0,1600
8,1400,0.08098576217889786,2.6360340118408203,0.10813315063714977,1.0,0.0,0.9893749999999998,0.10813315063714977,1583.0,17.0,1600
8,1450,0.07835029065608978,2.4172167778015137,0.09150641694664949,1.0,0.0,0.9943749999999999,0.09150641694664949,1591.0,9.0,1600
8,1500,0.07703100144863129,2.483877420425415,0.11012511938810347,1.0,0.0,0.9862500000000002,0.11012511938810347,1578.0,22.0,1600
8,1550,0.0811154693365097,2.547086715698242,0.09806902736425403,1.0,0.0,0.993125,0.09806902736425403,1589.0,11.0,1600
8,1563,0.0864749550819397,2.5115137100219727,0.09863053202479703,1.0,0.0,0.9949874686716793,0.09863053202479703,397.0,2.0,399
9,50,0.0803862065076828,2.6032357215881348,0.10246114373207091,1.0,0.0,0.9912500000000001,0.10246114373207091,1586.0,14.0,1600
9,100,0.078087717294693,2.510425329208374,0.09785045355558392,1.0,0.0,0.9918749999999998,0.09785045355558392,1587.0,13.0,1600
9,150,0.07895728945732117,2.683093309402466,0.10662624537944795,1.0,0.0,0.9893749999999999,0.10662624537944795,1583.0,17.0,1600
9,200,0.07977721840143204,2.603355646133423,0.10659023761749267,1.0,0.0,0.989375,0.10659023761749267,1583.0,17.0,1600
9,250,0.08054564893245697,2.5253403186798096,0.10499360278248784,1.0,0.0,0.99,0.10499360278248784,1584.0,16.0,1600
9,300,0.07924894243478775,2.5866165161132812,0.10275550305843353,1.0,0.0,0.9906250000000001,0.10275550305843353,1585.0,15.0,1600
9,350,0.07741831243038177,2.6328227519989014,0.11095799162983892,1.0,0.0,0.9868750000000001,0.11095799162983892,1579.0,21.0,1600
9,400,0.0802277997136116,2.4386990070343018,0.10528656661510467,1.0,0.0,0.989375,0.10528656661510467,1583.0,17.0,1600
9,450,0.08151689916849136,2.659514904022217,0.10407438367605207,1.0,0.0,0.99125,0.10407438367605207,1586.0,14.0,1600
9,500,0.0774548128247261,2.5261595249176025,0.09735052511095998,1.0,0.0,0.9918749999999998,0.09735052511095998,1587.0,13.0,1600
9,550,0.08283115923404694,2.4187417030334473,0.10765022858977313,1.0,0.0,0.9893750000000001,0.10765022858977313,1583.0,17.0,1600
9,600,0.0794658213853836,2.608166217803955,0.10001152276992792,1.0,0.0,0.9918749999999996,0.10001152276992792,1587.0,13.0,1600
9,650,0.08047136664390564,2.6227595806121826,0.10430533140897749,1.0,0.0,0.9906249999999998,0.10430533140897749,1585.0,15.0,1600
9,700,0.08133665472269058,2.7549009323120117,0.09804643467068673,1.0,0.0,0.99375,0.09804643467068673,1590.0,10.0,1600
9,750,0.35244476795196533,1.594009518623352,0.3687403105199336,0.8359721302986145,0.2380952686071396,0.8281249999999996,0.3687403105199336,1579.0,21.0,1600
9,800,0.3533904254436493,1.1887528896331787,0.363310354053974,0.9873497486114502,0.05263157933950424,0.9762499999999995,0.363310354053974,1581.0,19.0,1600
9,850,0.18690672516822815,1.8386555910110474,0.20032718062400814,0.9987397193908691,0.0,0.9906249999999998,0.20032718062400814,1587.0,13.0,1600
9,900,0.1328391581773758,2.1359808444976807,0.15287054121494292,0.9993685483932495,0.0,0.989375,0.15287054121494292,1584.0,16.0,1600
9,950,0.10647977143526077,2.3428056240081787,0.14002465575933454,0.9993653893470764,0.0,0.9843750000000001,0.14002465575933454,1576.0,24.0,1600
9,1000,0.10193182528018951,2.3324882984161377,0.12981377869844435,0.9993671178817749,0.0,0.9868749999999998,0.12981377869844435,1580.0,20.0,1600
9,1050,0.08758369833230972,2.613166332244873,0.10494705840945243,1.0,0.0,0.9931250000000003,0.10494705840945243,1589.0,11.0,1600
9,1100,0.09075947850942612,2.4391536712646484,0.10984018862247466,1.0,0.0,0.9918749999999997,0.10984018862247466,1587.0,13.0,1600
9,1150,0.08478907495737076,2.5591628551483154,0.10489335432648661,1.0,0.0,0.9918749999999996,0.10489335432648661,1587.0,13.0,1600
9,1200,0.09228964895009995,2.715590238571167,0.12180180072784422,0.9981037974357605,0.0,0.986875,0.12180180072784422,1582.0,18.0,1600
9,1250,0.08199544996023178,2.629399299621582,0.11065372735261911,1.0,0.0,0.9887499999999999,0.11065372735261911,1582.0,18.0,1600
9,1300,0.07968403398990631,2.6001319885253906,0.1033132217824459,1.0,0.0,0.9906249999999999,0.1033132217824459,1585.0,15.0,1600
9,1350,0.08205096423625946,2.5612895488739014,0.11459096089005469,1.0,0.0,0.9868750000000001,0.11459096089005469,1579.0,21.0,1600
9,1400,0.08478771150112152,2.586064100265503,0.11449036002159114,1.0,0.0,0.988125,0.11449036002159114,1581.0,19.0,1600
9,1450,0.08621275424957275,2.5847840309143066,0.10182882621884343,1.0,0.0,0.9937499999999998,0.10182882621884343,1590.0,10.0,1600
9,1500,0.08283142745494843,2.5317742824554443,0.10119849815964697,1.0,0.0,0.9924999999999997,0.10119849815964697,1588.0,12.0,1600
9,1550,0.08625499904155731,2.6168720722198486,0.11156119287014002,1.0,0.0,0.9899999999999997,0.11156119287014002,1584.0,16.0,1600
9,1563,0.08144371956586838,2.4310882091522217,0.1049990649510147,1.0,0.0,0.9899749373433582,0.1049990649510147,395.0,4.0,399
